Dataseed	minfreq	base_freq	base_freq_min	base_freq_max	fbtype	exec_max_sample_rate	exec_ignore_low_sr_samples	use_training_form	exec_n_ver_n_task_use_aug_dataset_dir_preprocess	nbands	wintime_steptime_dataset_kwargs	use_full_mfcc	canonical_features	ontology	# insts (TRAIN)	# insts (TEST)	class_counts (TRAIN)	class_counts (TEST)	n_features	channel_size	T,(nothing, 2, 0.01, 0.4, false)train_accuracy	T,(nothing, 2, 0.01, 0.4, false)K	T,(nothing, 2, 0.01, 0.4, false)accuracy	T,(nothing, 2, 0.01, 0.4, false)macro_sensitivity	T,(nothing, 2, 0.01, 0.4, false)safe_macro_sensitivity	T,(nothing, 2, 0.01, 0.4, false)safe_macro_specificity	T,(nothing, 2, 0.01, 0.4, false)safe_macro_PPV	T,(nothing, 2, 0.01, 0.4, false)safe_macro_NPV	T,(nothing, 2, 0.01, 0.4, false)safe_macro_F1	T,(nothing, 2, 0.01, 0.4, false)n_nodes	T,(nothing, 2, 0.01, 0.4, false)n_leaves	T,(nothing, 2, 0.01, 0.4, false)height	T,(nothing, 2, 0.01, 0.4, false)modal_height	T,(nothing, 2, 0.01, 0.4, false)t	T,(nothing, 2, 0.01, 0.4, false)hash	T,(nothing, 2, 0.01, 0.5, false)train_accuracy	T,(nothing, 2, 0.01, 0.5, false)K	T,(nothing, 2, 0.01, 0.5, false)accuracy	T,(nothing, 2, 0.01, 0.5, false)macro_sensitivity	T,(nothing, 2, 0.01, 0.5, false)safe_macro_sensitivity	T,(nothing, 2, 0.01, 0.5, false)safe_macro_specificity	T,(nothing, 2, 0.01, 0.5, false)safe_macro_PPV	T,(nothing, 2, 0.01, 0.5, false)safe_macro_NPV	T,(nothing, 2, 0.01, 0.5, false)safe_macro_F1	T,(nothing, 2, 0.01, 0.5, false)n_nodes	T,(nothing, 2, 0.01, 0.5, false)n_leaves	T,(nothing, 2, 0.01, 0.5, false)height	T,(nothing, 2, 0.01, 0.5, false)modal_height	T,(nothing, 2, 0.01, 0.5, false)t	T,(nothing, 2, 0.01, 0.5, false)hash	T,(nothing, 2, 0.01, 0.6, false)train_accuracy	T,(nothing, 2, 0.01, 0.6, false)K	T,(nothing, 2, 0.01, 0.6, false)accuracy	T,(nothing, 2, 0.01, 0.6, false)macro_sensitivity	T,(nothing, 2, 0.01, 0.6, false)safe_macro_sensitivity	T,(nothing, 2, 0.01, 0.6, false)safe_macro_specificity	T,(nothing, 2, 0.01, 0.6, false)safe_macro_PPV	T,(nothing, 2, 0.01, 0.6, false)safe_macro_NPV	T,(nothing, 2, 0.01, 0.6, false)safe_macro_F1	T,(nothing, 2, 0.01, 0.6, false)n_nodes	T,(nothing, 2, 0.01, 0.6, false)n_leaves	T,(nothing, 2, 0.01, 0.6, false)height	T,(nothing, 2, 0.01, 0.6, false)modal_height	T,(nothing, 2, 0.01, 0.6, false)t	T,(nothing, 2, 0.01, 0.6, false)hash	T,(nothing, 4, 0.01, 0.4, false)train_accuracy	T,(nothing, 4, 0.01, 0.4, false)K	T,(nothing, 4, 0.01, 0.4, false)accuracy	T,(nothing, 4, 0.01, 0.4, false)macro_sensitivity	T,(nothing, 4, 0.01, 0.4, false)safe_macro_sensitivity	T,(nothing, 4, 0.01, 0.4, false)safe_macro_specificity	T,(nothing, 4, 0.01, 0.4, false)safe_macro_PPV	T,(nothing, 4, 0.01, 0.4, false)safe_macro_NPV	T,(nothing, 4, 0.01, 0.4, false)safe_macro_F1	T,(nothing, 4, 0.01, 0.4, false)n_nodes	T,(nothing, 4, 0.01, 0.4, false)n_leaves	T,(nothing, 4, 0.01, 0.4, false)height	T,(nothing, 4, 0.01, 0.4, false)modal_height	T,(nothing, 4, 0.01, 0.4, false)t	T,(nothing, 4, 0.01, 0.4, false)hash	T,(nothing, 4, 0.01, 0.5, false)train_accuracy	T,(nothing, 4, 0.01, 0.5, false)K	T,(nothing, 4, 0.01, 0.5, false)accuracy	T,(nothing, 4, 0.01, 0.5, false)macro_sensitivity	T,(nothing, 4, 0.01, 0.5, false)safe_macro_sensitivity	T,(nothing, 4, 0.01, 0.5, false)safe_macro_specificity	T,(nothing, 4, 0.01, 0.5, false)safe_macro_PPV	T,(nothing, 4, 0.01, 0.5, false)safe_macro_NPV	T,(nothing, 4, 0.01, 0.5, false)safe_macro_F1	T,(nothing, 4, 0.01, 0.5, false)n_nodes	T,(nothing, 4, 0.01, 0.5, false)n_leaves	T,(nothing, 4, 0.01, 0.5, false)height	T,(nothing, 4, 0.01, 0.5, false)modal_height	T,(nothing, 4, 0.01, 0.5, false)t	T,(nothing, 4, 0.01, 0.5, false)hash	T,(nothing, 4, 0.01, 0.6, false)train_accuracy	T,(nothing, 4, 0.01, 0.6, false)K	T,(nothing, 4, 0.01, 0.6, false)accuracy	T,(nothing, 4, 0.01, 0.6, false)macro_sensitivity	T,(nothing, 4, 0.01, 0.6, false)safe_macro_sensitivity	T,(nothing, 4, 0.01, 0.6, false)safe_macro_specificity	T,(nothing, 4, 0.01, 0.6, false)safe_macro_PPV	T,(nothing, 4, 0.01, 0.6, false)safe_macro_NPV	T,(nothing, 4, 0.01, 0.6, false)safe_macro_F1	T,(nothing, 4, 0.01, 0.6, false)n_nodes	T,(nothing, 4, 0.01, 0.6, false)n_leaves	T,(nothing, 4, 0.01, 0.6, false)height	T,(nothing, 4, 0.01, 0.6, false)modal_height	T,(nothing, 4, 0.01, 0.6, false)t	T,(nothing, 4, 0.01, 0.6, false)hash	RF,(half_f, 50, 0.7, identity, nothing, false)train_accuracy	RF,(half_f, 50, 0.7, identity, nothing, false)K	RF,(half_f, 50, 0.7, identity, nothing, false)accuracy	RF,(half_f, 50, 0.7, identity, nothing, false)macro_sensitivity	RF,(half_f, 50, 0.7, identity, nothing, false)safe_macro_sensitivity	RF,(half_f, 50, 0.7, identity, nothing, false)safe_macro_specificity	RF,(half_f, 50, 0.7, identity, nothing, false)safe_macro_PPV	RF,(half_f, 50, 0.7, identity, nothing, false)safe_macro_NPV	RF,(half_f, 50, 0.7, identity, nothing, false)safe_macro_F1	RF,(half_f, 50, 0.7, identity, nothing, false)oob_error	RF,(half_f, 50, 0.7, identity, nothing, false)n_trees	RF,(half_f, 50, 0.7, identity, nothing, false)n_nodes	RF,(half_f, 50, 0.7, identity, nothing, false)σ² train_accuracy	RF,(half_f, 50, 0.7, identity, nothing, false)σ² K	RF,(half_f, 50, 0.7, identity, nothing, false)σ² accuracy	RF,(half_f, 50, 0.7, identity, nothing, false)σ² macro_sensitivity	RF,(half_f, 50, 0.7, identity, nothing, false)σ² safe_macro_sensitivity	RF,(half_f, 50, 0.7, identity, nothing, false)σ² safe_macro_specificity	RF,(half_f, 50, 0.7, identity, nothing, false)σ² safe_macro_PPV	RF,(half_f, 50, 0.7, identity, nothing, false)σ² safe_macro_NPV	RF,(half_f, 50, 0.7, identity, nothing, false)σ² safe_macro_F1	RF,(half_f, 50, 0.7, identity, nothing, false)σ² oob_error	RF,(half_f, 50, 0.7, identity, nothing, false)σ² n_trees	RF,(half_f, 50, 0.7, identity, nothing, false)σ² n_nodes	RF,(half_f, 50, 0.7, identity, nothing, false)t	RF,(half_f, 50, 0.7, identity, nothing, false)hash	
1	20.0	autocor	200	700	semitone	16000	true	stump_with_memoization	("b",1,false,"KDD-norm-partitioned-v1-breath",["Normalize","RemSilence"])	30	((0.465,0.3),(max_points = 50,))	false	TestOp_80	IA	982	246	(491, 491)	(123, 123)	[60]	[(28,)]	98.47	39.84	69.92	69.92	69.92	69.92	69.92	69.92	69.92	199	100	15	11	142.509	173a0df97aa1a515ef8536bf0dfae2234f7ffdedc7679a738ddf40460f30aed0	98.47	39.84	69.92	69.92	69.92	69.92	69.92	69.92	69.92	199	100	15	11	43.944	173a0df97aa1a515ef8536bf0dfae2234f7ffdedc7679a738ddf40460f30aed0	98.47	39.84	69.92	69.92	69.92	69.92	69.92	69.92	69.92	199	100	15	11	44.457	173a0df97aa1a515ef8536bf0dfae2234f7ffdedc7679a738ddf40460f30aed0	96.13	51.22	75.61	75.61	74.8	76.42	76.03	75.2	75.41	175	88	14	11	43.52	1e65002bcc171848d5a07a33857bade6fcc2c64956a59efed8020ee5669a2cdf	96.13	51.22	75.61	75.61	74.8	76.42	76.03	75.2	75.41	175	88	14	11	43.69	1e65002bcc171848d5a07a33857bade6fcc2c64956a59efed8020ee5669a2cdf	96.13	51.22	75.61	75.61	74.8	76.42	76.03	75.2	75.41	175	88	14	11	43.676	1e65002bcc171848d5a07a33857bade6fcc2c64956a59efed8020ee5669a2cdf	99.69	59.19	79.59	79.59	75.28	83.9	82.41	77.26	78.67	21.98	5000.0	597400.0	0.0	0.0	0.0	0.0	0.02	0.02	0.01	0.01	0.0	0.01	0.0	130400.0	2352.66	("671e97d0049928b109ddb82ad11c44b2fd4ae80d1f1d29ca079c0920de001b69", "932114b1b433ad3058793339798b1eb29b7b23893427c219eef6314dc15b1eea", "3e9a627ea3560041ce262ce23d677c31b28870df1a111d20f358c9244d4bc43b", "d4dfc0d2518cac13f7cef75168ca21aa78f823970f6f9963441d22433e736163", "bd46431c3c6942d6e0fc3966aef410a2449e57d04236667d1a4cfa841b8a5fc3")	
2	20.0	autocor	200	700	semitone	16000	true	stump_with_memoization	("b",1,false,"KDD-norm-partitioned-v1-breath",["Normalize","RemSilence"])	30	((0.465,0.3),(max_points = 50,))	false	TestOp_80	IA	982	246	(491, 491)	(123, 123)	[60]	[(28,)]	97.15	47.15	73.58	73.58	73.17	73.98	73.77	73.39	73.47	201	101	13	11	51.559	bbef611cadae159afb182cc9f2e588f97e924b260ad4b49f6f080ff30d8b048d	97.15	47.15	73.58	73.58	73.17	73.98	73.77	73.39	73.47	201	101	13	11	34.725	bbef611cadae159afb182cc9f2e588f97e924b260ad4b49f6f080ff30d8b048d	97.15	47.15	73.58	73.58	73.17	73.98	73.77	73.39	73.47	201	101	13	11	34.142	bbef611cadae159afb182cc9f2e588f97e924b260ad4b49f6f080ff30d8b048d	95.21	45.53	72.76	72.76	72.36	73.17	72.95	72.58	72.65	179	90	12	11	33.767	cd150db6d6458789a1620f9913cacf0cf22dc46a97d4b25954ece2ba39928f65	95.21	45.53	72.76	72.76	72.36	73.17	72.95	72.58	72.65	179	90	12	11	33.967	cd150db6d6458789a1620f9913cacf0cf22dc46a97d4b25954ece2ba39928f65	95.21	45.53	72.76	72.76	72.36	73.17	72.95	72.58	72.65	179	90	12	11	33.876	cd150db6d6458789a1620f9913cacf0cf22dc46a97d4b25954ece2ba39928f65	99.49	55.77	77.89	77.89	77.24	78.54	78.32	77.52	77.75	21.93	5000.0	603480.0	0.0	0.07	0.02	0.02	0.0	0.1	0.05	0.0	0.01	0.0	0.0	111320.0	2384.593	("121daebeef5407f73f1ed5fc746f6abca239ececa5873097e8b1def64a55d0da", "1ed2b80d439cc1125e2891ebe132bd7b5308406024c82f8c40f974866e31efe9", "a34ba6cfcf6f07f6d6bcbc4a531a7be53f56f47acd0ae20a4f09713e1f9284b3", "8f835cd616029181fad7211bd543159343f8871c8d1a8ca45810b4277ed9200e", "21c1ac009b33375b7fccd1f03f67cabd8dad73234748f3d7807e9d879037bc55")	
3	20.0	autocor	200	700	semitone	16000	true	stump_with_memoization	("b",1,false,"KDD-norm-partitioned-v1-breath",["Normalize","RemSilence"])	30	((0.465,0.3),(max_points = 50,))	false	TestOp_80	IA	982	246	(491, 491)	(123, 123)	[60]	[(28,)]	98.37	42.28	71.14	71.14	66.67	75.61	73.21	69.4	69.79	193	97	20	16	50.573	3fe7bb52a0b2c53de069edc9e120bb9d41ae778157165a456e5bbebe4fc380d5	98.37	42.28	71.14	71.14	66.67	75.61	73.21	69.4	69.79	193	97	20	16	46.457	3fe7bb52a0b2c53de069edc9e120bb9d41ae778157165a456e5bbebe4fc380d5	98.37	42.28	71.14	71.14	66.67	75.61	73.21	69.4	69.79	193	97	20	16	44.49	3fe7bb52a0b2c53de069edc9e120bb9d41ae778157165a456e5bbebe4fc380d5	95.82	43.9	71.95	71.95	69.11	74.8	73.28	70.77	71.13	161	81	19	15	43.35	d5e5cba2ab5308ddaafb9137564d39febd60466be87ac07463a481f547a5c455	95.82	43.9	71.95	71.95	69.11	74.8	73.28	70.77	71.13	161	81	19	15	44.83	d5e5cba2ab5308ddaafb9137564d39febd60466be87ac07463a481f547a5c455	95.82	43.9	71.95	71.95	69.11	74.8	73.28	70.77	71.13	161	81	19	15	45.573	d5e5cba2ab5308ddaafb9137564d39febd60466be87ac07463a481f547a5c455	99.53	53.66	76.83	76.83	69.11	84.55	81.76	73.24	74.89	23.56	5000.0	614160.0	0.0	0.01	0.0	0.0	0.01	0.02	0.02	0.0	0.0	0.0	0.0	61480.0	1860.969	("bd24048564ac1cf8cfd17e7d0781ba38e4acc476ff84f42bf5bf6b4cb81b548a", "6063febbf2ace2f178babe9f6cba28839a63c1e1c301b30774dff59d1433e7c9", "7a0daa55774192071b922940f50918a33a57e004a1d4fd468a6a2d8aceaa7b86", "cbe8d0576ad7c821f5c6315dca71dc23922cc8a1ee7ce8d4b3279ba7bb1c7bfc", "af235ee0a1b7d3a4c5436bc1158d30b8a90dde056dc47fafe4e7f81e9fcee8ed")	
4	20.0	autocor	200	700	semitone	16000	true	stump_with_memoization	("b",1,false,"KDD-norm-partitioned-v1-breath",["Normalize","RemSilence"])	30	((0.465,0.3),(max_points = 50,))	false	TestOp_80	IA	982	246	(491, 491)	(123, 123)	[60]	[(28,)]	98.88	39.02	69.51	69.51	73.17	65.85	68.18	71.05	70.59	185	93	16	13	37.583	46836d87c7d9df4574c482ca3776e98d734fdb40081fae59e28494d868024398	98.88	39.02	69.51	69.51	73.17	65.85	68.18	71.05	70.59	185	93	16	13	35.483	46836d87c7d9df4574c482ca3776e98d734fdb40081fae59e28494d868024398	98.88	39.02	69.51	69.51	73.17	65.85	68.18	71.05	70.59	185	93	16	13	35.306	46836d87c7d9df4574c482ca3776e98d734fdb40081fae59e28494d868024398	96.74	43.9	71.95	71.95	74.8	69.11	70.77	73.28	72.73	167	84	16	13	34.774	5744304b1880629956561bcfa76945ecb34b951540274939dc87c38c40200871	96.74	43.9	71.95	71.95	74.8	69.11	70.77	73.28	72.73	167	84	16	13	35.181	5744304b1880629956561bcfa76945ecb34b951540274939dc87c38c40200871	96.74	43.9	71.95	71.95	74.8	69.11	70.77	73.28	72.73	167	84	16	13	35.166	5744304b1880629956561bcfa76945ecb34b951540274939dc87c38c40200871	99.69	63.09	81.54	81.54	79.19	83.9	83.11	80.13	81.1	22.77	5000.0	601680.0	0.0	0.11	0.03	0.03	0.04	0.03	0.03	0.03	0.03	0.0	0.0	704920.0	1611.644	("534e39ec4e43b3658b0a3e314804ae0c6c2fbd31cf567d75646ad4c29244542f", "7114dd59d5f328d6a90e4e37794b7f751402cf5af048e998da47b0f7024637eb", "7f200dc65ffa0b426d8d506ab85a338e5ca0c9fed2976c7e2ee61011e7fb8bcd", "55322ac77446864249dd23473e4ff0cdfbd717ce63c291321beca9537cc05366", "618896611b6cc8702aac6c54bdd1576dc2cca80ec4156de4304710404784cde6")	
5	20.0	autocor	200	700	semitone	16000	true	stump_with_memoization	("b",1,false,"KDD-norm-partitioned-v1-breath",["Normalize","RemSilence"])	30	((0.465,0.3),(max_points = 50,))	false	TestOp_80	IA	982	246	(491, 491)	(123, 123)	[60]	[(28,)]	98.37	39.84	69.92	69.92	65.85	73.98	71.68	68.42	68.64	189	95	17	12	87.106	3f4e3e173a9f57192b477d05f5fedaed5b5bf16f6c0a125c7c89e6a6fb32fb5b	98.37	39.84	69.92	69.92	65.85	73.98	71.68	68.42	68.64	189	95	17	12	57.396	3f4e3e173a9f57192b477d05f5fedaed5b5bf16f6c0a125c7c89e6a6fb32fb5b	98.37	39.84	69.92	69.92	65.85	73.98	71.68	68.42	68.64	189	95	17	12	56.657	3f4e3e173a9f57192b477d05f5fedaed5b5bf16f6c0a125c7c89e6a6fb32fb5b	96.44	37.4	68.7	68.7	65.04	72.36	70.18	67.42	67.51	175	88	17	12	55.837	347f166302a82f769aa38f029e60f39e7d91f00aaf1df565c63617771860a529	96.44	37.4	68.7	68.7	65.04	72.36	70.18	67.42	67.51	175	88	17	12	55.698	347f166302a82f769aa38f029e60f39e7d91f00aaf1df565c63617771860a529	96.44	37.4	68.7	68.7	65.04	72.36	70.18	67.42	67.51	175	88	17	12	55.904	347f166302a82f769aa38f029e60f39e7d91f00aaf1df565c63617771860a529	99.65	61.3	80.65	80.65	74.63	86.67	84.95	77.39	79.41	23.08	5000.0	601280.0	0.0	0.04	0.01	0.01	0.05	0.09	0.07	0.01	0.01	0.01	0.0	210520.0	1703.59	("15d3c1644f3ce8af6e7ba52e723b275d30c03c599688106647defbaa59f675a8", "ed415fca56d130ad9987e49b4a59ca92eee87e8dc69d21f58056f1d43dc5cb68", "d8f4ec8e1b41152c9dfe30b5ee01622b9d090ed7e4821277225299caee2c0104", "813339c0bbf00d77bac7cc0fcb54d2bc6ad0010ab6c513d270f1c50d7ae01efc", "8d503d2b1205228a4120e2cb7e682fe581976492b65b6874b86d40985f45d6ff")	
6	20.0	autocor	200	700	semitone	16000	true	stump_with_memoization	("b",1,false,"KDD-norm-partitioned-v1-breath",["Normalize","RemSilence"])	30	((0.465,0.3),(max_points = 50,))	false	TestOp_80	IA	982	246	(491, 491)	(123, 123)	[60]	[(28,)]	98.27	39.02	69.51	69.51	66.67	72.36	70.69	68.46	68.62	179	90	15	9	57.805	6d2527ca4d4a3577cb7ad1d4ce508da429a4f05b286ffc31b31e2c87c57602e6	98.27	39.02	69.51	69.51	66.67	72.36	70.69	68.46	68.62	179	90	15	9	56.464	6d2527ca4d4a3577cb7ad1d4ce508da429a4f05b286ffc31b31e2c87c57602e6	98.27	39.02	69.51	69.51	66.67	72.36	70.69	68.46	68.62	179	90	15	9	56.585	6d2527ca4d4a3577cb7ad1d4ce508da429a4f05b286ffc31b31e2c87c57602e6	95.72	37.4	68.7	68.7	69.92	67.48	68.25	69.17	69.08	163	82	15	10	55.48	7a0a75aec3720dc0f11eeb4fd004b775ee4e7a54507731dcf1d9718803d3ca3f	95.72	37.4	68.7	68.7	69.92	67.48	68.25	69.17	69.08	163	82	15	10	55.783	7a0a75aec3720dc0f11eeb4fd004b775ee4e7a54507731dcf1d9718803d3ca3f	95.72	37.4	68.7	68.7	69.92	67.48	68.25	69.17	69.08	163	82	15	10	55.889	7a0a75aec3720dc0f11eeb4fd004b775ee4e7a54507731dcf1d9718803d3ca3f	99.78	56.91	78.46	78.46	73.66	83.25	81.49	76.0	77.36	22.67	5000.0	602240.0	0.0	0.16	0.04	0.04	0.09	0.05	0.05	0.05	0.05	0.0	0.0	154680.0	1724.809	("97f975ad43e155ecc89649c2648d1a03fa448c27163e0a35f18d561708e10bfc", "58bbf78d37ed0c2d591538106fb5b9cd825ca781cddb638b37c3772599f91457", "0277fb8e2a87f24919cfc2243f1a6d87706a59dcec925c9993f7d4c96ce26540", "17fb052a596fc2081a0e530813eabbe70c4dd58a31b2a99f5b7a694bc8432c83", "442504bc1daca5699596b5ad2fbc45c0d198f95384d6a714f07101b9ab81ca8f")	
7	20.0	autocor	200	700	semitone	16000	true	stump_with_memoization	("b",1,false,"KDD-norm-partitioned-v1-breath",["Normalize","RemSilence"])	30	((0.465,0.3),(max_points = 50,))	false	TestOp_80	IA	982	246	(491, 491)	(123, 123)	[60]	[(28,)]	98.78	38.21	69.11	69.11	70.73	67.48	68.5	69.75	69.6	183	92	13	12	38.762	b723f261e9b5e5931fd5701d8d255454771b76843db368f652b9b2c2a268c5a6	98.78	38.21	69.11	69.11	70.73	67.48	68.5	69.75	69.6	183	92	13	12	37.172	b723f261e9b5e5931fd5701d8d255454771b76843db368f652b9b2c2a268c5a6	98.78	38.21	69.11	69.11	70.73	67.48	68.5	69.75	69.6	183	92	13	12	37.258	b723f261e9b5e5931fd5701d8d255454771b76843db368f652b9b2c2a268c5a6	96.44	43.9	71.95	71.95	73.17	70.73	71.43	72.5	72.29	169	85	13	12	37.242	804aeb7840ada5bb406de9d1fb3631ff43ce52512b90047590e85c4c3ced57a1	96.44	43.9	71.95	71.95	73.17	70.73	71.43	72.5	72.29	169	85	13	12	37.242	804aeb7840ada5bb406de9d1fb3631ff43ce52512b90047590e85c4c3ced57a1	96.44	43.9	71.95	71.95	73.17	70.73	71.43	72.5	72.29	169	85	13	12	37.249	804aeb7840ada5bb406de9d1fb3631ff43ce52512b90047590e85c4c3ced57a1	99.53	64.07	82.03	82.03	75.93	88.13	86.46	78.58	80.85	24.03	5000.0	615600.0	0.0	0.22	0.05	0.05	0.1	0.03	0.04	0.06	0.07	0.02	0.0	200600.0	1565.923	("e5d4b7cd540867c32765d934754e0a938d7bda76d4d1016dfef661b13e73b66f", "9fd167ca3407e9ea4528bad915d494562ff05c35aa7d46d436c57fa47a722fc0", "4d02b5f627df4b2ef5f000947db7ae0c2ec41a86d9a115e467562dd9c6b93c64", "7a777a8e41e3c83dc661ace239334e22fe03b65addf5fb29e59cc187611df8ae", "383a16fa8c20a1da3522ffeb8d0488f15e2666254518cb4d81e3d6230b70932f")	
8	20.0	autocor	200	700	semitone	16000	true	stump_with_memoization	("b",1,false,"KDD-norm-partitioned-v1-breath",["Normalize","RemSilence"])	30	((0.465,0.3),(max_points = 50,))	false	TestOp_80	IA	982	246	(491, 491)	(123, 123)	[60]	[(28,)]	98.88	38.21	69.11	69.11	66.67	71.54	70.09	68.22	68.33	193	97	14	12	57.505	c3f7cc0fe50058a410bf4d4303bf57aefc72cd7f1058749c6ef3da3e2842be84	98.88	38.21	69.11	69.11	66.67	71.54	70.09	68.22	68.33	193	97	14	12	56.374	c3f7cc0fe50058a410bf4d4303bf57aefc72cd7f1058749c6ef3da3e2842be84	98.88	38.21	69.11	69.11	66.67	71.54	70.09	68.22	68.33	193	97	14	12	56.823	c3f7cc0fe50058a410bf4d4303bf57aefc72cd7f1058749c6ef3da3e2842be84	96.03	41.46	70.73	70.73	65.85	75.61	72.97	68.89	69.23	165	83	14	12	55.974	d1a8d2f9ff3ee8a2bc36a6d1089a6565c5d4ae083c8501d5e0f68165d9bbb390	96.03	41.46	70.73	70.73	65.85	75.61	72.97	68.89	69.23	165	83	14	12	55.614	d1a8d2f9ff3ee8a2bc36a6d1089a6565c5d4ae083c8501d5e0f68165d9bbb390	96.03	41.46	70.73	70.73	65.85	75.61	72.97	68.89	69.23	165	83	14	12	55.603	d1a8d2f9ff3ee8a2bc36a6d1089a6565c5d4ae083c8501d5e0f68165d9bbb390	99.47	64.88	82.44	82.44	79.51	85.37	84.5	80.65	81.91	23.16	5000.0	615480.0	0.0	0.14	0.04	0.04	0.04	0.08	0.07	0.03	0.04	0.01	0.0	150520.0	1688.951	("c5719a219e3d0962c71e07bb994c1272a35c027c3bb2d64782608d38df28ab7b", "c99a3f47da26abf7218f016c2a0c7e1cf688fcc282ebb5e002cf4f76db595d3a", "ec3806350e826e803a1a25548940458e1a23a17bef183c6047f98c7262512976", "978971c196f1e88fa9964cf0d3b5ca471fbff32dfc325a81f090b9c86249e991", "7854e3e10cc877ea8d6fedb6c757abd1fc9979f4ec2826a8d0b446176d91e353")	
9	20.0	autocor	200	700	semitone	16000	true	stump_with_memoization	("b",1,false,"KDD-norm-partitioned-v1-breath",["Normalize","RemSilence"])	30	((0.465,0.3),(max_points = 50,))	false	TestOp_80	IA	982	246	(491, 491)	(123, 123)	[60]	[(28,)]	97.96	31.71	65.85	65.85	61.79	69.92	67.26	64.66	64.41	193	97	13	10	47.961	c2d2fecf70386587169a21fe48cec593454a090b29bd74aad68093d8fa9b20a1	97.96	31.71	65.85	65.85	61.79	69.92	67.26	64.66	64.41	193	97	13	10	46.587	c2d2fecf70386587169a21fe48cec593454a090b29bd74aad68093d8fa9b20a1	97.96	31.71	65.85	65.85	61.79	69.92	67.26	64.66	64.41	193	97	13	10	46.581	c2d2fecf70386587169a21fe48cec593454a090b29bd74aad68093d8fa9b20a1	95.42	30.08	65.04	65.04	60.98	69.11	66.37	63.91	63.56	167	84	13	9	45.853	6de28dfcea77c60344b6a575a711cda9af861cef25c15f227cf2d3bbd099ce86	95.42	30.08	65.04	65.04	60.98	69.11	66.37	63.91	63.56	167	84	13	9	45.097	6de28dfcea77c60344b6a575a711cda9af861cef25c15f227cf2d3bbd099ce86	95.42	30.08	65.04	65.04	60.98	69.11	66.37	63.91	63.56	167	84	13	9	45.394	6de28dfcea77c60344b6a575a711cda9af861cef25c15f227cf2d3bbd099ce86	99.55	53.33	76.67	76.67	73.66	79.67	78.43	75.18	75.94	21.79	5000.0	600520.0	0.0	0.03	0.01	0.01	0.04	0.07	0.03	0.01	0.01	0.0	0.0	140920.0	2299.623	("e4a2d9c561cf0ba7b1371ec0715540b5f4f7f2cf1c938c652f0c43655ac74ae4", "0d3f38643d2d345b812822b9a1dc1bdd3602a49aa12cf66fe781a6b5a23a54d1", "1223ea10382629d35c9814004fb211fc711834da89636bf9b2f464051a4abae8", "b408c81a7b0a92dab21adc0f0991ca2302d5565331150910543bc93673183835", "d38210c55b5665dfddbfa94d4d4f1e382c9e08715a6bad7bf3140daa773b0f3c")	
10	20.0	autocor	200	700	semitone	16000	true	stump_with_memoization	("b",1,false,"KDD-norm-partitioned-v1-breath",["Normalize","RemSilence"])	30	((0.465,0.3),(max_points = 50,))	false	TestOp_80	IA	982	246	(491, 491)	(123, 123)	[60]	[(28,)]	98.47	35.77	67.89	67.89	65.04	70.73	68.97	66.92	66.95	183	92	19	15	56.489	2f8422ada58efa4d840e348f13cf20bb2608adb6dd6069362cea016ced41a3bb	98.47	35.77	67.89	67.89	65.04	70.73	68.97	66.92	66.95	183	92	19	15	54.699	2f8422ada58efa4d840e348f13cf20bb2608adb6dd6069362cea016ced41a3bb	98.47	35.77	67.89	67.89	65.04	70.73	68.97	66.92	66.95	183	92	19	15	53.977	2f8422ada58efa4d840e348f13cf20bb2608adb6dd6069362cea016ced41a3bb	96.23	30.89	65.45	65.45	60.98	69.92	66.96	64.18	63.83	167	84	18	15	53.648	35826e717db3df9884447a451d5e71037b020c007aa5f09f8bb532689e4e8b99	96.23	30.89	65.45	65.45	60.98	69.92	66.96	64.18	63.83	167	84	18	15	51.727	35826e717db3df9884447a451d5e71037b020c007aa5f09f8bb532689e4e8b99	96.23	30.89	65.45	65.45	60.98	69.92	66.96	64.18	63.83	167	84	18	15	53.978	35826e717db3df9884447a451d5e71037b020c007aa5f09f8bb532689e4e8b99	99.57	57.4	78.7	78.7	74.8	82.6	81.15	76.63	77.83	21.32	5000.0	596480.0	0.0	0.05	0.01	0.01	0.03	0.04	0.03	0.01	0.01	0.01	0.0	158920.0	2234.833	("63f2f86ee0247629b5ab954b1e7cf9328250f1f41c59da9ab92170e80f14814a", "e8a17a0b0639a09cdf0559cff57e40384c5043ba9399cfa85968203d715614e4", "8a88796a1acf6211eff9f6de740e94d117a96eb10128acf3480b08ddc2e221df", "48f060ad08d4835d814b56d143708c44d47ca8036474753e18a9caa54e5ab7cf", "fe1a9c1a0e69fa3a22ea0f3bdf225db268158f6e2974a1d7fb1d82257fddff7e")	
1	20.0	autocor	200	700	semitone	16000	true	stump_with_memoization	("b",2,true,"KDD-norm-partitioned-v1-breath",["Normalize","RemSilence"])	30	((0.465,0.3),(max_points = 50,))	false	TestOp_80	IA	326	82	(163, 163)	(41, 41)	[60]	[(16,)]	99.69	63.41	81.71	81.71	82.93	80.49	80.95	82.5	81.93	43	22	9	6	21.902	0625a33c9e6aa9a68c39f206e7cfe9a60958d18a1babaf0f26fcc85710571608	99.69	63.41	81.71	81.71	82.93	80.49	80.95	82.5	81.93	43	22	9	6	11.669	0625a33c9e6aa9a68c39f206e7cfe9a60958d18a1babaf0f26fcc85710571608	99.69	63.41	81.71	81.71	82.93	80.49	80.95	82.5	81.93	43	22	9	6	11.836	0625a33c9e6aa9a68c39f206e7cfe9a60958d18a1babaf0f26fcc85710571608	96.63	60.98	80.49	80.49	73.17	87.8	85.71	76.6	78.95	37	19	9	5	11.393	1f01ce68e47623cd64afea38ad42c3b38e3cde84162301429f3cda321037b3a9	96.63	60.98	80.49	80.49	73.17	87.8	85.71	76.6	78.95	37	19	9	5	11.49	1f01ce68e47623cd64afea38ad42c3b38e3cde84162301429f3cda321037b3a9	96.63	60.98	80.49	80.49	73.17	87.8	85.71	76.6	78.95	37	19	9	5	11.504	1f01ce68e47623cd64afea38ad42c3b38e3cde84162301429f3cda321037b3a9	99.57	60.98	80.49	80.49	70.73	90.24	88.09	75.59	78.34	13.5	5000.0	160240.0	0.0	0.03	0.01	0.01	0.15	0.12	0.1	0.03	0.02	0.01	0.0	190480.0	227.626	("14876da891d6a8908bd9d98d2d04cdedfcb12d8428ed1be04d2c889a1928b76c", "b3c3ee106f1a332e36bf8313eed41447358f5252d4686fbb790595852d13d5f7", "9d5a83427b80941e8a906b3caeaaf45217fe1bc89bda542550a5b9c9909e775f", "369c5d1c8271a1cc39cd6101414532715eaf39b4b03b4b29ae12963f62e5a39d", "84d0fe3a9045e1f61bf84175c72085f5234762f13e13d04a002a799b6a07c8a6")	
2	20.0	autocor	200	700	semitone	16000	true	stump_with_memoization	("b",2,true,"KDD-norm-partitioned-v1-breath",["Normalize","RemSilence"])	30	((0.465,0.3),(max_points = 50,))	false	TestOp_80	IA	326	82	(163, 163)	(41, 41)	[60]	[(16,)]	98.47	60.98	80.49	80.49	80.49	80.49	80.49	80.49	80.49	49	25	9	4	16.006	becdb4783eea89188617d0e9ec03cecfb3836f3611e2e603a7ed98ec25c3d2a0	98.47	60.98	80.49	80.49	80.49	80.49	80.49	80.49	80.49	49	25	9	4	10.092	becdb4783eea89188617d0e9ec03cecfb3836f3611e2e603a7ed98ec25c3d2a0	98.47	60.98	80.49	80.49	80.49	80.49	80.49	80.49	80.49	49	25	9	4	10.056	becdb4783eea89188617d0e9ec03cecfb3836f3611e2e603a7ed98ec25c3d2a0	96.63	63.41	81.71	81.71	85.37	78.05	79.55	84.21	82.35	41	21	8	4	10.083	b83d74c523ecce653210e7ad12c182cf37e0f577003034c903a1d7dee5cb812a	96.63	63.41	81.71	81.71	85.37	78.05	79.55	84.21	82.35	41	21	8	4	10.08	b83d74c523ecce653210e7ad12c182cf37e0f577003034c903a1d7dee5cb812a	96.63	63.41	81.71	81.71	85.37	78.05	79.55	84.21	82.35	41	21	8	4	10.222	b83d74c523ecce653210e7ad12c182cf37e0f577003034c903a1d7dee5cb812a	99.75	67.32	83.66	83.66	87.32	80.0	81.43	86.28	84.26	14.79	5000.0	168480.0	0.0	0.26	0.06	0.06	0.01	0.16	0.1	0.03	0.05	0.01	0.0	13120.0	232.271	("6028f80a68b243405c6049b65034bb5b9d7b4a082e0390eae0f6df8de1a3e2e1", "9e072b079a58edbce94bc7a9dc094e6f791f1587b7ac90651527bc1a7db00f37", "b50c484585845a39c3baa6d1791d555696fa8a6321c22df51663e064d04a4cd8", "f3e98e49204e9db7be1b9ec592ecf3101a3d841394c5b63590a989e77510d59a", "0840fb9c0395be10d3fbd00ec92a39bcf24846ce7bacd968ce19962072b9f30a")	
3	20.0	autocor	200	700	semitone	16000	true	stump_with_memoization	("b",2,true,"KDD-norm-partitioned-v1-breath",["Normalize","RemSilence"])	30	((0.465,0.3),(max_points = 50,))	false	TestOp_80	IA	326	82	(163, 163)	(41, 41)	[60]	[(16,)]	98.77	60.98	80.49	80.49	78.05	82.93	82.05	79.07	80.0	43	22	8	5	13.852	7354019de4f7cf371db89d0e41f1103332fec9852212777040ed3e60d85967e7	98.77	60.98	80.49	80.49	78.05	82.93	82.05	79.07	80.0	43	22	8	5	9.995	7354019de4f7cf371db89d0e41f1103332fec9852212777040ed3e60d85967e7	98.77	60.98	80.49	80.49	78.05	82.93	82.05	79.07	80.0	43	22	8	5	9.889	7354019de4f7cf371db89d0e41f1103332fec9852212777040ed3e60d85967e7	98.47	60.98	80.49	80.49	80.49	80.49	80.49	80.49	80.49	39	20	8	5	9.177	e8d17be7eac2a4fc8bea95d23acccd9168f0cf492a51901475be7e96df9cb393	98.47	60.98	80.49	80.49	80.49	80.49	80.49	80.49	80.49	39	20	8	5	9.119	e8d17be7eac2a4fc8bea95d23acccd9168f0cf492a51901475be7e96df9cb393	98.47	60.98	80.49	80.49	80.49	80.49	80.49	80.49	80.49	39	20	8	5	9.201	e8d17be7eac2a4fc8bea95d23acccd9168f0cf492a51901475be7e96df9cb393	99.63	66.83	83.41	83.41	86.83	80.0	81.33	85.91	83.96	13.07	5000.0	163640.0	0.0	0.17	0.04	0.04	0.08	0.1	0.06	0.06	0.04	0.0	0.0	44280.0	224.696	("41c5673f247c2e9cb8039a48d8270e081108594ccee06f539884ff8f6b57741b", "5152baeba3d20001a70e7ac3bb7bb1bbabc6ac3f015743729b44488932383319", "0235e8cb49685d57fd5976b412cc85fbdcb021bece8e2ec6508cf40a23253c62", "077ddd53107104dda9262fd8570a0b041232528e32f5719cb2474eb26b8094c1", "ef7914eb2c897e320a3fc696586da1dac51884d58267a22a00e323d1478477ca")	
4	20.0	autocor	200	700	semitone	16000	true	stump_with_memoization	("b",2,true,"KDD-norm-partitioned-v1-breath",["Normalize","RemSilence"])	30	((0.465,0.3),(max_points = 50,))	false	TestOp_80	IA	326	82	(163, 163)	(41, 41)	[60]	[(16,)]	99.08	68.29	84.15	84.15	73.17	95.12	93.75	78.0	82.19	49	25	8	7	13.618	64c5725106c57b14dbe5435be9e783d9f7500fbd47e1269c838dda3656c76dd9	99.08	68.29	84.15	84.15	73.17	95.12	93.75	78.0	82.19	49	25	8	7	11.699	64c5725106c57b14dbe5435be9e783d9f7500fbd47e1269c838dda3656c76dd9	99.08	68.29	84.15	84.15	73.17	95.12	93.75	78.0	82.19	49	25	8	7	11.844	64c5725106c57b14dbe5435be9e783d9f7500fbd47e1269c838dda3656c76dd9	96.63	60.98	80.49	80.49	68.29	92.68	90.32	74.51	77.78	43	22	7	7	11.719	1a31198507a98c7955f4b4f515e13333971607997079f28dd00907e8f10e45c2	96.63	60.98	80.49	80.49	68.29	92.68	90.32	74.51	77.78	43	22	7	7	11.697	1a31198507a98c7955f4b4f515e13333971607997079f28dd00907e8f10e45c2	96.63	60.98	80.49	80.49	68.29	92.68	90.32	74.51	77.78	43	22	7	7	11.893	1a31198507a98c7955f4b4f515e13333971607997079f28dd00907e8f10e45c2	99.45	77.07	88.54	88.54	80.98	96.1	95.46	83.59	87.55	14.66	5000.0	169120.0	0.0	0.23	0.06	0.06	0.22	0.05	0.05	0.11	0.08	0.02	0.0	115320.0	237.067	("17e41e41af778c0b28e478f9b8e10201979eb39445d45f7a1bf9276496b28667", "790ab2fc5f3d3942db77039d2248a9a475e01382f5db96152ba1bc1e4a5b3e53", "650fce25f5dbb8f66ceb8ff823bb052a7910531ca643fac899d1f4a59e0c263a", "e94620edefa032733e99d250db122d5e689e58b0952595cb9423a08281a6e5b4", "2a067b91151237c01d1b17f2f1eb26c34074e42b1a2135f8b54075fc60adc1d4")	
5	20.0	autocor	200	700	semitone	16000	true	stump_with_memoization	("b",2,true,"KDD-norm-partitioned-v1-breath",["Normalize","RemSilence"])	30	((0.465,0.3),(max_points = 50,))	false	TestOp_80	IA	326	82	(163, 163)	(41, 41)	[60]	[(16,)]	98.77	60.98	80.49	80.49	75.61	85.37	83.78	77.78	79.49	53	27	10	6	9.888	0685737c50e603a699c686c95b32f37f53ad1d601694b4881b414699f40a57d1	98.77	60.98	80.49	80.49	75.61	85.37	83.78	77.78	79.49	53	27	10	6	8.65	0685737c50e603a699c686c95b32f37f53ad1d601694b4881b414699f40a57d1	98.77	60.98	80.49	80.49	75.61	85.37	83.78	77.78	79.49	53	27	10	6	8.63	0685737c50e603a699c686c95b32f37f53ad1d601694b4881b414699f40a57d1	96.32	65.85	82.93	82.93	82.93	82.93	82.93	82.93	82.93	41	21	8	5	7.779	18bd7ab23c013ed05139b353a8fa7dbf98fc8b1122050aae44c8842321266d64	96.32	65.85	82.93	82.93	82.93	82.93	82.93	82.93	82.93	41	21	8	5	7.765	18bd7ab23c013ed05139b353a8fa7dbf98fc8b1122050aae44c8842321266d64	96.32	65.85	82.93	82.93	82.93	82.93	82.93	82.93	82.93	41	21	8	5	7.732	18bd7ab23c013ed05139b353a8fa7dbf98fc8b1122050aae44c8842321266d64	99.39	67.32	83.66	83.66	76.1	91.22	89.68	79.24	82.32	14.72	5000.0	165680.0	0.0	0.02	0.0	0.0	0.01	0.02	0.02	0.0	0.0	0.04	0.0	78920.0	230.364	("8d451aabc81330ea6b892ba0e8cda853aca20a152ad6e8dafad193ac84b901d9", "9292dc3387187be39258ad4d7d624dd8a5c7b7e50b13b0dd45988cc2ae8e2a2d", "4fd523df67146ec7b4b5eed89a85ec22b1100837b0ccc2136993392dfa3810ec", "b314545fdd0bcc9e06d02b0219d46419f78389c82bf7ae65a3709f174055198b", "857e852b974ec69ba94e0505e49887277a08376828664f717fef5cedfe7de0ec")	
6	20.0	autocor	200	700	semitone	16000	true	stump_with_memoization	("b",2,true,"KDD-norm-partitioned-v1-breath",["Normalize","RemSilence"])	30	((0.465,0.3),(max_points = 50,))	false	TestOp_80	IA	326	82	(163, 163)	(41, 41)	[60]	[(16,)]	98.16	51.22	75.61	75.61	63.41	87.8	83.87	70.59	72.22	45	23	8	6	13.928	2bf8064a6ecf3c209f7133256626e3f61b72c1d5bbe8584e401c298f962f4dd6	98.16	51.22	75.61	75.61	63.41	87.8	83.87	70.59	72.22	45	23	8	6	11.986	2bf8064a6ecf3c209f7133256626e3f61b72c1d5bbe8584e401c298f962f4dd6	98.16	51.22	75.61	75.61	63.41	87.8	83.87	70.59	72.22	45	23	8	6	11.949	2bf8064a6ecf3c209f7133256626e3f61b72c1d5bbe8584e401c298f962f4dd6	97.85	56.1	78.05	78.05	68.29	87.8	84.85	73.47	75.68	37	19	7	6	11.901	be77ab893f48e9e01e295638a4cf724e2dc50c06ee75af52a604aaebd9fd05d7	97.85	56.1	78.05	78.05	68.29	87.8	84.85	73.47	75.68	37	19	7	6	11.985	be77ab893f48e9e01e295638a4cf724e2dc50c06ee75af52a604aaebd9fd05d7	97.85	56.1	78.05	78.05	68.29	87.8	84.85	73.47	75.68	37	19	7	6	12.273	be77ab893f48e9e01e295638a4cf724e2dc50c06ee75af52a604aaebd9fd05d7	99.69	71.71	85.85	85.85	78.05	93.66	92.57	81.08	84.63	15.09	5000.0	173480.0	0.0	0.08	0.02	0.02	0.12	0.05	0.05	0.05	0.03	0.05	0.0	117120.0	246.139	("42261a9bbd7bb7d5e84df3fff66b603db1ef9718549eca1448c6bcde5c20fd74", "31f46138563a12df0a05dcd02ffda2aa701d71b507c6b85c4bdaa72ff236bf19", "15f5b0cc21d6f2cda267ef99d057d7a1cdda77978944c465d9a05eec9c6dc5ff", "125af3cd3b193c7a93dc9a3305d23aa0b224ecdeacf7d19d134a5af64101f3ea", "ed2a75a0fdcd0a140862f1c1f361d6ee66cffbdeb2545228fc40d98716fe062d")	
7	20.0	autocor	200	700	semitone	16000	true	stump_with_memoization	("b",2,true,"KDD-norm-partitioned-v1-breath",["Normalize","RemSilence"])	30	((0.465,0.3),(max_points = 50,))	false	TestOp_80	IA	326	82	(163, 163)	(41, 41)	[60]	[(16,)]	98.47	68.29	84.15	84.15	82.93	85.37	85.0	83.33	83.95	47	24	7	6	7.005	ea1c4c8ee2c7f18b23daa0eefc539cb947e350ffef1caba9da7c89864c2ee62b	98.47	68.29	84.15	84.15	82.93	85.37	85.0	83.33	83.95	47	24	7	6	6.226	ea1c4c8ee2c7f18b23daa0eefc539cb947e350ffef1caba9da7c89864c2ee62b	98.47	68.29	84.15	84.15	82.93	85.37	85.0	83.33	83.95	47	24	7	6	6.392	ea1c4c8ee2c7f18b23daa0eefc539cb947e350ffef1caba9da7c89864c2ee62b	96.63	63.41	81.71	81.71	82.93	80.49	80.95	82.5	81.93	43	22	7	5	6.366	07f7c34cfd3af5024ff87e416737c90bdb0c8612784154a1f2b8e3287f8bc3cb	96.63	63.41	81.71	81.71	82.93	80.49	80.95	82.5	81.93	43	22	7	5	6.395	07f7c34cfd3af5024ff87e416737c90bdb0c8612784154a1f2b8e3287f8bc3cb	96.63	63.41	81.71	81.71	82.93	80.49	80.95	82.5	81.93	43	22	7	5	6.457	07f7c34cfd3af5024ff87e416737c90bdb0c8612784154a1f2b8e3287f8bc3cb	99.45	74.15	87.07	87.07	89.27	84.88	85.54	88.96	87.31	15.03	5000.0	172160.0	0.0	0.2	0.05	0.05	0.23	0.04	0.03	0.18	0.06	0.01	0.0	79280.0	234.237	("a65c6785603c1ed3907172f392997406b903ad53e24fb7f814d234f373a723d8", "364f6e8da710de41e40824ee4135bf2ecb94976cd5ccf86590ed080c0d9fe1b4", "6921ec72baee53d9b4fe3690a827439e6ce11f7ab41e8b7d4304bbcf118ce651", "bf66500554a88cf05e62ff970c9fbce7a3fe7ba1abb139719a852df9ed9233f1", "58803d52148e46f6e9853b16fab450469db6cd549a77a659b4c827a19809ef62")	
8	20.0	autocor	200	700	semitone	16000	true	stump_with_memoization	("b",2,true,"KDD-norm-partitioned-v1-breath",["Normalize","RemSilence"])	30	((0.465,0.3),(max_points = 50,))	false	TestOp_80	IA	326	82	(163, 163)	(41, 41)	[60]	[(16,)]	99.08	60.98	80.49	80.49	80.49	80.49	80.49	80.49	80.49	47	24	9	6	8.77	5d590522f500eac6ec15aadace24594debcf6c3db8f503bb6144a24ad8248385	99.08	60.98	80.49	80.49	80.49	80.49	80.49	80.49	80.49	47	24	9	6	7.403	5d590522f500eac6ec15aadace24594debcf6c3db8f503bb6144a24ad8248385	99.08	60.98	80.49	80.49	80.49	80.49	80.49	80.49	80.49	47	24	9	6	7.349	5d590522f500eac6ec15aadace24594debcf6c3db8f503bb6144a24ad8248385	96.93	70.73	85.37	85.37	87.8	82.93	83.72	87.18	85.71	41	21	9	6	7.333	2cdef4640ffb52e4cb1ad22c1c2083b5e97b5e86b16318e5d0007b9fb06e7c39	96.93	70.73	85.37	85.37	87.8	82.93	83.72	87.18	85.71	41	21	9	6	7.383	2cdef4640ffb52e4cb1ad22c1c2083b5e97b5e86b16318e5d0007b9fb06e7c39	96.93	70.73	85.37	85.37	87.8	82.93	83.72	87.18	85.71	41	21	9	6	7.285	2cdef4640ffb52e4cb1ad22c1c2083b5e97b5e86b16318e5d0007b9fb06e7c39	99.69	60.49	80.24	80.24	69.27	91.22	88.78	74.82	77.8	12.76	5000.0	165040.0	0.0	0.16	0.04	0.04	0.08	0.05	0.07	0.04	0.06	0.02	0.0	93480.0	230.501	("bf4bbf7b5868df24077cf9f1e0a76ee5467b5ae05c25ec406a361ed38633b624", "cc1a39446f88df63a78d49eb8819fc9bc129f625a987814f0036fc3f87285cad", "3e85d5d9005607800f610c824bd260f365dbcef0f3cf165e76ac96b1f2e830f8", "ee679c131a6666b5a348d0d75e59834e307ebb282ad546813fd4d94d62ccca6f", "89434b237b88089a3bf69373aaf8e6b37e8e9062c6ae508ed933ecfc312c0266")	
9	20.0	autocor	200	700	semitone	16000	true	stump_with_memoization	("b",2,true,"KDD-norm-partitioned-v1-breath",["Normalize","RemSilence"])	30	((0.465,0.3),(max_points = 50,))	false	TestOp_80	IA	326	82	(163, 163)	(41, 41)	[60]	[(16,)]	98.77	46.34	73.17	73.17	65.85	80.49	77.14	70.21	71.05	47	24	9	5	9.332	4a4c314f2ff54f41239038708bc81221b560c771b5fda6c1464288ef2f2a5db7	98.77	46.34	73.17	73.17	65.85	80.49	77.14	70.21	71.05	47	24	9	5	8.332	4a4c314f2ff54f41239038708bc81221b560c771b5fda6c1464288ef2f2a5db7	98.77	46.34	73.17	73.17	65.85	80.49	77.14	70.21	71.05	47	24	9	5	8.407	4a4c314f2ff54f41239038708bc81221b560c771b5fda6c1464288ef2f2a5db7	96.93	46.34	73.17	73.17	65.85	80.49	77.14	70.21	71.05	41	21	8	5	8.37	b6e1ad2e7e1d3f5c93f2538362163eb49feb219fc2203e86f19be11288e486b6	96.93	46.34	73.17	73.17	65.85	80.49	77.14	70.21	71.05	41	21	8	5	8.292	b6e1ad2e7e1d3f5c93f2538362163eb49feb219fc2203e86f19be11288e486b6	96.93	46.34	73.17	73.17	65.85	80.49	77.14	70.21	71.05	41	21	8	5	8.315	b6e1ad2e7e1d3f5c93f2538362163eb49feb219fc2203e86f19be11288e486b6	99.45	60.49	80.24	80.24	73.17	87.32	85.23	76.51	78.73	12.09	5000.0	158840.0	0.0	0.04	0.01	0.01	0.03	0.01	0.01	0.01	0.01	0.01	0.0	133280.0	216.286	("82f91236381558676433060d9a9f972aad6684787d51ce8d45e19dfe51376d75", "2bee1ce2d460ec763147034920e5376ed06fae4d727d4868aaccf5bd23043a6a", "6a4aa10c2d938e0c0c7ad718afc62db143f7a28b2febf71ec4778a1a450167a0", "2a2e5c3a0a8daf3ad634f24d96be0da8fc144bb041f5b73929f61807b787859a", "47a3ac03cffdc7ac5137d94160dda27f8e001224a9f41800423bb2b9ed9cb408")	
10	20.0	autocor	200	700	semitone	16000	true	stump_with_memoization	("b",2,true,"KDD-norm-partitioned-v1-breath",["Normalize","RemSilence"])	30	((0.465,0.3),(max_points = 50,))	false	TestOp_80	IA	326	82	(163, 163)	(41, 41)	[60]	[(16,)]	99.39	60.98	80.49	80.49	78.05	82.93	82.05	79.07	80.0	45	23	11	4	12.348	8142c5eb8785c3bb537a06551f513120bb82f70d5d2ca81c2d64e3bc61cac3d2	99.39	60.98	80.49	80.49	78.05	82.93	82.05	79.07	80.0	45	23	11	4	11.4	8142c5eb8785c3bb537a06551f513120bb82f70d5d2ca81c2d64e3bc61cac3d2	99.39	60.98	80.49	80.49	78.05	82.93	82.05	79.07	80.0	45	23	11	4	11.387	8142c5eb8785c3bb537a06551f513120bb82f70d5d2ca81c2d64e3bc61cac3d2	97.55	63.41	81.71	81.71	78.05	85.37	84.21	79.55	81.01	39	20	10	4	11.378	8859359e67883f9770051c2a066a7158af3401dff84883b95b3ab953822afef2	97.55	63.41	81.71	81.71	78.05	85.37	84.21	79.55	81.01	39	20	10	4	11.302	8859359e67883f9770051c2a066a7158af3401dff84883b95b3ab953822afef2	97.55	63.41	81.71	81.71	78.05	85.37	84.21	79.55	81.01	39	20	10	4	11.254	8859359e67883f9770051c2a066a7158af3401dff84883b95b3ab953822afef2	99.57	65.37	82.68	82.68	76.59	88.78	87.36	79.22	81.54	12.33	5000.0	160160.0	0.0	0.22	0.06	0.06	0.17	0.14	0.13	0.08	0.07	0.01	0.0	42880.0	249.02	("4c75f7ae02deafe08dd3e250f0ab6dea34221bbeb3221828dd71a79e892da2f1", "6ca86859143e988fcfb3c77a6f31b2e7414547057c8739710d0411461f309b10", "180870538199cb139dfc2cdb5435fe394ba0f96280ff247f568a9aa5968c8daa", "bb16cb7cff783d670c7ba53a9ef1d931551679f72561b5961c4884094ff0f0df", "432f6d26978d22b9765c1788515df7ffc6bc0e07be36b69a53d301b56de19808")	
1	20.0	autocor	200	700	semitone	16000	true	stump_with_memoization	("b",3,true,"KDD-norm-partitioned-v1-breath",["Normalize","RemSilence"])	30	((0.465,0.3),(max_points = 50,))	false	TestOp_80	IA	286	72	(143, 143)	(36, 36)	[60]	[(16,)]	98.6	75.0	87.5	87.5	83.33	91.67	90.91	84.62	86.96	29	15	6	5	25.621	20c584899be30787de4182ae6d9da31ce112528126b892df681561671b06a523	98.6	75.0	87.5	87.5	83.33	91.67	90.91	84.62	86.96	29	15	6	5	10.69	20c584899be30787de4182ae6d9da31ce112528126b892df681561671b06a523	98.6	75.0	87.5	87.5	83.33	91.67	90.91	84.62	86.96	29	15	6	5	10.736	20c584899be30787de4182ae6d9da31ce112528126b892df681561671b06a523	97.2	77.78	88.89	88.89	83.33	94.44	93.75	85.0	88.24	21	11	5	5	10.627	0f66b45094bd3425635bb579a9f01e622c4a06f25ad792392c3c1a7099cabdb0	97.2	77.78	88.89	88.89	83.33	94.44	93.75	85.0	88.24	21	11	5	5	10.573	0f66b45094bd3425635bb579a9f01e622c4a06f25ad792392c3c1a7099cabdb0	97.2	77.78	88.89	88.89	83.33	94.44	93.75	85.0	88.24	21	11	5	5	10.577	0f66b45094bd3425635bb579a9f01e622c4a06f25ad792392c3c1a7099cabdb0	99.51	85.0	92.5	92.5	85.0	100.0	100.0	86.97	91.89	4.27	5000.0	99720.0	0.0	0.02	0.01	0.01	0.02	0.0	0.0	0.01	0.01	0.0	0.0	31720.0	116.192	("afaafc97be2d011a768a57cb520f598becad18e11f02c9fd88c12920cb0e8477", "d4d73b857deeb1af4e42598543383f7a52cc486fc5bcad3229f60f413d77d860", "dbc05036546eef08eac80adf851dcdf0b4d7389a21ac2349376df5d7a34ce260", "917cd4cd36d270c0f200be1344c623132b2a90188fd16dfa8185d90d49ed8695", "8db5e6d9a18f3b277b7168b2901edf5fb36c3044c7c6a1d57e322e180fd65f91")	
2	20.0	autocor	200	700	semitone	16000	true	stump_with_memoization	("b",3,true,"KDD-norm-partitioned-v1-breath",["Normalize","RemSilence"])	30	((0.465,0.3),(max_points = 50,))	false	TestOp_80	IA	286	72	(143, 143)	(36, 36)	[60]	[(16,)]	99.65	91.67	95.83	95.83	97.22	94.44	94.59	97.14	95.89	27	14	6	3	12.749	28acc78c365014a276e14c5d5097f1be26bb2bc4803921ca61b2323b3dc2e06d	99.65	91.67	95.83	95.83	97.22	94.44	94.59	97.14	95.89	27	14	6	3	8.663	28acc78c365014a276e14c5d5097f1be26bb2bc4803921ca61b2323b3dc2e06d	99.65	91.67	95.83	95.83	97.22	94.44	94.59	97.14	95.89	27	14	6	3	8.632	28acc78c365014a276e14c5d5097f1be26bb2bc4803921ca61b2323b3dc2e06d	96.85	94.44	97.22	97.22	97.22	97.22	97.22	97.22	97.22	25	13	6	3	8.667	9689895b37061b438248a4c5f547711b7eca6ee2ac7c7e5698469c76bcd0c85d	96.85	94.44	97.22	97.22	97.22	97.22	97.22	97.22	97.22	25	13	6	3	8.706	9689895b37061b438248a4c5f547711b7eca6ee2ac7c7e5698469c76bcd0c85d	96.85	94.44	97.22	97.22	97.22	97.22	97.22	97.22	97.22	25	13	6	3	8.588	9689895b37061b438248a4c5f547711b7eca6ee2ac7c7e5698469c76bcd0c85d	99.72	96.11	98.06	98.06	97.22	98.89	98.89	97.27	98.04	5.59	5000.0	106520.0	0.0	0.02	0.01	0.01	0.0	0.02	0.02	0.0	0.01	0.01	0.0	7520.0	112.276	("e9699865ab370941a3471fa7bfc9b704b1bbdcbe03cc6660dc68fa3257dd0ca7", "6b23e1de411e67c3f0c466259ea1ac871a240e69f1cbe76851ff4d04cda75068", "63d3dc42cd1a94503bdec459e193f3e6d65a7819c0e4569b0b0bb99a80e0ae3b", "2d2c9acf9f89d99e4a6238b6f59200ec9605ab2919ebf279f635cf5f7397469a", "a75c4dedfe68480fe7cf273bbb18d1162c43d19cdfaa2ec871774d812a8c9934")	
3	20.0	autocor	200	700	semitone	16000	true	stump_with_memoization	("b",3,true,"KDD-norm-partitioned-v1-breath",["Normalize","RemSilence"])	30	((0.465,0.3),(max_points = 50,))	false	TestOp_80	IA	286	72	(143, 143)	(36, 36)	[60]	[(16,)]	99.3	97.22	98.61	98.61	97.22	100.0	100.0	97.3	98.59	25	13	5	4	7.661	d729d8c219c2d84b5e0126cb67baede50bd0d68a86b4e43c4ed94b596f5645b7	99.3	97.22	98.61	98.61	97.22	100.0	100.0	97.3	98.59	25	13	5	4	7.145	d729d8c219c2d84b5e0126cb67baede50bd0d68a86b4e43c4ed94b596f5645b7	99.3	97.22	98.61	98.61	97.22	100.0	100.0	97.3	98.59	25	13	5	4	6.869	d729d8c219c2d84b5e0126cb67baede50bd0d68a86b4e43c4ed94b596f5645b7	97.2	83.33	91.67	91.67	94.44	88.89	89.47	94.12	91.89	25	13	5	4	6.853	f98e352133c879b5b4da6e77b1f883512b849605306dc25f524303ab9593a6bf	97.2	83.33	91.67	91.67	94.44	88.89	89.47	94.12	91.89	25	13	5	4	6.875	f98e352133c879b5b4da6e77b1f883512b849605306dc25f524303ab9593a6bf	97.2	83.33	91.67	91.67	94.44	88.89	89.47	94.12	91.89	25	13	5	4	7.104	f98e352133c879b5b4da6e77b1f883512b849605306dc25f524303ab9593a6bf	99.51	95.56	97.78	97.78	97.78	97.78	97.81	97.87	97.76	4.69	5000.0	107600.0	0.0	0.06	0.02	0.02	0.09	0.02	0.02	0.09	0.02	0.0	0.0	63400.0	102.592	("e535a3420e5e2666ef2cd9c337d973d3941e808d393b0e9f66bd7637114b69e0", "fc6957090d59714ed5b5d6d145452288711ed16296a399a0ead46ab6c4134ca1", "3548e8b91c60eaa19a5f90a59c3fe08e78170e4879726ff8c509b4aaf8d06dbc", "66624cd0720a9ed1c152a64b7e87a74d54cc4ef9a195c24e2679b441fe2944f9", "554850f4d25f127b51669849659fc9e0337ec6d7432faf2084a3032ad4c8430a")	
4	20.0	autocor	200	700	semitone	16000	true	stump_with_memoization	("b",3,true,"KDD-norm-partitioned-v1-breath",["Normalize","RemSilence"])	30	((0.465,0.3),(max_points = 50,))	false	TestOp_80	IA	286	72	(143, 143)	(36, 36)	[60]	[(16,)]	98.6	77.78	88.89	88.89	88.89	88.89	88.89	88.89	88.89	27	14	6	5	12.014	3ec1c37c3a30bb8084d5363c1b994461ca8f93eddce2106ca9f735b924fdd37d	98.6	77.78	88.89	88.89	88.89	88.89	88.89	88.89	88.89	27	14	6	5	12.145	3ec1c37c3a30bb8084d5363c1b994461ca8f93eddce2106ca9f735b924fdd37d	98.6	77.78	88.89	88.89	88.89	88.89	88.89	88.89	88.89	27	14	6	5	12.13	3ec1c37c3a30bb8084d5363c1b994461ca8f93eddce2106ca9f735b924fdd37d	98.25	77.78	88.89	88.89	88.89	88.89	88.89	88.89	88.89	25	13	6	5	12.3	920ad71799c9fbaa5ccd63fc45c09cf301a98aa75fb96eb509871b6c7e47b0a8	98.25	77.78	88.89	88.89	88.89	88.89	88.89	88.89	88.89	25	13	6	5	12.106	920ad71799c9fbaa5ccd63fc45c09cf301a98aa75fb96eb509871b6c7e47b0a8	98.25	77.78	88.89	88.89	88.89	88.89	88.89	88.89	88.89	25	13	6	5	12.256	920ad71799c9fbaa5ccd63fc45c09cf301a98aa75fb96eb509871b6c7e47b0a8	99.51	92.78	96.39	96.39	95.0	97.78	97.75	95.19	96.33	4.97	5000.0	98520.0	0.0	0.02	0.01	0.01	0.05	0.02	0.02	0.04	0.01	0.0	0.0	12920.0	111.65	("1c010504a18d08fc66ec65ade6c4f98f80c55e8b797580b155e04537de67738e", "a580ccdcdaad5a2629c26c98442174a03818cfd8b2d33ebf226bae03aa36ff79", "92137edf40c589cbd14029409ce2244752c7284ad64007de26c4f31a5f08bc6b", "d3bb3fcc8b721a50c936c9d06915ab26b0e0cec3dd1da2fa4108e70a1619f4e1", "25172b4f02d0644b1ba9acc22d8541d3e4b688f354fdabfd8018d4ce9c6b51c0")	
5	20.0	autocor	200	700	semitone	16000	true	stump_with_memoization	("b",3,true,"KDD-norm-partitioned-v1-breath",["Normalize","RemSilence"])	30	((0.465,0.3),(max_points = 50,))	false	TestOp_80	IA	286	72	(143, 143)	(36, 36)	[60]	[(16,)]	99.3	94.44	97.22	97.22	97.22	97.22	97.22	97.22	97.22	27	14	5	4	7.314	1aae2cb7a7a745041e719b95a1624341d7e9b8f90e548b8c0e840d8dff7f5b84	99.3	94.44	97.22	97.22	97.22	97.22	97.22	97.22	97.22	27	14	5	4	7.053	1aae2cb7a7a745041e719b95a1624341d7e9b8f90e548b8c0e840d8dff7f5b84	99.3	94.44	97.22	97.22	97.22	97.22	97.22	97.22	97.22	27	14	5	4	7.073	1aae2cb7a7a745041e719b95a1624341d7e9b8f90e548b8c0e840d8dff7f5b84	97.2	94.44	97.22	97.22	97.22	97.22	97.22	97.22	97.22	23	12	4	4	6.955	9e895621dbfcf9ddc10c30e03c42409c48b793daf1e99c3c7522074a977f9bcc	97.2	94.44	97.22	97.22	97.22	97.22	97.22	97.22	97.22	23	12	4	4	6.924	9e895621dbfcf9ddc10c30e03c42409c48b793daf1e99c3c7522074a977f9bcc	97.2	94.44	97.22	97.22	97.22	97.22	97.22	97.22	97.22	23	12	4	4	6.931	9e895621dbfcf9ddc10c30e03c42409c48b793daf1e99c3c7522074a977f9bcc	99.58	93.33	96.67	96.67	93.33	100.0	100.0	93.79	96.54	4.9	5000.0	109280.0	0.0	0.06	0.02	0.02	0.06	0.0	0.0	0.05	0.02	0.0	0.0	42520.0	105.906	("3dd0c73f8fa9fa191c9bb856157a11e563181f26ee50cc50e7548f3a275007ba", "1fa05edb4c28e9cc73307d2995c84498bf4a9fe119249f61425acf96cc4240d8", "60db9aa24e9a8a170071c6c90c761e98dfa473e716ee189bbc4ba8540d83d803", "c7624f1de7bd6a95c5596080106b4e9955de0fadcdd8ab74b5e72384390c212d", "caf51beceabe03eb741e7d4b8a21be539ff336b27b062d477081714c8ae591c0")	
6	20.0	autocor	200	700	semitone	16000	true	stump_with_memoization	("b",3,true,"KDD-norm-partitioned-v1-breath",["Normalize","RemSilence"])	30	((0.465,0.3),(max_points = 50,))	false	TestOp_80	IA	286	72	(143, 143)	(36, 36)	[60]	[(16,)]	99.3	86.11	93.06	93.06	88.89	97.22	96.97	89.74	92.75	27	14	6	4	8.267	1c4d4a004812b409bbf2b29ec8fcccda28d84ee38392685d1c56e70bd6739462	99.3	86.11	93.06	93.06	88.89	97.22	96.97	89.74	92.75	27	14	6	4	7.85	1c4d4a004812b409bbf2b29ec8fcccda28d84ee38392685d1c56e70bd6739462	99.3	86.11	93.06	93.06	88.89	97.22	96.97	89.74	92.75	27	14	6	4	7.797	1c4d4a004812b409bbf2b29ec8fcccda28d84ee38392685d1c56e70bd6739462	97.55	94.44	97.22	97.22	94.44	100.0	100.0	94.74	97.14	25	13	5	4	7.725	ac5a7f9de89c5e986f3e6aea21fe9079e822a914a1867e6cc2ce30507c8f6f46	97.55	94.44	97.22	97.22	94.44	100.0	100.0	94.74	97.14	25	13	5	4	7.699	ac5a7f9de89c5e986f3e6aea21fe9079e822a914a1867e6cc2ce30507c8f6f46	97.55	94.44	97.22	97.22	94.44	100.0	100.0	94.74	97.14	25	13	5	4	7.699	ac5a7f9de89c5e986f3e6aea21fe9079e822a914a1867e6cc2ce30507c8f6f46	99.72	95.0	97.5	97.5	96.11	98.89	98.87	96.23	97.46	5.31	5000.0	104560.0	0.0	0.05	0.01	0.01	0.02	0.02	0.02	0.02	0.01	0.01	0.0	79280.0	96.671	("272dc87e9ef24a0d3422afd13d29ec3ada2e80334052f80005069678e406748c", "bc7a5d2630aca1abaf937f1146dd5b63c1bac80418805a7f87008fdcd7035f16", "962d37a16700905a262b0ea60622e7131671bd35250d45b78bcf4937b022ce35", "736c601a00de186ce03dca4d9cb07f310adff4ef7983e778c099fd1e9bafcb0d", "3ea7f7e6cb5b4aec7928d42e2a78599dfe8bb0bce7882774efb28e08e43c92c9")	
7	20.0	autocor	200	700	semitone	16000	true	stump_with_memoization	("b",3,true,"KDD-norm-partitioned-v1-breath",["Normalize","RemSilence"])	30	((0.465,0.3),(max_points = 50,))	false	TestOp_80	IA	286	72	(143, 143)	(36, 36)	[60]	[(16,)]	98.95	88.89	94.44	94.44	97.22	91.67	92.11	97.06	94.59	33	17	7	4	9.66	c7920b856c1bee14b4a5f180c707ebe5dee4177868345cbfdabe730148bcd357	98.95	88.89	94.44	94.44	97.22	91.67	92.11	97.06	94.59	33	17	7	4	9.893	c7920b856c1bee14b4a5f180c707ebe5dee4177868345cbfdabe730148bcd357	98.95	88.89	94.44	94.44	97.22	91.67	92.11	97.06	94.59	33	17	7	4	9.868	c7920b856c1bee14b4a5f180c707ebe5dee4177868345cbfdabe730148bcd357	96.85	86.11	93.06	93.06	88.89	97.22	96.97	89.74	92.75	27	14	6	4	9.875	f8aba4e50a3c5c90dbe550d5495d7880cf2c386a5fbbc1ffa2177a7de6b7502c	96.85	86.11	93.06	93.06	88.89	97.22	96.97	89.74	92.75	27	14	6	4	10.076	f8aba4e50a3c5c90dbe550d5495d7880cf2c386a5fbbc1ffa2177a7de6b7502c	96.85	86.11	93.06	93.06	88.89	97.22	96.97	89.74	92.75	27	14	6	4	10.029	f8aba4e50a3c5c90dbe550d5495d7880cf2c386a5fbbc1ffa2177a7de6b7502c	99.44	92.78	96.39	96.39	95.0	97.78	97.73	95.18	96.33	4.41	5000.0	104920.0	0.0	0.06	0.02	0.02	0.05	0.02	0.02	0.05	0.02	0.01	0.0	26520.0	118.509	("dd18e5d0ed669ac7176a6876946932f2f4b4f2bf6c19ba6c8a3e9f5d4d9df43a", "8ebc150d48b3b1732b7478fcedba6f2dd7b1f7f8fe1f40be815499136af9e6ef", "5120ad0e6678ff5e772913e2164a51c007fafc9df8e6bec88fea82a0020ff027", "b993a954ccea3fd17396ddcb195f677145f15e526b37daf0e264f93a2d96f2b4", "348b9b839909749f905ccfb64c069577597c72974e3ef65e7093bfdbe030904b")	
8	20.0	autocor	200	700	semitone	16000	true	stump_with_memoization	("b",3,true,"KDD-norm-partitioned-v1-breath",["Normalize","RemSilence"])	30	((0.465,0.3),(max_points = 50,))	false	TestOp_80	IA	286	72	(143, 143)	(36, 36)	[60]	[(16,)]	98.6	75.0	87.5	87.5	83.33	91.67	90.91	84.62	86.96	27	14	5	4	7.396	03d899b50117e6cd352cddc1c307b13b51ede9e0584305056338d5fd165fae48	98.6	75.0	87.5	87.5	83.33	91.67	90.91	84.62	86.96	27	14	5	4	7.679	03d899b50117e6cd352cddc1c307b13b51ede9e0584305056338d5fd165fae48	98.6	75.0	87.5	87.5	83.33	91.67	90.91	84.62	86.96	27	14	5	4	7.744	03d899b50117e6cd352cddc1c307b13b51ede9e0584305056338d5fd165fae48	97.55	63.89	81.94	81.94	72.22	91.67	89.66	76.74	80.0	27	14	5	4	7.596	7d70b421dbfe0376a21a5e6d3bcc681543c0d11f6e057043a6c07e3f98a7f4f2	97.55	63.89	81.94	81.94	72.22	91.67	89.66	76.74	80.0	27	14	5	4	7.623	7d70b421dbfe0376a21a5e6d3bcc681543c0d11f6e057043a6c07e3f98a7f4f2	97.55	63.89	81.94	81.94	72.22	91.67	89.66	76.74	80.0	27	14	5	4	7.819	7d70b421dbfe0376a21a5e6d3bcc681543c0d11f6e057043a6c07e3f98a7f4f2	99.79	96.11	98.06	98.06	96.11	100.0	100.0	96.27	98.01	4.97	5000.0	105960.0	0.0	0.02	0.01	0.01	0.02	0.0	0.0	0.02	0.01	0.0	0.0	59680.0	100.417	("4f2c3c0515c495bc0e732f6d2d058890626640ae0f2fec6d7d606c3399a40ec6", "25ea6d7dcfe3364584996d9b4303dfd1070011d8729f9d7214f3a4f2dd092498", "3308e09eca8e41d7582690c86ae54d3f15c101fe26b041fc2d805129088fa63f", "e4cd25e22336c33cd49b6478e8df3a3545f374cba0b7cc8b84ed1dc5351fc218", "1f37f0fb68ce900f360e19015d5e5788887fb3e02368045702c84ab67b41eda2")	
9	20.0	autocor	200	700	semitone	16000	true	stump_with_memoization	("b",3,true,"KDD-norm-partitioned-v1-breath",["Normalize","RemSilence"])	30	((0.465,0.3),(max_points = 50,))	false	TestOp_80	IA	286	72	(143, 143)	(36, 36)	[60]	[(16,)]	99.65	83.33	91.67	91.67	86.11	97.22	96.88	87.5	91.18	25	13	5	4	7.393	94b52c973504773e9ac59905017ce85235411a8745564fb03fcc4114cff6fb10	99.65	83.33	91.67	91.67	86.11	97.22	96.88	87.5	91.18	25	13	5	4	7.483	94b52c973504773e9ac59905017ce85235411a8745564fb03fcc4114cff6fb10	99.65	83.33	91.67	91.67	86.11	97.22	96.88	87.5	91.18	25	13	5	4	7.492	94b52c973504773e9ac59905017ce85235411a8745564fb03fcc4114cff6fb10	98.25	91.67	95.83	95.83	91.67	100.0	100.0	92.31	95.65	23	12	5	4	7.748	850c5098903696b2527dd1ac6a98683195df04f2e166d95d01a3fa6dff0113b1	98.25	91.67	95.83	95.83	91.67	100.0	100.0	92.31	95.65	23	12	5	4	7.792	850c5098903696b2527dd1ac6a98683195df04f2e166d95d01a3fa6dff0113b1	98.25	91.67	95.83	95.83	91.67	100.0	100.0	92.31	95.65	23	12	5	4	7.494	850c5098903696b2527dd1ac6a98683195df04f2e166d95d01a3fa6dff0113b1	99.3	86.67	93.33	93.33	88.89	97.78	97.61	89.79	93.03	5.24	5000.0	103600.0	0.0	0.05	0.01	0.01	0.0	0.05	0.06	0.0	0.01	0.0	0.0	78400.0	105.614	("06c9eabdfa1abf788af5142127732ca269f050e522a5b8ab96d081872d222a36", "9060d3effacf7bfbdcf06271002bc8431fed81959b7837349b085a632a98c3d2", "9e3c7cc56938c330cde8a1b1b8124f3d3929d798f7140f3fb7e99cc298e485a9", "e9317bffae2878f8e58682152bd9f8723304a06af887d63992bfbd2a7cca13ab", "939697d920d356ec9548809746e551a0eac6ac191377b30570f289a3b8059664")	
10	20.0	autocor	200	700	semitone	16000	true	stump_with_memoization	("b",3,true,"KDD-norm-partitioned-v1-breath",["Normalize","RemSilence"])	30	((0.465,0.3),(max_points = 50,))	false	TestOp_80	IA	286	72	(143, 143)	(36, 36)	[60]	[(16,)]	99.65	72.22	86.11	86.11	72.22	100.0	100.0	78.26	83.87	23	12	5	4	7.387	28cd9140fa92e7fd89a4ed552482fda9e09603f7194ade34c370d50210043580	99.65	72.22	86.11	86.11	72.22	100.0	100.0	78.26	83.87	23	12	5	4	7.497	28cd9140fa92e7fd89a4ed552482fda9e09603f7194ade34c370d50210043580	99.65	72.22	86.11	86.11	72.22	100.0	100.0	78.26	83.87	23	12	5	4	7.57	28cd9140fa92e7fd89a4ed552482fda9e09603f7194ade34c370d50210043580	99.3	66.67	83.33	83.33	69.44	97.22	96.15	76.09	80.65	23	12	5	4	7.576	850e18b67175929db6c0fe6c7bb8363609ad81ddb937740d1a40491e17867742	99.3	66.67	83.33	83.33	69.44	97.22	96.15	76.09	80.65	23	12	5	4	7.837	850e18b67175929db6c0fe6c7bb8363609ad81ddb937740d1a40491e17867742	99.3	66.67	83.33	83.33	69.44	97.22	96.15	76.09	80.65	23	12	5	4	7.754	850e18b67175929db6c0fe6c7bb8363609ad81ddb937740d1a40491e17867742	99.37	88.89	94.44	94.44	88.89	100.0	100.0	90.07	94.09	4.76	5000.0	108400.0	0.0	0.12	0.03	0.03	0.12	0.0	0.0	0.08	0.04	0.01	0.0	52600.0	117.028	("77aae37f2ba82439df53b3b1d1cbe8b44d798d0d7b90ee1a1f0c11be011e43ac", "3e11cb290e93326d4fea638ec970279bd6f288ddf2decd094de6081d4ca5feb6", "3da17098c508e6c266b00da9f30c7616f770f25d7f5b694432ec048caae5d151", "de99625c26894d87dee5c55e71475a3ea7621c42b9f47775d7eac0af6e8ea2fe", "aab30862f9557efc9ee58707c0afabf90644bb0f84cc271b342983025282ac92")	
