index,attributenamesnormsorted,attributeabbrsnormsorted,meanmvarnormsorted,minmvarnormsorted,maxmvarnormsorted,DNHistogramMode5varnormsorted,DNHistogramMode10varnormsorted,SBBinaryStatsmeanlongstretch1varnormsorted,DNOutlierIncludep001mdrmdvarnormsorted,DNOutlierIncluden001mdrmdvarnormsorted,COf1ecacvarnormsorted,COFirstMinacvarnormsorted,SPSummarieswelchrectarea51varnormsorted,SPSummarieswelchrectcentroidvarnormsorted,FCLocalSimplemean3stderrvarnormsorted,COtrev1numvarnormsorted,COHistogramAMIeven25varnormsorted,INAutoMutualInfoStats40gaussianfmmivarnormsorted,MDhrvclassicpnn40varnormsorted,SBBinaryStatsdifflongstretch0varnormsorted,SBMotifThreequantilehhvarnormsorted,FCLocalSimplemean1tauresratvarnormsorted,COEmbed2Disttaudexpfitmeandiffvarnormsorted,SCFluctAnal2dfa5012logipropr1varnormsorted,SCFluctAnal2rsrangefit501logipropr1varnormsorted,SBTransitionMatrix3acsumdiagcovvarnormsorted,PDPeriodicityWangth001varnormsorted,meannormsorted
0,EEG_B2,EEG_B2,0.3030607052752842,0.2981470890815801,0.3320519595505782,0.011534613797749614,0.008998499798755822,0.010239972052285147,0.0132575517499116,0.006511374459259916,0.01238606640388774,0.016689961643397564,0.012099555855733652,0.01536964153688993,0.02168187857154538,0.017885783235614242,0.012006014944964961,0.01408862075596034,0.03471216043939791,0.01686975868163208,0.014567678209408685,0.017068523614411708,0.01902192989066386,0.0,0.0,0.019465794164371334,0.018657630771154878,0.04985491057937755
1,EEG_B3,EEG_B3,0.21411430508499096,0.2350045048786875,0.21615229102292782,0.012086253533922859,0.007988501326530445,0.010588582504759957,0.013090959507819962,0.006706259378178467,0.012721218788934108,0.01675454450254513,0.012389849053737674,0.01447124932213456,0.020992286080997204,0.017168364523505283,0.012935190171638728,0.019233108949620888,0.034666225275957564,0.016380317376269462,0.01684095700054329,0.017572673150319358,0.019661267630037994,0.0,0.0,0.01868774001115203,0.018565274426844386,0.039390876940082226
2,EEG_B4,EEG_B4,0.13242100526024,0.1444021291142965,0.11437976054672137,0.01314341305977393,0.012261902885797872,0.012354940884646268,0.012538619463084115,0.00810749204732186,0.01590516644687471,0.016939043361030675,0.012814006866371411,0.014954163518063841,0.019721132313783668,0.016790880421826474,0.014655114937234509,0.014649356152180751,0.03399848671154756,0.017359780581662963,0.013169403918419524,0.018429056562169564,0.017408735176984203,0.0,0.0,0.01860974212751447,0.01820423258680914,0.02852870259777421
3,EEG_B1,EEG_B1,0.086252379511084,0.07958698888796537,0.09869116883487054,0.011905440755891658,0.01004637035191796,0.009949749557367738,0.013551820150539134,0.00668246136535983,0.013881501774121825,0.01732340221841297,0.012041272525096814,0.015699197566192178,0.021877502879167263,0.018168393522822804,0.011419006118493617,0.015247704189626041,0.034202534077392044,0.015132619434129245,0.01478686954729636,0.0179343699724162,0.01844328934738497,0.0,0.0,0.018602626234436342,0.018738442572426517,0.02320660445577645
4,EEG_B5,EEG_B5,0.07594168858724475,0.07739125989635598,0.06396530353544731,0.01304136774259883,0.014096935042246461,0.014134056297276164,0.01619104456138365,0.01259995160010361,0.015628301433140746,0.02049935929178864,0.01292978031591039,0.014226192260506093,0.01838488680235849,0.017968530312615884,0.015710190945550057,0.012637847451570833,0.022353303962281322,0.020174503533499123,0.017297882260427003,0.016984429280457795,0.018732434586115034,0.0,0.0,0.019578122040041578,0.01802721626021401,0.02193978351996535
5,EEG_B6,EEG_B6,0.04767667952732797,0.0491487057259883,0.03469743930820318,0.01974806379138893,0.01791998028225391,0.01750681949264791,0.020681590409614523,0.017073973711234546,0.02001624760475331,0.019293592356296525,0.01609900586243224,0.014578977040818992,0.018222132533122735,0.017136574849982416,0.015110385882778429,0.014907271406294434,0.012965166646705547,0.015450785312348309,0.01550040339102491,0.0166343644505682,0.016620040404412215,0.0,0.0,0.020427864555516293,0.017573130900687364,0.018999567817856045
6,EEG_B7,EEG_B7,0.03334856239050498,0.03933382109561224,0.023595206086987498,0.019929420725788446,0.016395635683600338,0.016715883462543272,0.02022715266718863,0.01749932880017586,0.01908364966375472,0.018450711716321667,0.01705271411736608,0.015993204920564955,0.019319014087765315,0.018666096377628987,0.017261299659864948,0.01832733514053119,0.017953112706198846,0.01249671964012419,0.017923886704827943,0.01869569352446233,0.017365852768313945,0.0,0.0,0.018447802258497487,0.017280119403559408,0.01805448894408733
7,EEG_B8,EEG_B8,0.026974845797066566,0.025790430487485316,0.020801081315221973,0.01697349501896642,0.01567534456314946,0.01676887421393983,0.02017615957238259,0.017383283396267022,0.01974666851243342,0.01784733272791718,0.0176128802498787,0.017247372209492653,0.019467743109173086,0.020112200647062175,0.018492166332535396,0.020278586854688935,0.0176471929261577,0.014975278279024479,0.018344626825515787,0.017784662697154383,0.019543585865365354,0.0,0.0,0.01872467315869447,0.016365214367733562,0.017389347965092262
8,EEG_B9,EEG_B9,0.019354264697029475,0.015128884259762328,0.017249175995322545,0.014605457783253168,0.01532423680699131,0.016655042229458326,0.018892695972130506,0.020204843888625396,0.01761735797917684,0.017346030995147536,0.017442454284835207,0.01672121079735242,0.018915166266474923,0.019307427722211026,0.017377632818652403,0.01776890255907968,0.01158636039571789,0.014189733692837554,0.016478854991137756,0.022079098899910072,0.015272045607643328,0.0,0.0,0.017709763779553273,0.016397786471307345,0.015744977155744414
9,EEG_B10,EEG_B10,0.012971329658712127,0.009384365195498868,0.012242961135768884,0.017468475960666925,0.02046158250945042,0.020433822524651108,0.018652748822267803,0.021537773337812934,0.020016247604753328,0.018697646177768368,0.01761660950814193,0.017013700552240676,0.01760587698413499,0.01994188064033924,0.016626272796184484,0.015576622899113303,0.0084763438603469,0.014187991908832739,0.01800445340713767,0.017226319404854838,0.014793469706684966,0.0,0.0,0.021826280817310587,0.01703768399974438,0.0155120183764967
10,EEG_B23,EEG_B23,0.0013079017855708616,0.0005782858457350614,0.0037086302705614826,0.017489024769057792,0.020871423068017713,0.024321037598164782,0.01773690036916872,0.025927006430729458,0.02277761182067895,0.02313685058301306,0.020746409859406786,0.015358660595376907,0.014607722776908817,0.018087874885196267,0.01676718346354706,0.025028526117949444,0.012082646346718568,0.01926180871495819,0.017126361921987993,0.015425684708954538,0.017535578140535198,0.0,0.0,0.01557986693174445,0.016683651346554095,0.01528586593402145
11,EEG_B21,EEG_B21,0.00186100847831551,0.0014409221902017297,0.0038580577239411443,0.02067152013728101,0.02331782266436324,0.02168033182023475,0.018040813729855443,0.021047072585422183,0.02054629838762564,0.022118225282851425,0.022030977586620745,0.016420892574149575,0.015701869383188082,0.018252454387702614,0.018114474088371045,0.01613044985102703,0.010242118947599911,0.020074641250554477,0.02262647324447315,0.015637146377692392,0.016786229956329463,0.0,0.0,0.017232055539819883,0.017506062603033307,0.015253516751626148
12,EEG_B17,EEG_B17,0.004123717675907104,0.0024513249455260845,0.004429738918994081,0.017305104262018516,0.022394149105964812,0.027352059512539075,0.017412396185813802,0.019546284609402574,0.019977996517329576,0.019450342057910533,0.02204925011040693,0.016469000834077884,0.016672179576272428,0.017201874758794502,0.01734588602850793,0.02041522053097536,0.00853779666574541,0.01604821722601159,0.015753229838760246,0.018705904560846226,0.017292416929293904,0.0,0.0,0.014363708915707978,0.016252655073105134,0.014862018193596466
13,EEG_B20,EEG_B20,0.0025146800242864522,0.0013011431529038882,0.003947076652885073,0.018322703972227152,0.017129700208681143,0.02037715185996311,0.017331384397413562,0.021281875919628643,0.02900525314933947,0.021740803714687108,0.02092569295357871,0.016957948240564954,0.014915415931117481,0.017305584197551467,0.016322867311037957,0.015268045720084429,0.010440643962070914,0.0160406694953239,0.021394941202411824,0.017829242190280804,0.015568499820973018,0.0,0.0,0.018327100072412693,0.017184464618380708,0.014857315550712178
14,EEG_B22,EEG_B22,0.00186100847831551,0.0007196623577448781,0.0037757567076580176,0.017169173373858166,0.021092250074817423,0.020614383603483985,0.01795688184777677,0.02322120762319647,0.021872336084983006,0.021043110627629768,0.021774200993938255,0.017027383663345788,0.015624707876790657,0.017879197747900498,0.018982145229074435,0.015490651147742073,0.010071305230312558,0.020652913540164405,0.019643889746626616,0.01640969657944051,0.015836400406438446,0.0,0.0,0.016391840991315597,0.015873196938222273,0.014839332034831043
15,EEG_B19,EEG_B19,0.0025146800242864522,0.0013011431529038882,0.004057830005143328,0.016697886266616474,0.01933399018336892,0.022515181482283837,0.01813481169226662,0.018974018919291215,0.03241688585146918,0.02245584002478923,0.02038481568198902,0.018468577536802182,0.01482163826601489,0.016473458200175387,0.01760781275849281,0.01854418353126667,0.009516251534964588,0.014075937137854102,0.018419038722481938,0.01478430995585554,0.016378135135820975,0.0,0.0,0.015342146536330831,0.01748792117825806,0.014828259751149047
16,EEG_B24,EEG_B24,0.0013745260008332916,0.0005782858457350614,0.0032251513170309565,0.02086387206419455,0.021619467615410465,0.023456257974678728,0.018148522584887562,0.025573032483922075,0.022630071912044344,0.01745306345736656,0.019440617144095743,0.014736697010414865,0.013571754838589451,0.017226490579642036,0.014947993505049103,0.02072111109277386,0.013219631450959531,0.015093719591354237,0.016791049508076535,0.017166370061686163,0.017411585357977793,0.0,0.0,0.017460908750118083,0.01620084206446664,0.014756440888452304
17,EEG_B18,EEG_B18,0.0032689164234836533,0.0014409221902017297,0.004427288856729532,0.01899491500813932,0.016086939988107847,0.02156649983575321,0.017983134942647614,0.018757648727961616,0.021152851345345364,0.01818362608143256,0.021798164279750936,0.01803665397640497,0.016214499242778478,0.017471379803326838,0.017981111311893956,0.020802477214607387,0.007519277699032081,0.014967730548336833,0.01821726616564858,0.017620430657806153,0.016908246151305498,0.0,0.0,0.015003586776554211,0.015910166962953713,0.014412549367608081
18,EEG_B11,EEG_B11,0.007923393046973976,0.005339559224777499,0.007307508289574902,0.01383217399645331,0.012443236734442142,0.019342605569965813,0.0182198502392497,0.02062142947862342,0.019185652563551404,0.016360110058441693,0.01757988055176605,0.015488289456325799,0.01723053356373513,0.017671932674769377,0.016731755069257538,0.01915481324747928,0.008938890277149116,0.02037713107272989,0.01654183551468372,0.015305045817332276,0.016219326417492883,0.0,0.0,0.019456659351003998,0.016645719276569465,0.014316693259693935
19,EEG_B37,EEG_B37,2.5280886713832655e-5,0.0,4.752593898043551e-5,0.017816697130522686,0.01790421487070382,0.020871486878778482,0.016164130405618593,0.019265454302065787,0.022615500069216216,0.018625134988086028,0.019786284440711694,0.01627695203409006,0.01577851010540016,0.01624464288814017,0.018594431126422794,0.015063479008116285,0.017348929959399705,0.015750372161182365,0.019438838271880036,0.015507813578984227,0.0182193240820112,0.0,0.0,0.018355444684873677,0.017888132003603546,0.014303543192620071
20,EEG_B33,EEG_B33,0.00012584573994012864,0.0,0.00017611469073404266,0.01980766301739047,0.02443509872933292,0.015369280525432733,0.018426388514092746,0.020524032156291016,0.02078855527464285,0.01141696114358242,0.018125035383843358,0.019304041164019244,0.01467198153832435,0.015407608516670605,0.01886121225009667,0.017966560826741196,0.01960856761652898,0.0214941952145065,0.018357235543473235,0.01476693969145693,0.015846175064409596,0.0,0.0,0.014119137710944418,0.01759333385100525,0.014287678566538387
21,EEG_B34,EEG_B34,5.028242661314798e-5,0.0,0.00017611469073404266,0.02048880162623164,0.023552783111356446,0.016976666651129242,0.018120896768505517,0.019429787834224582,0.018345950120581992,0.0171009134427817,0.01880388058007955,0.015197846500223733,0.015081908013513636,0.014176092946179756,0.01853687808778423,0.018794038933689305,0.01919532601015114,0.018709082590752733,0.01653735590314924,0.016330830613426425,0.016129339709488377,0.0,0.0,0.016453014735171897,0.016896263347518925,0.014203362185731492
22,EEG_B26,EEG_B26,0.0006286700060716131,0.00014457146143376535,0.0016210718421746856,0.016380554508656203,0.018154014319760044,0.02033176626270216,0.017815267913992055,0.023405087680695998,0.017517176559733644,0.01704012957534871,0.019002097614336445,0.01822809526237186,0.013982273578996028,0.01617653883965582,0.01630566867419746,0.018013000924580153,0.01591180595677493,0.019712930772214123,0.0156855286858772,0.017150602307407614,0.016657361405564397,0.0,0.0,0.017706075162519437,0.015907830567338674,0.01413912479529612
23,EEG_B35,EEG_B35,5.028242661314798e-5,0.0,0.00012371497198011372,0.02008053054184236,0.01905703709874953,0.016297845312636876,0.015805206985037776,0.018996768031255842,0.02099802551529683,0.020653961737216193,0.0185177448454147,0.01713411619813337,0.01510131000956993,0.014293618352736388,0.01702837775458174,0.01714522355917682,0.019469562430920833,0.01636580250956238,0.01644028167140808,0.015706596371224388,0.01819315969622451,0.0,0.0,0.01802834295148378,0.017730219147036926,0.014128709124724099
24,EEG_B25,EEG_B25,0.0008553599460525502,0.00014457146143376535,0.0024406044972763307,0.016779529816845367,0.017097045301266846,0.01939461501115139,0.01857426538775683,0.02404778878266304,0.022478889042702774,0.013501946900666938,0.01945682717516112,0.015796379239582704,0.013798921856641326,0.015859907876173324,0.01727850777932094,0.01724501219916124,0.013964215255691572,0.015467041963060264,0.017757162645824158,0.01731457282071946,0.018397880237113962,0.0,0.0,0.017136654477932778,0.016772709249996364,0.014062416356967804
25,EEG_B12,EEG_B12,0.00459036652955858,0.0028786494309795125,0.004483772012590992,0.012562675373104515,0.016272611613449436,0.020027805424830063,0.017567200324749673,0.019874835606822353,0.016861443632468998,0.015683724359696446,0.017301651191628905,0.016500950895064582,0.017000686017818425,0.015153968077675028,0.01704905386925739,0.017629198463101434,0.012355196454616022,0.017527572440796745,0.017969122570314227,0.017588383962050667,0.01703602972138208,0.0,0.0,0.020254765679799596,0.017054176204085534,0.014048953594233648
26,EEG_B16,EEG_B16,0.004123717675907104,0.0024513249455260845,0.00454481281115957,0.015276705354344958,0.015319411550269313,0.02536417035250876,0.017573329420201057,0.020920516679103374,0.018187481329826404,0.017988225768461697,0.019853528239960352,0.0157551141717691,0.016054513359039176,0.016465430143838743,0.014987102711856569,0.01761806819171853,0.00892748130192204,0.017784775878846113,0.016588111343855218,0.016238217924004393,0.01720522071701292,0.0,0.0,0.015032097020907357,0.016152602366768763,0.014016478370352303
27,EEG_B15,EEG_B15,0.0032689164234836533,0.0024513249455260845,0.004283446491522671,0.01810378712616791,0.01616908860316564,0.025757430419586166,0.01801125043376612,0.020123390719028623,0.018180195408412345,0.016482999181730223,0.01793681345729259,0.014156758753962941,0.015245288195232128,0.017080100376230922,0.015515148602295485,0.018690028466628577,0.007325484989888366,0.01757111704091798,0.015642458516480294,0.017607035613538723,0.01637241161933152,0.0,0.0,0.01464654839354197,0.017365741431097297,0.013919470608353128
28,EEG_B29,EEG_B29,0.00025197082669477445,0.00014457146143376535,0.00040436565266668454,0.01848163834358953,0.019018890342071847,0.01684222715221569,0.017190051210477755,0.021976587888122595,0.016402430583383747,0.014438811292189054,0.017038319236320126,0.01592924743674267,0.015195778117844241,0.018478119105444252,0.017009466281188212,0.01564532353971802,0.012779199569230194,0.022295415856737045,0.01713662348266469,0.017278640462814396,0.019154533285847552,0.0,0.0,0.01660426198131918,0.017155878130856003,0.013874094049582883
29,EEG_B13,EEG_B13,0.0028621874615461923,0.0014409221902017297,0.003031754466667661,0.016318156555177526,0.017178759902789588,0.01982050364274614,0.01759987142316641,0.019852292836009342,0.01635689357454589,0.01705516036865414,0.01770541555955232,0.014668734886151183,0.01745829031253452,0.015445097105483198,0.017907449251001583,0.016107421703338395,0.012106928001399704,0.014357525551971376,0.015429558911439269,0.016865764245084645,0.01750141778179676,0.0,0.0,0.016685191214666745,0.018293702795359863,0.013681959989651367
30,EEG_B27,EEG_B27,0.0005033829597605146,0.00014457146143376535,0.0010117703362215113,0.017344063751258933,0.01800207345065858,0.018131914097085425,0.017445721816128263,0.02131059172989393,0.015586407385009972,0.01696596665013833,0.018109362460940078,0.016952455954312492,0.014600063470959728,0.018505147797171117,0.017685031801006917,0.01905809502718669,0.0143958787543854,0.014557250117860746,0.0191041619666072,0.016526379802329023,0.01616096153747171,0.0,0.0,0.01081236126917563,0.01718982458479156,0.0136041375272715
31,EEG_B36,EEG_B36,5.028242661314798e-5,0.0,8.08520547289106e-5,0.01871254610577822,0.015559571020890896,0.01679144434879396,0.01575699687498399,0.01859570531414227,0.01813647987992811,0.02033897577201292,0.01873771556152911,0.015962329267862077,0.01590571513425947,0.015331300043707679,0.016372920926411082,0.01779346591661432,0.019083900379492365,0.014138641362028605,0.017536501796878084,0.01507615544425731,0.017861312750584987,0.0,0.0,0.014973913357241509,0.015873196938222273,0.013546796907078454
32,EEG_B28,EEG_B28,0.0003269754463927154,0.00014457146143376535,0.0005222584336741472,0.017592257007019118,0.015928755907516398,0.019789101715992633,0.018086534659998894,0.021452756484576965,0.01507639288602635,0.013787531973470463,0.018195020072083658,0.016065022467110848,0.015269302799387787,0.01973630181064415,0.016811926785678267,0.016070960469497863,0.015258988956792044,0.016308323637402384,0.014542178957904738,0.01612260810317103,0.016612441647791434,0.0,0.0,0.013387380139831321,0.01694587739557858,0.013361338768759019
33,EEG_B46,EEG_B46,0.0,0.0,1.9073603005451915e-5,0.01672609419800859,0.013260371500053528,0.01447825085380125,0.01657380045138805,0.01218463844720718,0.014522662858558385,0.019039885779184765,0.014957915303134842,0.017132857826511097,0.0171290029563302,0.015706895953042668,0.017240141526451147,0.019109140754563336,0.018003163085927296,0.01828234550956474,0.0173975181374773,0.018298621363391842,0.015858315967824544,0.0,0.0,0.020354105395203315,0.01690354740443627,0.013327133955002632
34,EEG_B32,EEG_B32,0.00012584573994012864,0.0,0.0002519875866673283,0.016247715200953507,0.015207057605151291,0.016921958606863366,0.01731780408472237,0.019221697081603182,0.017517176559733665,0.011027812253168753,0.01651216441396315,0.019885500121851096,0.01492055899258258,0.013651335519647128,0.01851264123714519,0.016331562340841918,0.01688064787836073,0.02257584308151787,0.018430728272521523,0.014483211002389869,0.016086323244390403,0.0,0.0,0.01309946500576554,0.01748613452278777,0.013307806814102732
35,EEG_B14,EEG_B14,0.0028410967770501035,0.0014409221902017297,0.00323745431786462,0.01510649789950002,0.017421424214006966,0.022121676087653554,0.018140007141220476,0.020706368953927506,0.01503814179860253,0.016190972340367208,0.017353475517695543,0.013710951023716738,0.01651534079890159,0.015712328765577176,0.017232667351080047,0.015565492627730479,0.006953746309583453,0.015125652298109787,0.015614170794989815,0.01785811191242511,0.016897872890352494,0.0,0.0,0.014153271366267319,0.017056787469772895,0.013279777233863886
36,EEG_B52,EEG_B52,0.0,0.0,4.768400751362979e-6,0.014540235073824993,0.01641426248531169,0.01686896785546678,0.016647537305453586,0.013647163035925749,0.017364172210038505,0.020340957854646614,0.015326062231483533,0.01739293039993347,0.01704708388275994,0.016055302354812135,0.016063266258234704,0.014288581838390753,0.018421954241583154,0.016173045079692413,0.016918485862330034,0.013784844594141926,0.018523256392391,0.0,0.0,0.01843667544653046,0.016123328704063203,0.013215315260310638
37,EEG_B60,EEG_B60,0.0,0.0,4.768400751362979e-6,0.016980176848025174,0.01631251222587649,0.01355410196254684,0.015607337585279182,0.014357789065737335,0.014522662858558381,0.020573357043446334,0.015479324941771419,0.015395703244573917,0.016774030428631525,0.015435623543436477,0.01719740843175325,0.017922423543671146,0.01472922298015795,0.017608855694356378,0.01797960987262317,0.016619434267630916,0.016454141602318596,0.0,0.0,0.019989001545030614,0.015864950836051703,0.013174497476889126
38,EEG_B57,EEG_B57,0.0,0.0,4.768400751362979e-6,0.016635411866541175,0.01652156854147005,0.012265641655440874,0.014585941374984937,0.012033527943847168,0.016198424783790293,0.015057221073899014,0.01619947322819494,0.01699508055181561,0.017962035718474767,0.016312403063913936,0.01839871828716013,0.014963690368131805,0.020638901161990034,0.018426332987298913,0.01543438440370176,0.015937002102440097,0.016679742363248914,0.0,0.0,0.021405049606270852,0.015140530760366208,0.013111834009749315
39,EEG_B38,EEG_B38,2.5280886713832655e-5,0.0,4.752593898043551e-5,0.01612311354183076,0.016925744594948028,0.01929844661046865,0.01775932910434779,0.01884322872059049,0.016662902273936082,0.015792573730996323,0.017092041507101523,0.015846704193670624,0.015545447297811316,0.016276548271872006,0.01694558934194576,0.014273229739931621,0.015304449426697779,0.01643837684309778,0.017110593484292492,0.015185061503206572,0.014873099130027314,0.0,0.0,0.01315669546929045,0.017139798231623395,0.01306663119373524
40,EEG_B42,EEG_B42,2.5280886713832655e-5,0.0,2.3736624734685392e-5,0.016302117819463193,0.014574850639200512,0.015049373396631122,0.017587975591568644,0.016355584095593734,0.015373294183648906,0.015533086079536346,0.014215334494627677,0.018552539464371645,0.015636360882319872,0.015112684856256072,0.01797325806149955,0.016189171627633316,0.01319827421837076,0.015284154642551102,0.020653754390213237,0.018077422114459837,0.0160178654600024,0.0,0.0,0.017782468771047995,0.01626516166139719,0.013031349998473664
41,EEG_B43,EEG_B43,2.5280886713832655e-5,0.0,2.3736624734685392e-5,0.014923465164255625,0.014216469630062263,0.016407752056274216,0.01746082991399722,0.01514353617105579,0.017231204144232112,0.0163878592153133,0.01540869949004506,0.017655651233542485,0.016192313133091583,0.015213456941119176,0.015795059786534834,0.011873312948305277,0.017023567080625555,0.014377846365361265,0.017594801878905678,0.016497727174790557,0.016129154326583753,0.0,0.0,0.018545697353073036,0.017146395113359858,0.012850952665279086
42,EEG_B56,EEG_B56,0.0,0.0,4.768400751362979e-6,0.016960940665292183,0.01656785431806807,0.01293783915000874,0.01628587660309593,0.014344394085978871,0.015030855877188493,0.01466163041492586,0.014653825195946749,0.01654713880691119,0.01701110044048069,0.01574433304739262,0.016275797030717153,0.013258072229320442,0.012456031806921862,0.019624680382635103,0.020119064768633694,0.015293791537539552,0.017805584879680855,0.0,0.0,0.019656426792346905,0.015145890726777108,0.01281543588642454
43,EEG_B48,EEG_B48,0.0,0.0,1.9073603005451915e-5,0.018666272644635645,0.018868346295663883,0.013962327010342763,0.01385667858346724,0.01199545370260175,0.016014455268085502,0.013836258171548559,0.01496154163952246,0.01868478900186517,0.017463440177367052,0.017090440040494436,0.017766657844767542,0.014463211958363571,0.019393647946972424,0.0161364676155906,0.013700915315086173,0.016354167148621777,0.013905194157331031,0.0,0.0,0.016343459982018287,0.01628838818251099,0.012790847451594494
44,EEG_B55,EEG_B55,0.0,0.0,1.9073603005451915e-5,0.01618615489185056,0.01678066600717116,0.01157283664644104,0.0161504456289836,0.0114034265484501,0.014673845727899978,0.015868718738840524,0.01502533208982128,0.017635365372963435,0.01768224819336704,0.016301910448104872,0.01606600969307269,0.01669118524724745,0.01930856312496385,0.014403392530765696,0.013885869424389402,0.018185860633014205,0.01545157638512584,0.0,0.0,0.02061175871912917,0.015616605725681083,0.012780833815211536
45,EEG_B51,EEG_B51,0.0,0.0,4.768400751362979e-6,0.014663773851708238,0.01467481813323674,0.014188028358883813,0.01726637681165002,0.014307592281835011,0.014010826879221281,0.01762467877873316,0.014559832401841912,0.015590698464922484,0.016701961270462966,0.01627467944143879,0.015910968808554356,0.01657873112603421,0.01351759268006399,0.01340709207999197,0.017886581252882346,0.01839127019005777,0.01948387599114003,0.0,0.0,0.017948505233562454,0.014779763790403322,0.012710896649095048
46,EEG_B47,EEG_B47,0.0,0.0,1.9073603005451915e-5,0.013660802368749865,0.012305707768926897,0.01414681333001979,0.01694746797828373,0.01417940284139934,0.013661102651346806,0.017249569640308184,0.014588164074541863,0.017569755694832837,0.0162801555903661,0.014893635926433502,0.016143744306788478,0.014527690771891994,0.012007847795515602,0.015825268873390894,0.01923986318276276,0.01962691660770927,0.017555973101676517,0.0,0.0,0.01775700195661804,0.016751819124497587,0.01259751108756262
47,EEG_B30,EEG_B30,0.00012584573994012864,0.00014457146143376535,0.0003234082189156424,0.015172707644496707,0.020960018186649398,0.01502704858932978,0.01524657951668577,0.02034826818408805,0.012480783382270403,0.012808217978876959,0.014918759941459053,0.01853943494694571,0.01412290739610176,0.014672220981620038,0.01607406108885887,0.01459869422726557,0.013716630169146024,0.011168319039092616,0.016379515322098213,0.01761717718839053,0.018028052184523583,0.0,0.0,0.014051337237386047,0.01688526854462479,0.012536393086807977
48,EEG_B53,EEG_B53,0.0,0.0,4.768400751362979e-6,0.014969220763965075,0.018533162316035735,0.012516857069469166,0.013833019132450513,0.010780912489148541,0.01384507216705159,0.014231518483416089,0.014992050789031042,0.01905781272027008,0.017419464190530646,0.01762649466160826,0.016482383121289346,0.016130449851027046,0.021153271300408404,0.015044949639218496,0.015559867957133473,0.015714902915659204,0.01602758194961373,0.0,0.0,0.014442073071648213,0.01441693529489778,0.01251131073138495
49,EEG_B50,EEG_B50,0.0,0.0,1.9073603005451915e-5,0.018102134142500014,0.01573805824365405,0.013140725036142874,0.015318651476647318,0.011153409853086603,0.011761298642632851,0.014403959672546733,0.014951935246938471,0.015847949705278485,0.017465899474076816,0.0169141487807526,0.01580473382636793,0.016962533587512978,0.020099294983438286,0.017104899522286734,0.013045576344207473,0.01594652705197227,0.016869820851853144,0.0,0.0,0.015081641671884609,0.016532472806760175,0.012490589780941832
50,EEG_B39,EEG_B39,2.5280886713832655e-5,0.0,4.752593898043551e-5,0.015111178152565883,0.01617127077456374,0.015212516219217811,0.016434980928099415,0.014331841665922806,0.011192996772336804,0.013480309165249183,0.014005109501587155,0.015614037478845377,0.015618140938693088,0.014401937685355654,0.018031273119269223,0.01979346054337989,0.01773183842646217,0.017926440977907233,0.01454686240376611,0.014815462060947882,0.01686386726744074,0.0,0.0,0.015008457493162547,0.015660584937257468,0.012481014933508975
51,EEG_B31,EEG_B31,0.00012584573994012864,0.0,0.0002519875866673283,0.018655357225435643,0.018381282995086245,0.01528218924420222,0.015128489557240641,0.018469807120244177,0.011761298642632858,0.011901745521071356,0.015128580811692117,0.018851132775601655,0.014668008038714304,0.013722874543972549,0.016591457260560643,0.013757399231704227,0.01385460590572038,0.015532649160576178,0.013747150255076643,0.01670515937454254,0.01762135917989227,0.0,0.0,0.01432376539012501,0.01676432571278966,0.012449058850939554
52,EEG_B41,EEG_B41,2.5280886713832655e-5,0.0,2.3736624734685392e-5,0.017162597236937385,0.015208498331208796,0.012801437030673034,0.015053711328235575,0.014155931535404061,0.012335064953989406,0.01440858453202534,0.014757790006813739,0.015993700230728908,0.016196514271218473,0.015596521101946252,0.0160263190647152,0.016265932119929116,0.01945882112820152,0.016463923008502235,0.014478137359346012,0.016391816707731835,0.014592030786262443,0.0,0.0,0.015148901167126354,0.017243149378827954,0.012391535951650887
53,EEG_B45,EEG_B45,2.5280886713832655e-5,0.0,1.9073603005451915e-5,0.016845214831057394,0.015904447299918162,0.011618712898807526,0.015377307981078931,0.011286052823377801,0.012335064953989408,0.013391776140944577,0.01444093627362801,0.017953547823030987,0.017568330445806163,0.0164995882425168,0.016372088248430228,0.01661864658202796,0.02205931695057987,0.016305420664060932,0.013872180178076707,0.015258630869287134,0.014986871869175392,0.0,0.0,0.013832888019287197,0.01639654955598177,0.01235871708563129
54,EEG_B58,EEG_B58,0.0,0.0,4.768400751362979e-6,0.01940989582103916,0.015930397969829882,0.011112356829906798,0.015283331237906322,0.011637004732068919,0.008744927177215487,0.01383625817154855,0.014710580993386695,0.018698038249748986,0.01765820903309523,0.01691079287414797,0.0161775988817601,0.014353060651919207,0.023298458554256635,0.015925131156335558,0.014908766055671081,0.01630348763476604,0.013532017918683196,0.0,0.0,0.015692587606489714,0.014657171738134004,0.012351393667546437
55,EEG_B59,EEG_B59,0.0,0.0,4.768400751362979e-6,0.0158372631330129,0.014938810590439186,0.011930033563262502,0.014676498556247917,0.011357881038006896,0.011293178191780015,0.01368710645336378,0.01521143087336613,0.017759634700855235,0.017610468635302856,0.017404817976347433,0.017875255954485806,0.015407749816062669,0.021547301367619037,0.017933988708594875,0.015119456388362448,0.015690595128477865,0.014036952194224538,0.0,0.0,0.013450621724353486,0.01575294128156795,0.012341070187059393
56,EEG_B40,EEG_B40,2.5280886713832655e-5,0.0,4.752593898043551e-5,0.017958384285532474,0.014503053899101859,0.012169473254758192,0.014721870185079342,0.01288992539972095,0.010945275444259037,0.013184152985065993,0.01379821774190475,0.015932454018595638,0.0160993353284321,0.016597320880914042,0.017924452084514198,0.0190584788296481,0.0198791061582744,0.020251142029712555,0.01382788574211832,0.014472377690216929,0.01422699663402815,0.0,0.0,0.011770651444919084,0.016110134940590302,0.012255739832123226
57,EEG_B49,EEG_B49,0.0,0.0,1.9073603005451915e-5,0.0164872296954482,0.015125979739115286,0.013408622723758973,0.015123077019153618,0.012330040178706063,0.01007096487457289,0.015363122493697826,0.014248207476771987,0.017513052298410225,0.017564052115599724,0.01672885569928944,0.0166703185715827,0.014065592608271631,0.019846741385516228,0.015847912065453953,0.014259621908452095,0.01659988373005868,0.015209160350205924,0.0,0.0,0.014257766129736697,0.015593516639603417,0.012253311652256437
58,EEG_B44,EEG_B44,2.5280886713832655e-5,0.0,1.9073603005451915e-5,0.016721379249035172,0.014186463549876953,0.011407731203432215,0.015472215106250834,0.01283337072908476,0.01148443362889888,0.013261619381332534,0.014665621567554769,0.018608563158513426,0.016887896843601282,0.016711476290208416,0.01575553260399779,0.015329070311459575,0.021428866724831925,0.01646392300850224,0.014913254947171049,0.015366805272640458,0.012774655384261098,0.0,0.0,0.015147930348290073,0.016368100503493258,0.012233330572086238
59,EEG_B54,EEG_B54,0.0,0.0,1.9073603005451915e-5,0.01631668350655771,0.01725957742952412,0.012258772483963565,0.01378070881260344,0.010669836467974252,0.009828707987555665,0.013993007873162563,0.014439758626262907,0.01786791864857721,0.017567209932441052,0.017361118739360682,0.016354918934234318,0.01451272247589433,0.02122722245436171,0.014491642920344704,0.01578116170906564,0.015150168816401298,0.01536201898193818,0.0,0.0,0.0131183242619317,0.014498846576458875,0.012074376049664775
