Dataseed	Params-combination	T(entropy,2,0.01,0.4)	T(entropy,2,0.01,0.5)	T(entropy,2,0.01,0.6)	T(entropy,4,0.01,0.4)	T(entropy,4,0.01,0.5)	T(entropy,4,0.01,0.6)	RF(0.7,50,half,all)	RF(0.7,50,half,all)σ²	RF(0.7,50,half,all)t	
1	8000,stump_with_memoization,(1,false,"c",["NG","Normalize"]),30,(50,100,75),false,TestOp_80,IA7,htkmel	(96.9, 32.14, 66.07, 66.07, 60.71, 71.43, 68.0, 64.52, 64.15, 47, 59.555, d6507be36cce27f71be90edd7f105c696988f49066b9f449eb56a15b1aea3ffc)	(88.05, 21.43, 60.71, 60.71, 67.86, 53.57, 59.38, 62.5, 63.33, 27, 8.593, d6226aaab35cbc1885c1d613fdb0df5e4e9847e24e188878de551c3516cd6da6)	(83.19, 17.86, 58.93, 58.93, 78.57, 39.29, 56.41, 64.71, 65.67, 17, 8.342, f5799a76ce50fffef8eded695fe4f84ce32af6dbd67acb5872cfe581eac66282)	(94.69, 32.14, 66.07, 66.07, 57.14, 75.0, 69.57, 63.64, 62.75, 39, 8.546, 9ed53a934675fb4a3d696831dac03b32a5d8b505b78dd710ae68dcbe18c2a7f4)	(86.73, 25.0, 62.5, 62.5, 67.86, 57.14, 61.29, 64.0, 64.41, 23, 8.515, aa953335cfedbea7a5ae48f66a8cf24c4f40bc277376ddbc14cec453ded43c5e)	(83.19, 17.86, 58.93, 58.93, 78.57, 39.29, 56.41, 64.71, 65.67, 17, 8.231, f5799a76ce50fffef8eded695fe4f84ce32af6dbd67acb5872cfe581eac66282)	(99.38, 62.14, 81.07, 81.07, 80.71, 81.43, 81.38, 81.09, 80.94, 33.89, 163280.0)	(0.0, 0.68, 0.17, 0.17, 0.42, 0.22, 0.19, 0.3, 0.19, 0.04, 51720.0)	(386.779, ("b81b5b8ebbe5df3a4ca6df86e569902a25aa61f625c7291ee1a9088bf2cfa13b", "c494d9445e06b9d0e3ca68ce20a7c8726a8b28371c99b70018a743929a765c4e", "d92380667ed9146de66eefe64d6849715273f30ed25f41b135f68a621cf33603", "96ae6ef3cef3a43448e92c090d6b874377b2ab87c2dda066bf7ef4e72db9ed4a", "ef69cd89c8dc85cbf0a66b30ea7ffc04e55fc0eb297fddd2db0e37875047ea26"))	
2	8000,stump_with_memoization,(1,false,"c",["NG","Normalize"]),30,(50,100,75),false,TestOp_80,IA7,htkmel	(96.46, 7.14, 53.57, 53.57, 67.86, 39.29, 52.78, 55.0, 59.38, 41, 19.158, 6505f0934b0bf1be4fbe5fe0178015707cf5b7432ffa49a25cc984fc29da1b2d)	(95.13, 14.29, 57.14, 57.14, 75.0, 39.29, 55.26, 61.11, 63.64, 37, 7.434, 68bec416bb7d1ec8490fcf4cff980c078ac75ab5d28bf57b45ef9653a70d892d)	(79.2, 21.43, 60.71, 60.71, 75.0, 46.43, 58.33, 65.0, 65.62, 13, 6.277, 76a632d60d305cfaa25810aa6fc07e5729ae865115d9b0d0745838ad4a604426)	(93.36, 14.29, 57.14, 57.14, 64.29, 50.0, 56.25, 58.33, 60.0, 35, 7.427, 1f442b7262d3b183d705959df561c5eff085aa0743a8ccf28a27c55d47c74344)	(92.48, 21.43, 60.71, 60.71, 71.43, 50.0, 58.82, 63.64, 64.52, 33, 7.375, 589ecc7cdaaa79b9c65496b6b0932cb091307aad62f38534453fb566b92dcaea)	(79.2, 21.43, 60.71, 60.71, 75.0, 46.43, 58.33, 65.0, 65.62, 13, 5.923, 76a632d60d305cfaa25810aa6fc07e5729ae865115d9b0d0745838ad4a604426)	(100.0, 22.86, 61.43, 61.43, 68.57, 54.29, 59.83, 63.82, 63.81, 33.57, 165520.0)	(0.0, 0.8, 0.2, 0.2, 0.79, 0.09, 0.13, 0.35, 0.34, 0.06, 76120.0)	(353.522, ("adcbc904f81c90e2ac5d81856481fb9b3dd260668d13f800aebf92eb6827cf3e", "d2a24a168d8f6b8a64af2b33779cb1a0116ec0ea677eee734565d90085ab8dcd", "1bd69b32e6bc3411894c1f51edb24d1c13f0ea1d77498fc2c39d67cd4588868e", "fa17b3283a9c32aab5385eae4312ac98cc23180b48a4732a68d922020e6488bb", "65ab5eb784138059cc1e7b5dbc3c8470165f09b6ea2a7020490f0057bf2c4b75"))	
3	8000,stump_with_memoization,(1,false,"c",["NG","Normalize"]),30,(50,100,75),false,TestOp_80,IA7,htkmel	(96.9, 10.71, 55.36, 55.36, 57.14, 53.57, 55.17, 55.56, 56.14, 37, 12.684, 4327cc756e714d5df7c8d44ce3e34bb1171a77a2b9c69355e709a2a6b406a5a2)	(90.27, 17.86, 58.93, 58.93, 57.14, 60.71, 59.26, 58.62, 58.18, 21, 5.872, b11246c298411d3d135e2845841feea41eaba613a8ab2330204bd594fbc10651)	(78.32, 14.29, 57.14, 57.14, 60.71, 53.57, 56.67, 57.69, 58.62, 9, 3.945, 5b026690be62bc1a946b125f22726b6e6bdd19bca5fd9949a1f32dc58b0ab18e)	(94.69, 10.71, 55.36, 55.36, 57.14, 53.57, 55.17, 55.56, 56.14, 33, 5.899, a64dda493760eef265b4acb01f326797f6481fdb0cd73ceb53a8f501eae0a6f2)	(90.27, 17.86, 58.93, 58.93, 57.14, 60.71, 59.26, 58.62, 58.18, 21, 5.246, b11246c298411d3d135e2845841feea41eaba613a8ab2330204bd594fbc10651)	(78.32, 14.29, 57.14, 57.14, 60.71, 53.57, 56.67, 57.69, 58.62, 9, 4.492, 5b026690be62bc1a946b125f22726b6e6bdd19bca5fd9949a1f32dc58b0ab18e)	(99.38, 32.86, 66.43, 66.43, 57.86, 75.0, 69.53, 64.31, 63.04, 29.96, 161680.0)	(0.0, 1.43, 0.36, 0.36, 0.92, 0.13, 0.34, 0.36, 0.62, 0.02, 41120.0)	(287.109, ("e90c27430ad77a737945ecdab6a440f328d0f546f96e208887d78b69bafea316", "083116484c789084c13e29acb029360437421364655d5032ca5259db2c7e7c24", "5ad0630f7497eb6a6841e22f6e3c3f70c02c64151020166785645d0499c2ec0c", "1454f06d587405ab342548ca0033656914721c913acce1aab9d0320e3dd50c4b", "b1964478222a76d2c048bd2e949cdea01beb3156b2554d4a345346d3d87fa1d4"))	
4	8000,stump_with_memoization,(1,false,"c",["NG","Normalize"]),30,(50,100,75),false,TestOp_80,IA7,htkmel	(93.36, 10.71, 55.36, 55.36, 64.29, 46.43, 54.55, 56.52, 59.02, 33, 10.228, df83998005da46f909c02b117ca1ad41e2add9ae5eb2e6504f80bbf83fba1a48)	(93.36, 14.29, 57.14, 57.14, 67.86, 46.43, 55.88, 59.09, 61.29, 31, 5.921, 6d36b47d80cbc7806c9a81ba543551ca802c0983778f34402cb5e20933e4afac)	(80.53, 17.86, 58.93, 58.93, 75.0, 42.86, 56.76, 63.16, 64.62, 13, 4.183, 8a9a5ee0d1d221865480d1d136db60e79e6064b30f6d2ac731ef76e908c8e07a)	(93.81, 14.29, 57.14, 57.14, 64.29, 50.0, 56.25, 58.33, 60.0, 35, 5.524, af8f9b02a41446b84aac1d82c9fb8ec3ebdb82bfb19dc0e8a07ac2c532def496)	(93.81, 14.29, 57.14, 57.14, 64.29, 50.0, 56.25, 58.33, 60.0, 35, 5.527, af8f9b02a41446b84aac1d82c9fb8ec3ebdb82bfb19dc0e8a07ac2c532def496)	(80.53, 17.86, 58.93, 58.93, 75.0, 42.86, 56.76, 63.16, 64.62, 13, 4.167, 8a9a5ee0d1d221865480d1d136db60e79e6064b30f6d2ac731ef76e908c8e07a)	(99.73, 48.57, 74.29, 74.29, 75.0, 73.57, 74.03, 74.64, 74.48, 33.1, 161840.0)	(0.0, 0.23, 0.06, 0.06, 0.06, 0.17, 0.09, 0.05, 0.05, 0.03, 9080.0)	(295.707, ("3c6b8c1b6a137cd0bb2b1a38fe04e910f633706849996f65e1f8f3dec1c0e704", "7f0d0706e6f896a861c39f129597ee5e56a354a7b8d1b4ed48ba7c54df77069d", "fb4d9980fdfa248bf0fd65c600a6db1d8718be2285b8705ff4afc3c1d5815bdb", "6eeeb50d8a24b0bb06fdeaeb0eb8d39fdc3c032bd10e6fe598d21da9925578dd", "41bf0e760fb593708c6a90cbf9d1b966a69c3d4201eea9c652867be23d336dcd"))	
5	8000,stump_with_memoization,(1,false,"c",["NG","Normalize"]),30,(50,100,75),false,TestOp_80,IA7,htkmel	(93.36, 17.86, 58.93, 58.93, 67.86, 50.0, 57.58, 60.87, 62.3, 43, 8.045, 1615418e379bcb91b4d9d4b04210393c92057af8b15313e5595338ec749dd47b)	(88.05, 17.86, 58.93, 58.93, 67.86, 50.0, 57.58, 60.87, 62.3, 29, 5.521, 52bfd70506c091d90477788de3596aecaf3e87fc08ec24596af1dbfaf5d63922)	(76.99, 21.43, 60.71, 60.71, 67.86, 53.57, 59.38, 62.5, 63.33, 9, 4.51, 1bfad4587170f56c320db2189aee37e15875bbd717db1fe0cfa7ad9d92c2f26e)	(93.36, 28.57, 64.29, 64.29, 75.0, 53.57, 61.76, 68.18, 67.74, 39, 5.598, fa38c9e1632989811d81e576303c53160a439541e95582c0cbae742ddacfc641)	(89.38, 28.57, 64.29, 64.29, 71.43, 57.14, 62.5, 66.67, 66.67, 29, 5.805, f472ec6b2558d4da9ebef95389ade283a5737ca5b7b66e3aca503d343cda3e26)	(76.99, 21.43, 60.71, 60.71, 67.86, 53.57, 59.38, 62.5, 63.33, 9, 4.835, 1bfad4587170f56c320db2189aee37e15875bbd717db1fe0cfa7ad9d92c2f26e)	(99.73, 50.0, 75.0, 75.0, 70.71, 79.29, 77.4, 73.29, 73.77, 32.77, 164560.0)	(0.0, 0.7, 0.18, 0.18, 0.54, 0.22, 0.19, 0.28, 0.25, 0.04, 94280.0)	(360.99, ("858eb89a92d1fcf660918302f682e948ec4665438d5090883a98ef642ee283ae", "26091961a7af82b51219ae3d74c6b91fba73f0e1096ddaafcdafb1a122fa52bb", "2702fb21c4633c2662d23285ef9a92b8bf90da950ee4be3873828eb6f5b58a51", "a2896c0a5e62a7264d6ac8c78765ea60e9301da1695594a1f64b5a1c28c41b95", "6ea23b83ebedf0b36c28c2f32ec919a695ab18c5bb94112aa548539b1a9aa1fd"))	
6	8000,stump_with_memoization,(1,false,"c",["NG","Normalize"]),30,(50,100,75),false,TestOp_80,IA7,htkmel	(95.58, 25.0, 62.5, 62.5, 57.14, 67.86, 64.0, 61.29, 60.38, 33, 6.878, c3f961cb24c11df7bf7189904f08824cdb57e48f4ecd96a63af1cc3ce34a9f0c)	(91.15, 21.43, 60.71, 60.71, 53.57, 67.86, 62.5, 59.38, 57.69, 25, 6.157, 80f8cf206c3e3795ebe39c997607be62d9b6679e8f3431c49df182587255700b)	(82.3, 35.71, 67.86, 67.86, 75.0, 60.71, 65.62, 70.83, 70.0, 13, 4.85, cd1b6c2dd17a3eb021eb8a69dd5a92a5511f8343e6ac83cbf3981e523480aecc)	(94.69, 21.43, 60.71, 60.71, 53.57, 67.86, 62.5, 59.38, 57.69, 33, 6.44, e9038869c23e1f691879cc1ed306207cbfc81563746ac21acc07c7a5639e7176)	(90.27, 17.86, 58.93, 58.93, 50.0, 67.86, 60.87, 57.58, 54.9, 25, 6.142, 91e63eb5d91f2f4644769622cae266e0ae7991f0e287a2441fb8efb168bea9ab)	(81.86, 39.29, 69.64, 69.64, 78.57, 60.71, 66.67, 73.91, 72.13, 13, 4.878, 28dc32ba519f6e0da9e69f0cbf893c71913b8154ef1e7872e4877ae19e9a8e9a)	(99.65, 31.43, 65.71, 65.71, 66.43, 65.0, 65.56, 66.26, 65.82, 32.12, 158560.0)	(0.0, 0.85, 0.21, 0.21, 0.68, 0.41, 0.22, 0.32, 0.29, 0.04, 114680.0)	(350.665, ("88dcfdfe0dc5f3aee292bf32b92a0774ba8814692edde9a710bec9cf88eb52de", "7b85a439f400582c20760eaf252b0879bed98f486fd440714d578716a90ac2f9", "d39b7b771cfeaf1b5b1871a6c5eceb77b724bba06cca43a8532cfbf5111ad8b8", "d87362a92edd7e93c51b29172269bbdda410ce7c743994bfdf37262c33be0df5", "614e4e438a1a07508ff21b46c34b81403216d803aab604aacddba30bd0a237b0"))	
7	8000,stump_with_memoization,(1,false,"c",["NG","Normalize"]),30,(50,100,75),false,TestOp_80,IA7,htkmel	(95.58, 35.71, 67.86, 67.86, 75.0, 60.71, 65.62, 70.83, 70.0, 35, 10.0, 90263e9293b7d4585056b671ac359cc8f7e7b3e583250588d01da921f4363796)	(92.04, 28.57, 64.29, 64.29, 71.43, 57.14, 62.5, 66.67, 66.67, 27, 8.452, 3720d1e1d01c3c962266d89dbd44367544ec3d10bfa3d401e3be4ec7d12f1305)	(76.99, 28.57, 64.29, 64.29, 85.71, 42.86, 60.0, 75.0, 70.59, 9, 6.33, e0505f5ff813990594d43b7ef2fa9d409181c0792e4ff845e872f9a86ac75b73)	(95.58, 39.29, 69.64, 69.64, 78.57, 60.71, 66.67, 73.91, 72.13, 33, 8.441, 020c99a881ef03b40bc91575cd3d0d676c66a319297f5fed07d5d8a01cd8f877)	(92.04, 32.14, 66.07, 66.07, 75.0, 57.14, 63.64, 69.57, 68.85, 25, 8.446, 6fa598dba1da8e887d3a9f99980058eee4b42df6c586b5a6f39a713967599e04)	(76.99, 28.57, 64.29, 64.29, 85.71, 42.86, 60.0, 75.0, 70.59, 9, 6.323, e0505f5ff813990594d43b7ef2fa9d409181c0792e4ff845e872f9a86ac75b73)	(99.91, 42.86, 71.43, 71.43, 81.43, 61.43, 67.88, 76.87, 74.02, 33.27, 161600.0)	(0.0, 0.13, 0.03, 0.03, 0.09, 0.09, 0.03, 0.08, 0.03, 0.05, 52400.0)	(338.524, ("e485be7904d870b0de0f5393743d306eb198dcab62e2b02b5f6748d8b6bc7585", "fcd2a95205fa72f9b7fc417aa12de5713781cd9930f727a70211e8ab26dc7b55", "9fb1ae34dc23d84a747fe0d3368a84b3852015bb90c367b236d32d630657722a", "1e28c2eeb51618913444b4bf08e81b0ff5d9765aaf8c30ca058d516b118bc9e8", "d17bb8f56897657b0f519ca569c7dd79a5e8d54c22c90b0769dd469eaf7facfa"))	
8	8000,stump_with_memoization,(1,false,"c",["NG","Normalize"]),30,(50,100,75),false,TestOp_80,IA7,htkmel	(93.81, 10.71, 55.36, 55.36, 46.43, 64.29, 56.52, 54.55, 50.98, 35, 6.853, 920c0f25bff2baaec1d1c20064b2852ead262e81268a2ee5fef378f6e7f1b05c)	(92.04, 10.71, 55.36, 55.36, 46.43, 64.29, 56.52, 54.55, 50.98, 27, 6.409, 6ea88e2b28a869f49fc2732b05774aa018d36bfbcf2f3c0e006de648ae5f48fa)	(77.43, 10.71, 55.36, 55.36, 57.14, 53.57, 55.17, 55.56, 56.14, 9, 3.83, 5c474fecdc699c73d0e5d4eb75d42ec3ca724a39c65433f9e3a343a894785564)	(93.36, 7.14, 53.57, 53.57, 46.43, 60.71, 54.17, 53.12, 50.0, 35, 5.576, 5bb38408572c86ae02a02322ed9b821fb4200f29ca435b619b7d27456d8daf66)	(91.59, 10.71, 55.36, 55.36, 46.43, 64.29, 56.52, 54.55, 50.98, 27, 5.545, 3ba3bf2f5c76ae16951328b193cc7d1de21d66003f1cff9cd1f225f89f8d2874)	(77.43, 10.71, 55.36, 55.36, 57.14, 53.57, 55.17, 55.56, 56.14, 9, 3.828, 5c474fecdc699c73d0e5d4eb75d42ec3ca724a39c65433f9e3a343a894785564)	(99.47, 22.14, 61.07, 61.07, 51.43, 70.71, 64.08, 59.25, 56.85, 32.12, 161280.0)	(0.0, 0.98, 0.25, 0.25, 0.42, 0.73, 0.41, 0.17, 0.29, 0.1, 6120.0)	(324.743, ("da538a0d54d17b8084eea727ba6abab0f58c312dd48eefc9da9f2a2729d49139", "8f13261d9afa406a15058ccdf8210bf6de47d18aadbbc486d070a4500e9f7067", "058b95d39a961edc5066fd4dc80a70d93488628240ad56d1c479e644852c41af", "9ea0e368e07b59397cfadbb5e4f48b9656596f5c05efac1404aa3845efaaa291", "3a54f6f1012bf5b835cf1b3b020fc901e996b965eb2708aca44fb7d52b2297a7"))	
9	8000,stump_with_memoization,(1,false,"c",["NG","Normalize"]),30,(50,100,75),false,TestOp_80,IA7,htkmel	(92.92, 3.57, 51.79, 51.79, 75.0, 28.57, 51.22, 53.33, 60.87, 27, 11.096, 7386e6830f3a13da8680302984592b726b8ea27c32b62d28c2779725941bcef0)	(88.94, 3.57, 51.79, 51.79, 75.0, 28.57, 51.22, 53.33, 60.87, 19, 11.081, 8f55bdf9d01123b09e56f12ad2fdde29797714e6fc96c3a185b8eec10f0e165a)	(88.94, 3.57, 51.79, 51.79, 75.0, 28.57, 51.22, 53.33, 60.87, 19, 10.42, 8f55bdf9d01123b09e56f12ad2fdde29797714e6fc96c3a185b8eec10f0e165a)	(92.04, 3.57, 51.79, 51.79, 75.0, 28.57, 51.22, 53.33, 60.87, 25, 10.75, da706448a0c41b15b01ab2648adbceda9754b7dbaf2394babbdf794e523ba5ca)	(88.94, 3.57, 51.79, 51.79, 75.0, 28.57, 51.22, 53.33, 60.87, 19, 10.42, 8f55bdf9d01123b09e56f12ad2fdde29797714e6fc96c3a185b8eec10f0e165a)	(88.94, 3.57, 51.79, 51.79, 75.0, 28.57, 51.22, 53.33, 60.87, 19, 10.674, 8f55bdf9d01123b09e56f12ad2fdde29797714e6fc96c3a185b8eec10f0e165a)	(99.91, 20.71, 60.36, 60.36, 64.29, 56.43, 59.78, 61.11, 61.89, 31.77, 157640.0)	(0.0, 0.47, 0.12, 0.12, 0.06, 0.47, 0.14, 0.1, 0.06, 0.02, 45080.0)	(271.353, ("52bc1b0f8371709d9bbf3d681f41d9c2639317f10e2256563caa9e14a4af4679", "782005671a94f35e7dfe89df2406befc7678ee9edc33489a90347660e5b92eb6", "374246fa852df88db3cece467c1eae52f62ebf5eb2eb624c20adc4fdca19fb9e", "84127185b6fb5ada7454dd08832d43865f8e2c643189671e749d1727947d07c0", "be9d9198cf8e1bb7829283fccaad5b337a17abdb649aa75de7313749d4cc2137"))	
10	8000,stump_with_memoization,(1,false,"c",["NG","Normalize"]),30,(50,100,75),false,TestOp_80,IA7,htkmel	(95.58, 10.71, 55.36, 55.36, 46.43, 64.29, 56.52, 54.55, 50.98, 37, 7.121, 251404781d0a84ddadf93d4cc6d4e2174a9b22ae416558d4002edb52f0199bcd)	(92.48, 17.86, 58.93, 58.93, 46.43, 71.43, 61.9, 57.14, 53.06, 33, 7.638, 910b2d57df6db738733ad035c97f49aff5ac52960c435c4d8369ed956ff64697)	(81.42, 10.71, 55.36, 55.36, 60.71, 50.0, 54.84, 56.0, 57.63, 15, 6.389, a7838947d07d38f0c5ac3d3741686cd11241778f277f1a469932a2d63140e375)	(93.36, 10.71, 55.36, 55.36, 46.43, 64.29, 56.52, 54.55, 50.98, 33, 7.166, 3af186ed7c61d5b3a03e6b86ea31d2db6bee91faed9e4f9ffb99e8705c9db471)	(90.27, 17.86, 58.93, 58.93, 46.43, 71.43, 61.9, 57.14, 53.06, 29, 7.029, f7758ed34f7d84c6f0fc9fe498d8e474bb7d25ea646dec1a623fb01b87deca28)	(81.42, 10.71, 55.36, 55.36, 60.71, 50.0, 54.84, 56.0, 57.63, 15, 6.556, a7838947d07d38f0c5ac3d3741686cd11241778f277f1a469932a2d63140e375)	(99.65, 50.0, 75.0, 75.0, 66.43, 83.57, 80.49, 71.42, 72.63, 33.81, 164360.0)	(0.0, 0.32, 0.08, 0.08, 0.23, 0.29, 0.3, 0.07, 0.1, 0.02, 24280.0)	(311.186, ("88deffbde523b6eafa17a6fb6ee39ffa87dc81ae5eac7278050e010bd48198b6", "e565721f600195750bf959793f0e7fa1dbf40d23417cc90957a67228ad614c4b", "cf893ecc3a87961eeaf464626338983ab289d38ec8a14bafa4564557727afe12", "7e9ac0268cd335f3614287acfae18e946b04f4b0732187083515875588e1f050", "6604c1a01abb402d624d209963426e45549221da471ffa1f05be5bdb9357bd2e"))	
1	8000,stump_with_memoization,(2,true,"b",["Normalize"]),30,(50,100,75),false,TestOp_80,IA7,htkmel	(96.51, 63.64, 81.82, 81.82, 72.73, 90.91, 88.89, 76.92, 80.0, 9, 77.322, b2584e4132967d81cf5dc047619ac46434c2237a9d66a174d5be2168351dfa9d)	(96.51, 63.64, 81.82, 81.82, 72.73, 90.91, 88.89, 76.92, 80.0, 9, 3.069, b2584e4132967d81cf5dc047619ac46434c2237a9d66a174d5be2168351dfa9d)	(96.51, 63.64, 81.82, 81.82, 72.73, 90.91, 88.89, 76.92, 80.0, 9, 3.014, b2584e4132967d81cf5dc047619ac46434c2237a9d66a174d5be2168351dfa9d)	(96.51, 63.64, 81.82, 81.82, 72.73, 90.91, 88.89, 76.92, 80.0, 9, 3.356, b2584e4132967d81cf5dc047619ac46434c2237a9d66a174d5be2168351dfa9d)	(96.51, 63.64, 81.82, 81.82, 72.73, 90.91, 88.89, 76.92, 80.0, 9, 3.059, b2584e4132967d81cf5dc047619ac46434c2237a9d66a174d5be2168351dfa9d)	(96.51, 63.64, 81.82, 81.82, 72.73, 90.91, 88.89, 76.92, 80.0, 9, 3.324, b2584e4132967d81cf5dc047619ac46434c2237a9d66a174d5be2168351dfa9d)	(98.84, 54.55, 77.27, 77.27, 63.64, 90.91, 87.22, 71.84, 73.24, 16.74, 56120.0)	(0.01, 1.24, 0.31, 0.31, 1.24, 0.0, 0.05, 0.35, 0.75, 0.04, 65120.0)	(280.195, ("bf2608ee329e5cbaee8a6b082f1a42a0cb3c974985f55d5120229bd15f645121", "eda027ce761c8287977542786b0e9f7a7e0cf59258f7795f1d577c537b9fd1ee", "7223eedde6f181577b312a478e33a9132af18f082c17e32dc223e4c317edfa3f", "4f7ddd8ce19e7b039ed7ed89a40ed644b98aa2049c1c7c2225e20c2e47402be7", "21268e3035d17f59d3e208d47b65eb3fd2b20cb2e79f665fc80d436a03c5be0c"))	
2	8000,stump_with_memoization,(2,true,"b",["Normalize"]),30,(50,100,75),false,TestOp_80,IA7,htkmel	(95.35, 72.73, 86.36, 86.36, 81.82, 90.91, 90.0, 83.33, 85.71, 9, 59.234, 11ba820f003b36b27ad1a71d9c4067454b4a5164836c1b62e6dd194484c33cee)	(95.35, 72.73, 86.36, 86.36, 81.82, 90.91, 90.0, 83.33, 85.71, 9, 3.707, 11ba820f003b36b27ad1a71d9c4067454b4a5164836c1b62e6dd194484c33cee)	(87.21, 54.55, 77.27, 77.27, 63.64, 90.91, 87.5, 71.43, 73.68, 5, 2.166, 08ba4c400dd0109a1063551b3511df1678753fa1c762a51548fd749a2bc740e1)	(95.35, 72.73, 86.36, 86.36, 81.82, 90.91, 90.0, 83.33, 85.71, 9, 3.781, 11ba820f003b36b27ad1a71d9c4067454b4a5164836c1b62e6dd194484c33cee)	(95.35, 72.73, 86.36, 86.36, 81.82, 90.91, 90.0, 83.33, 85.71, 9, 3.641, 11ba820f003b36b27ad1a71d9c4067454b4a5164836c1b62e6dd194484c33cee)	(87.21, 54.55, 77.27, 77.27, 63.64, 90.91, 87.5, 71.43, 73.68, 5, 2.168, 08ba4c400dd0109a1063551b3511df1678753fa1c762a51548fd749a2bc740e1)	(98.84, 60.0, 80.0, 80.0, 69.09, 90.91, 88.25, 74.87, 77.33, 15.81, 60320.0)	(0.01, 0.66, 0.17, 0.17, 0.66, 0.0, 0.02, 0.21, 0.36, 0.04, 9320.0)	(220.454, ("228162d729e1cf4bf87306586e5c934cb9b4923329b1fefe257030725d5371ca", "9dc937ca33b402300ea3212cad6d7541239399efb0130bfe7f3f881483213f6c", "ba3afdaeba25617006cd2e592287c5220cf1bc23bd6736e9d3e39ce5e0a0ac1e", "f8c1ddd24cbbdcc0cada22b71d8edeb117bfd1e5f20c8e643a0b166aaf88242c", "39546318302bece5b58a4769f775bacca6738f5e2d659fe2e996889ca218ea9f"))	
3	8000,stump_with_memoization,(2,true,"b",["Normalize"]),30,(50,100,75),false,TestOp_80,IA7,htkmel	(95.35, 36.36, 68.18, 68.18, 45.45, 90.91, 83.33, 62.5, 58.82, 13, 15.467, 205a1de422d9c929619d27cbef726fd3aa29320e27729ad6dc66ea1f096f3d12)	(89.53, 54.55, 77.27, 77.27, 72.73, 81.82, 80.0, 75.0, 76.19, 7, 2.194, 522998e4313c72b0b267fb3228943c8e30766d8fa382d7083a4c40852c8983ed)	(80.23, 27.27, 63.64, 63.64, 72.73, 54.55, 61.54, 66.67, 66.67, 3, 0.097, 8f3d7ab88d1d22f99b801128ae20a8efcfa98602b71d83f7c2e41c328e38dcdd)	(95.35, 27.27, 63.64, 63.64, 45.45, 81.82, 71.43, 60.0, 55.56, 11, 2.937, dfb4f447203c122726b4e24d4194a361dc50dfd3faf459e1f1880a691ff06d75)	(91.86, 45.45, 72.73, 72.73, 72.73, 72.73, 72.73, 72.73, 72.73, 9, 2.19, 5b287a1c1c175baf8ddb5387a1a2e50777476bcf8ab62998cc791a298fa86b73)	(80.23, 27.27, 63.64, 63.64, 72.73, 54.55, 61.54, 66.67, 66.67, 3, 0.096, 8f3d7ab88d1d22f99b801128ae20a8efcfa98602b71d83f7c2e41c328e38dcdd)	(98.84, 40.0, 70.0, 70.0, 58.18, 81.82, 76.11, 66.26, 65.89, 22.61, 57360.0)	(0.01, 0.25, 0.06, 0.06, 0.25, 0.0, 0.02, 0.07, 0.14, 0.02, 17080.0)	(124.267, ("2690f70eeab44620455a0882653a1b41080c2ae476f5825279751b1c7271b866", "4c5fdf0fc0da8364754752584a3bbf23698c6706fa75f5064efa7b1decfcb522", "f1071a138e7f852da42f03d4e8d575ec7d7478a3637f2a8fe65130e0c21dba8d", "3fdedb239c9081128717bcf4e83edd5c3ef52631a4e3230b51e64c89bc885680", "5cc69bf3f26236bf719bb7f46d215affec8a9af8cb15fda6a57a80e573986339"))	
4	8000,stump_with_memoization,(2,true,"b",["Normalize"]),30,(50,100,75),false,TestOp_80,IA7,htkmel	(97.67, 63.64, 81.82, 81.82, 72.73, 90.91, 88.89, 76.92, 80.0, 17, 9.815, b90a3a22d1217ee29c5508d3bf54b191c47d1e2233c9410ca04f93506145a3ba)	(89.53, 54.55, 77.27, 77.27, 72.73, 81.82, 80.0, 75.0, 76.19, 9, 2.651, 35077583bc8eabddad5f73de680b5c56d0cf690b86cfb0959dc7b1d691182ac8)	(83.72, 63.64, 81.82, 81.82, 72.73, 90.91, 88.89, 76.92, 80.0, 5, 2.494, 677ca03359f83dea7fb490ae87a3af8638ea7222429501a2f8b4402f8f1dc803)	(95.35, 63.64, 81.82, 81.82, 72.73, 90.91, 88.89, 76.92, 80.0, 15, 3.706, 911fdd8cc0bd89a68a39b9ccfae397759d6bdd4501da432f60b1e0e9ba47cdaa)	(89.53, 54.55, 77.27, 77.27, 72.73, 81.82, 80.0, 75.0, 76.19, 9, 2.611, 35077583bc8eabddad5f73de680b5c56d0cf690b86cfb0959dc7b1d691182ac8)	(83.72, 63.64, 81.82, 81.82, 72.73, 90.91, 88.89, 76.92, 80.0, 5, 2.497, 677ca03359f83dea7fb490ae87a3af8638ea7222429501a2f8b4402f8f1dc803)	(100.0, 63.64, 81.82, 81.82, 72.73, 90.91, 88.89, 76.92, 80.0, 22.79, 62800.0)	(0.0, 0.0, 0.0, 0.0, 0.0, 0.0, 0.0, 0.0, 0.0, 0.02, 17600.0)	(268.952, ("99615cbdb06f7992ca56875942df94c53e0920bdf3bade8378f26f76b5fcf40b", "5c5832a17f06bc43443206cd42bf5237e5e850adf6235d54ba921a9fa65d593b", "91427938b601904691e38f65e7d8ae7f2bfe899af77ed5d0b9232725fd02971a", "fc9b221d6e39d52d99b5e1e1320ce160bd5b27297ac3ad559b9716c6d2bb098e", "d13d9854ddb3bf7124f58d8e4ab9fc4e587e174db80fd8bb6a18c154a06634e4"))	
5	8000,stump_with_memoization,(2,true,"b",["Normalize"]),30,(50,100,75),false,TestOp_80,IA7,htkmel	(96.51, 54.55, 77.27, 77.27, 63.64, 90.91, 87.5, 71.43, 73.68, 15, 16.588, 4b5dd12234ea860256c4234a54cbd4232eabd1456e825a4fd6fbc59fddde806c)	(93.02, 54.55, 77.27, 77.27, 63.64, 90.91, 87.5, 71.43, 73.68, 9, 2.558, 6a86074c4778eb95c1077a10e042a4f9e542c615a79837231e1018ceb56e2760)	(88.37, 45.45, 72.73, 72.73, 54.55, 90.91, 85.71, 66.67, 66.67, 7, 2.092, cc95ffe49d1c1869f99d6429375bc68142a6f1baf2bd29d4d0a9a33b09dcbd2a)	(94.19, 63.64, 81.82, 81.82, 72.73, 90.91, 88.89, 76.92, 80.0, 11, 2.83, 9e8012032c4a6718ee4340df53e573114664a4d5d95b5be5fe37c3def2a20491)	(93.02, 54.55, 77.27, 77.27, 63.64, 90.91, 87.5, 71.43, 73.68, 9, 2.301, 6a86074c4778eb95c1077a10e042a4f9e542c615a79837231e1018ceb56e2760)	(88.37, 45.45, 72.73, 72.73, 54.55, 90.91, 85.71, 66.67, 66.67, 7, 2.386, cc95ffe49d1c1869f99d6429375bc68142a6f1baf2bd29d4d0a9a33b09dcbd2a)	(99.53, 76.36, 88.18, 88.18, 89.09, 87.27, 87.7, 89.03, 88.29, 24.65, 62080.0)	(0.0, 0.25, 0.06, 0.06, 0.17, 0.25, 0.16, 0.1, 0.06, 0.04, 38520.0)	(232.108, ("b0bfa8a7b90446d8d48654d3602960dc72b450bd384f850e2d7846ec2b7606f7", "60c647e055a9c963ca172c94954784dba38eb3270fdc30e0b1409961447bc7cc", "f1fe48e780e6058e889ebe4759ec9f5819024f7020c7d89daf3923298871b804", "8a3f7d261a629a05d396fa4edf4e2ce4bee31d24abaa382eb38e1aa22b095471", "67bbbde0c0ae6f1b6612df70c422922633c3d4f4cc08929a94c81b76a0e50379"))	
6	8000,stump_with_memoization,(2,true,"b",["Normalize"]),30,(50,100,75),false,TestOp_80,IA7,htkmel	(95.35, 72.73, 86.36, 86.36, 81.82, 90.91, 90.0, 83.33, 85.71, 9, 9.419, 33090508cbace58ee4b022c045a06e095772d0928a003b91374f5b577ee0dff4)	(95.35, 72.73, 86.36, 86.36, 81.82, 90.91, 90.0, 83.33, 85.71, 9, 2.85, 33090508cbace58ee4b022c045a06e095772d0928a003b91374f5b577ee0dff4)	(95.35, 72.73, 86.36, 86.36, 81.82, 90.91, 90.0, 83.33, 85.71, 9, 2.857, 33090508cbace58ee4b022c045a06e095772d0928a003b91374f5b577ee0dff4)	(95.35, 72.73, 86.36, 86.36, 81.82, 90.91, 90.0, 83.33, 85.71, 9, 2.595, 33090508cbace58ee4b022c045a06e095772d0928a003b91374f5b577ee0dff4)	(95.35, 72.73, 86.36, 86.36, 81.82, 90.91, 90.0, 83.33, 85.71, 9, 2.901, 33090508cbace58ee4b022c045a06e095772d0928a003b91374f5b577ee0dff4)	(95.35, 72.73, 86.36, 86.36, 81.82, 90.91, 90.0, 83.33, 85.71, 9, 2.846, 33090508cbace58ee4b022c045a06e095772d0928a003b91374f5b577ee0dff4)	(99.07, 80.0, 90.0, 90.0, 80.0, 100.0, 100.0, 83.61, 88.73, 22.79, 61600.0)	(0.01, 0.58, 0.14, 0.14, 0.58, 0.0, 0.0, 0.29, 0.22, 0.05, 3400.0)	(210.964, ("ec14c0f8477ebf5e699957776677748e80c9202942a236a1d54a4689024d58c5", "903309739849d26cdf188d2f277c77669e4bfc6e4ae276938f92c7938ba7a03e", "c7c4f072e225f6f8f19a5e7e099af3bd8986a075f484d6d4f8ecb3bac3c46ca4", "634f8e46c04dfd13afc3f5e813eabf8f51415d47d9632c33741d6623017823d7", "a2fb70d91970e72ca9aad2b1156ca776b55250031c61f203abeacc2ee83b9138"))	
7	8000,stump_with_memoization,(2,true,"b",["Normalize"]),30,(50,100,75),false,TestOp_80,IA7,htkmel	(95.35, 63.64, 81.82, 81.82, 72.73, 90.91, 88.89, 76.92, 80.0, 11, 5.912, cbf3bb99dd4d722d60a2ee10aaaa09f430da4a5f91f4a7768ba483bed7aaa001)	(95.35, 63.64, 81.82, 81.82, 72.73, 90.91, 88.89, 76.92, 80.0, 11, 3.832, cbf3bb99dd4d722d60a2ee10aaaa09f430da4a5f91f4a7768ba483bed7aaa001)	(95.35, 63.64, 81.82, 81.82, 72.73, 90.91, 88.89, 76.92, 80.0, 11, 3.853, cbf3bb99dd4d722d60a2ee10aaaa09f430da4a5f91f4a7768ba483bed7aaa001)	(94.19, 63.64, 81.82, 81.82, 81.82, 81.82, 81.82, 81.82, 81.82, 11, 4.097, 33637b4442b43fd82778a36b03bc05897b294c674532b9ed70b6e502bcc1cad2)	(94.19, 63.64, 81.82, 81.82, 81.82, 81.82, 81.82, 81.82, 81.82, 11, 4.093, 33637b4442b43fd82778a36b03bc05897b294c674532b9ed70b6e502bcc1cad2)	(94.19, 63.64, 81.82, 81.82, 81.82, 81.82, 81.82, 81.82, 81.82, 11, 4.09, 33637b4442b43fd82778a36b03bc05897b294c674532b9ed70b6e502bcc1cad2)	(99.77, 70.91, 85.45, 85.45, 81.82, 89.09, 88.32, 83.26, 84.83, 24.65, 62360.0)	(0.0, 0.58, 0.14, 0.14, 0.41, 0.17, 0.14, 0.25, 0.18, 0.05, 12680.0)	(166.205, ("5f652f13b9ba0f85ee712ab3c692e1eeef0026f7816bf455654ccb39238ebe2a", "8472c3174a4baacde5d051d0965608001f7d00708a4b8475f024f55528de5606", "7408b6947e9ac34d367530b6654aa1570ae69904f073d2b736d65356dbd3d243", "0c8a2f9a1518fe4f9283324888d80f2df1cf0990db8217d0e28f766ec8a69aee", "57b14c86ff966a9a85ca34e285848e5f221410cdabf88203efff6cc63073efd7"))	
8	8000,stump_with_memoization,(2,true,"b",["Normalize"]),30,(50,100,75),false,TestOp_80,IA7,htkmel	(94.19, 63.64, 81.82, 81.82, 81.82, 81.82, 81.82, 81.82, 81.82, 11, 9.657, ffb166820ffbd16dbf1bf4d9a41c46505ed1c937cebb15e8196757e26787f854)	(94.19, 63.64, 81.82, 81.82, 81.82, 81.82, 81.82, 81.82, 81.82, 9, 2.871, 195724eca5c2d095241e86fe5aa4afffd00846954b57e7bb0880576f794ded6b)	(86.05, 45.45, 72.73, 72.73, 54.55, 90.91, 85.71, 66.67, 66.67, 5, 1.723, ec20e3fb12087e65593aa08f56a592c96a8b9c8bbfea09b1151bf5c61d8789a3)	(94.19, 63.64, 81.82, 81.82, 81.82, 81.82, 81.82, 81.82, 81.82, 9, 2.654, 195724eca5c2d095241e86fe5aa4afffd00846954b57e7bb0880576f794ded6b)	(94.19, 63.64, 81.82, 81.82, 81.82, 81.82, 81.82, 81.82, 81.82, 9, 2.606, 195724eca5c2d095241e86fe5aa4afffd00846954b57e7bb0880576f794ded6b)	(86.05, 45.45, 72.73, 72.73, 54.55, 90.91, 85.71, 66.67, 66.67, 5, 1.721, ec20e3fb12087e65593aa08f56a592c96a8b9c8bbfea09b1151bf5c61d8789a3)	(99.53, 85.45, 92.73, 92.73, 89.09, 96.36, 96.18, 90.1, 92.37, 18.14, 61520.0)	(0.01, 1.07, 0.27, 0.27, 0.58, 0.25, 0.27, 0.44, 0.3, 0.09, 10120.0)	(144.799, ("52259413d45687f0867c853ff20be940aaea76a37604b1ad760ae4ab5f6453e4", "a22fd2a2d31b2916c45889f8e53f53896c7fd8daa152bc71d4a9cbf36404685a", "b384e935811fddb21aeb8856db1d38db4c918d878719a202ff36d47e4232d308", "1d8b5934cb8e44a3893cce166d5b9a2c0bd0d0db3671f315f5114e5461c81526", "5e241befef802a88f9ef7e810298617855f645f7d427408a03cdf9aca8b49760"))	
9	8000,stump_with_memoization,(2,true,"b",["Normalize"]),30,(50,100,75),false,TestOp_80,IA7,htkmel	(95.35, 27.27, 63.64, 63.64, 54.55, 72.73, 66.67, 61.54, 60.0, 11, 6.029, a9d3ca40c7e96804bd18e0bfabf8bbcadb7acc8cf10e0dcbe4702e267d6aad73)	(95.35, 27.27, 63.64, 63.64, 54.55, 72.73, 66.67, 61.54, 60.0, 11, 3.772, a9d3ca40c7e96804bd18e0bfabf8bbcadb7acc8cf10e0dcbe4702e267d6aad73)	(82.56, 18.18, 59.09, 59.09, 63.64, 54.55, 58.33, 60.0, 60.87, 5, 2.298, b569974bd714e5bff13a90bc7073f9bcfa8860d15ee9890b85c20bcbe585436d)	(94.19, 27.27, 63.64, 63.64, 54.55, 72.73, 66.67, 61.54, 60.0, 11, 3.796, ebbee13024ab7dcb404f3fbf2c856edf8e841f03bfdc80bf6fc88f185370dcbd)	(94.19, 27.27, 63.64, 63.64, 54.55, 72.73, 66.67, 61.54, 60.0, 11, 3.764, ebbee13024ab7dcb404f3fbf2c856edf8e841f03bfdc80bf6fc88f185370dcbd)	(82.56, 18.18, 59.09, 59.09, 63.64, 54.55, 58.33, 60.0, 60.87, 5, 2.578, b569974bd714e5bff13a90bc7073f9bcfa8860d15ee9890b85c20bcbe585436d)	(99.53, 49.09, 74.55, 74.55, 67.27, 81.82, 79.06, 71.47, 72.55, 25.35, 63720.0)	(0.01, 0.66, 0.17, 0.17, 0.25, 0.41, 0.39, 0.13, 0.17, 0.03, 9520.0)	(120.423, ("0583e1a42afa5fc58dd1fcb58e2e967d07cf814dfa71ca7d25fdd8b2880f9a01", "7c110e114b7e625c730f7981d22ca483cc3f4a01b6ccf909de1933364153a17a", "6001f7e2b00af0f29ff3d398e9f371601820f43b5d2cd53fc1330641506779bd", "fbfcd1f5cad0b2edcb4ff6b121ff99540ecfd0eba450510af45bcd5d2c7dcd5a", "dd69ffc925148f764744c9af9c4d7c63232d0799399644dacb8ca7d95a4fd8cf"))	
10	8000,stump_with_memoization,(2,true,"b",["Normalize"]),30,(50,100,75),false,TestOp_80,IA7,htkmel	(98.84, 63.64, 81.82, 81.82, 81.82, 81.82, 81.82, 81.82, 81.82, 13, 7.088, d55726c9709831b63d846bd3133e81b47cda523cb70626390e2b67b01d60e764)	(98.84, 63.64, 81.82, 81.82, 81.82, 81.82, 81.82, 81.82, 81.82, 13, 3.854, d55726c9709831b63d846bd3133e81b47cda523cb70626390e2b67b01d60e764)	(82.56, 54.55, 77.27, 77.27, 81.82, 72.73, 75.0, 80.0, 78.26, 5, 1.9, e8d267da70fc6f9ed9a930514d1ea22b6c73d20dfd78ff902d137157e622e2d7)	(98.84, 63.64, 81.82, 81.82, 81.82, 81.82, 81.82, 81.82, 81.82, 13, 3.939, d55726c9709831b63d846bd3133e81b47cda523cb70626390e2b67b01d60e764)	(98.84, 63.64, 81.82, 81.82, 81.82, 81.82, 81.82, 81.82, 81.82, 13, 3.817, d55726c9709831b63d846bd3133e81b47cda523cb70626390e2b67b01d60e764)	(82.56, 54.55, 77.27, 77.27, 81.82, 72.73, 75.0, 80.0, 78.26, 5, 1.896, e8d267da70fc6f9ed9a930514d1ea22b6c73d20dfd78ff902d137157e622e2d7)	(99.07, 63.64, 81.82, 81.82, 72.73, 90.91, 89.11, 77.0, 79.98, 23.02, 64240.0)	(0.02, 2.89, 0.72, 0.72, 0.83, 0.83, 1.24, 0.55, 0.88, 0.05, 23480.0)	(108.354, ("ce38f6fe182cdcd9f2a3c4c86d60ae5177a1eb0a6fa0587f37a0ac4d0ae6dbd6", "9642b3871020bf7ae91f0e57f49573be2c20d6856e54ba0d352b8c034ce14d6f", "4a73952e90549e0ac4e9316b84489897cfe7193ecd487a84cbf861a118fab43a", "c9d9b9c6f0ba4d01511fd39c3048e385827b13a71d09d7f7b14b721a993b8d83", "a2f00c8ab7b4d4a0a4c851f0729811c7272b5f9327441e7147c35f0a8736f45a"))	
1	8000,stump_with_memoization,(3,true,"b",["Normalize"]),30,(50,100,75),false,TestOp_80,IA7,htkmel	(94.19, 72.73, 86.36, 86.36, 72.73, 100.0, 100.0, 78.57, 84.21, 11, 54.054, aee003ca98e1dd52b0a9faeb264e2c0ff9dcc457539b632bfa38138de6554e8b)	(90.7, 63.64, 81.82, 81.82, 63.64, 100.0, 100.0, 73.33, 77.78, 9, 1.641, e1d431a31a9e9b0f23efb73bb182700236e09ae9fa9a7d2b17862d5a0f10aed1)	(79.07, 54.55, 77.27, 77.27, 72.73, 81.82, 80.0, 75.0, 76.19, 5, 0.169, 9f8d4d9f8d81d78875be0429fcb871db2791f562821c2f9b52bb2718d3f1169f)	(93.02, 72.73, 86.36, 86.36, 72.73, 100.0, 100.0, 78.57, 84.21, 11, 1.697, bdf65cc399b088459d33518207062ef65f317b6115ae6604fb222e2a6e691177)	(90.7, 63.64, 81.82, 81.82, 63.64, 100.0, 100.0, 73.33, 77.78, 9, 1.589, e1d431a31a9e9b0f23efb73bb182700236e09ae9fa9a7d2b17862d5a0f10aed1)	(79.07, 54.55, 77.27, 77.27, 72.73, 81.82, 80.0, 75.0, 76.19, 5, 0.172, 9f8d4d9f8d81d78875be0429fcb871db2791f562821c2f9b52bb2718d3f1169f)	(99.77, 80.0, 90.0, 90.0, 80.0, 100.0, 100.0, 83.61, 88.73, 16.98, 65680.0)	(0.0, 0.58, 0.14, 0.14, 0.58, 0.0, 0.0, 0.29, 0.22, 0.07, 34520.0)	(370.198, ("1924e6f011579803d224688b28fa9500032d5213f7f72009ebfc690dd7c37505", "2bca3d154ba565d49d550fc8b4b09e2d3569f4419bf71a17b92b9cbd7c8bf089", "dcb65f03eb00b676b23cbd286bcb42516599125475e7584c1b65272e345c35a1", "82d53f27bd5ef7a3136887c93e391a050c21b8f68966a17c5664524b7a61988e", "d97bec5365f96aec4390eeeabd63a55513093bd3783b179b8ea0385348f6e623"))	
2	8000,stump_with_memoization,(3,true,"b",["Normalize"]),30,(50,100,75),false,TestOp_80,IA7,htkmel	(90.7, 54.55, 77.27, 77.27, 90.91, 63.64, 71.43, 87.5, 80.0, 7, 36.608, 5c7f29aab375a3af083300699d5c4bf8a890e1fbc4b2d7400be3e875e5e4d501)	(90.7, 54.55, 77.27, 77.27, 90.91, 63.64, 71.43, 87.5, 80.0, 7, 2.043, 5c7f29aab375a3af083300699d5c4bf8a890e1fbc4b2d7400be3e875e5e4d501)	(83.72, 54.55, 77.27, 77.27, 90.91, 63.64, 71.43, 87.5, 80.0, 5, 0.17, 7ff6100ca5138fe9b08b07ea569faeab6aceae4bddb58afaa5afd506fece1bff)	(90.7, 54.55, 77.27, 77.27, 90.91, 63.64, 71.43, 87.5, 80.0, 7, 1.926, 5c7f29aab375a3af083300699d5c4bf8a890e1fbc4b2d7400be3e875e5e4d501)	(90.7, 54.55, 77.27, 77.27, 90.91, 63.64, 71.43, 87.5, 80.0, 7, 1.79, 5c7f29aab375a3af083300699d5c4bf8a890e1fbc4b2d7400be3e875e5e4d501)	(83.72, 54.55, 77.27, 77.27, 90.91, 63.64, 71.43, 87.5, 80.0, 5, 0.159, 7ff6100ca5138fe9b08b07ea569faeab6aceae4bddb58afaa5afd506fece1bff)	(98.6, 67.27, 83.64, 83.64, 85.45, 81.82, 82.42, 85.09, 83.87, 16.74, 60600.0)	(0.02, 0.25, 0.06, 0.06, 0.25, 0.0, 0.01, 0.2, 0.08, 0.0, 11200.0)	(165.533, ("00badf4f1eb8e9c38ea599cea634f8fe747e20243c8fb4ecc0d4270d2a75de65", "12b10982fdf90a6bae0cc295fbcac0cbe18ca89954e21996cdc5e3687ebfc21d", "17d2f7a57416cb4f76cb5b716a0ce45fe697b060799194be6d86979d005fa969", "ee67f5ec375adae6cdd6adc5f134945cc0ee7035e31d55f9e2e1f6da5f3ebf6a", "7bdae2ccd757f2c123ae23bfadeea8e3be792594207567c70aa1cc714dff61a6"))	
3	8000,stump_with_memoization,(3,true,"b",["Normalize"]),30,(50,100,75),false,TestOp_80,IA7,htkmel	(93.02, 54.55, 77.27, 77.27, 63.64, 90.91, 87.5, 71.43, 73.68, 15, 15.655, 4fb384554b80982bf81c49082def9ab17b967056c55ddd7005f0278a83d1b0c2)	(89.53, 45.45, 72.73, 72.73, 63.64, 81.82, 77.78, 69.23, 70.0, 11, 2.991, bc899563e0f752594cbaf8066d8ec76e4583fcf53e900ff1061a0b6af1248204)	(86.05, 27.27, 63.64, 63.64, 45.45, 81.82, 71.43, 60.0, 55.56, 7, 2.248, 247aea896d80cfda93914eeae3765f4d6920c00c70d16486e1e87c313fcd0297)	(93.02, 54.55, 77.27, 77.27, 63.64, 90.91, 87.5, 71.43, 73.68, 11, 3.201, dd227120d54e67d3d3c4cb4455bd281884fb990c14c3711a4b10bd2bf892a734)	(89.53, 45.45, 72.73, 72.73, 63.64, 81.82, 77.78, 69.23, 70.0, 9, 2.571, 3e06f16f242a28e80d10d3b9cfcc96141c48818ffde184df0c07c0e1be2efcd0)	(86.05, 27.27, 63.64, 63.64, 45.45, 81.82, 71.43, 60.0, 55.56, 7, 2.252, 247aea896d80cfda93914eeae3765f4d6920c00c70d16486e1e87c313fcd0297)	(100.0, 56.36, 78.18, 78.18, 65.45, 90.91, 87.78, 72.53, 74.95, 22.14, 65800.0)	(0.0, 0.17, 0.04, 0.04, 0.17, 0.0, 0.0, 0.06, 0.08, 0.06, 15000.0)	(199.483, ("bec09acb7e394176d3b720e54d4e081ce52bbcf0a8b8acfe6829d81bc21069c7", "90c3ec096e6e51d1878bd4ab9a655f8f1d3b0cac51af11d22a86d41ccdf4ee53", "3e03b95d96e45f227e7a0d5a9719d8ff8c5f5fd2cf8fd068c8c8bc936834c2f9", "4aa9e15f1b39f088e74264d8a0d9bcbd7494ac0df3bcad16ebf2888b60aaa882", "2619a1a3c5eedcff7f98a7853ee1031589de949a7fe3e57a2382b40144d242c1"))	
4	8000,stump_with_memoization,(3,true,"b",["Normalize"]),30,(50,100,75),false,TestOp_80,IA7,htkmel	(94.19, 45.45, 72.73, 72.73, 72.73, 72.73, 72.73, 72.73, 72.73, 13, 1.91, c19dc43e36be87889095c16d72431d90d871fdc70fe4aab5d445a84924bba9b8)	(89.53, 45.45, 72.73, 72.73, 72.73, 72.73, 72.73, 72.73, 72.73, 9, 0.513, d1198c9836e7f22bd959d91ded4af3cadecfa9cb89391e078e66638d75d8d7ff)	(89.53, 45.45, 72.73, 72.73, 72.73, 72.73, 72.73, 72.73, 72.73, 9, 0.202, d1198c9836e7f22bd959d91ded4af3cadecfa9cb89391e078e66638d75d8d7ff)	(94.19, 63.64, 81.82, 81.82, 72.73, 90.91, 88.89, 76.92, 80.0, 11, 0.642, 85472f55131743a291cc1edb60ca01893bc257a80adbcddbc01c1a4fe5bcce99)	(89.53, 45.45, 72.73, 72.73, 72.73, 72.73, 72.73, 72.73, 72.73, 9, 0.189, d1198c9836e7f22bd959d91ded4af3cadecfa9cb89391e078e66638d75d8d7ff)	(89.53, 45.45, 72.73, 72.73, 72.73, 72.73, 72.73, 72.73, 72.73, 9, 0.299, d1198c9836e7f22bd959d91ded4af3cadecfa9cb89391e078e66638d75d8d7ff)	(99.53, 67.27, 83.64, 83.64, 72.73, 94.55, 93.78, 77.53, 81.76, 18.64, 64160.0)	(0.0, 0.66, 0.17, 0.17, 0.0, 0.66, 0.82, 0.03, 0.13, 0.11, 6280.0)	(165.977, ("342a39959fdab8573ca2c22898ce13c4b853fa57f22834bde31c8d60259c1ab3", "00b5a8bcfa1496677d8dd3d16dc59afea99ae93566d1e0923de72abffd0fdd9a", "cf5d17df9388ccbdf507062c35f683bd2d3a0077bff55accebce9019f3a5a11d", "b079af6b0081ee867c493adc324be24618370811bac95d18bd02a4b5e42b235c", "e099ad4dd065b42a372a859044f660324582e7a39b0a98f01610038a106dd54e"))	
5	8000,stump_with_memoization,(3,true,"b",["Normalize"]),30,(50,100,75),false,TestOp_80,IA7,htkmel	(93.02, 63.64, 81.82, 81.82, 81.82, 81.82, 81.82, 81.82, 81.82, 13, 4.759, b8bc1ad738c207438292d1555ab18ba6a2be4e33a93cbb6efe32246fc463208b)	(90.7, 63.64, 81.82, 81.82, 81.82, 81.82, 81.82, 81.82, 81.82, 9, 1.376, 7188220b4fc1d9181acabf2b25c1769efd07d232c24e2b395e96717174d99b1f)	(80.23, 63.64, 81.82, 81.82, 90.91, 72.73, 76.92, 88.89, 83.33, 5, 0.185, 44f4d3bf833baead70ac27cb73b9a9fb3db7520df7e420b1d40ff6f8485518b4)	(93.02, 63.64, 81.82, 81.82, 81.82, 81.82, 81.82, 81.82, 81.82, 11, 1.365, b19388c34459aa953032497628acab439f2cdf0e95f84a612ecfb9e8711987aa)	(90.7, 63.64, 81.82, 81.82, 81.82, 81.82, 81.82, 81.82, 81.82, 9, 1.395, 7188220b4fc1d9181acabf2b25c1769efd07d232c24e2b395e96717174d99b1f)	(80.23, 63.64, 81.82, 81.82, 90.91, 72.73, 76.92, 88.89, 83.33, 5, 0.159, 44f4d3bf833baead70ac27cb73b9a9fb3db7520df7e420b1d40ff6f8485518b4)	(99.53, 74.55, 87.27, 87.27, 87.27, 87.27, 87.21, 87.55, 87.17, 23.72, 64480.0)	(0.0, 1.4, 0.35, 0.35, 0.66, 0.25, 0.27, 0.49, 0.41, 0.09, 13720.0)	(131.577, ("2493713eded82a5c2bde6b2dfb98306c87932f039ef441f6d8a626a7df4b295f", "7f3e28c351e0e8e8c0daf76e7a28ef684065d57bfb4b40f2ce0cdf8fc86e4377", "d923b47384ebc15fc421641db980a4f685783ed9f6e849372064843ef235d05f", "2e390ddc04a46663b1ae02c68a2e7c5d6eb9c0df8a2827effd2ca2687bba5047", "367b0bcc52e1fb65230c829d5c5c05a482c0c92b0133c29b20b55364ff5d4b05"))	
6	8000,stump_with_memoization,(3,true,"b",["Normalize"]),30,(50,100,75),false,TestOp_80,IA7,htkmel	(98.84, 81.82, 90.91, 90.91, 90.91, 90.91, 90.91, 90.91, 90.91, 15, 6.66, a11a4d9036524d90441a41d34ada46508ca076874e01519b209a753a5ae9c5c8)	(94.19, 81.82, 90.91, 90.91, 90.91, 90.91, 90.91, 90.91, 90.91, 11, 2.468, 0fafdc9bc1604a0e8b8f5c06cdfceb15d5c4c3bedba922ae88bc290236c9d86b)	(83.72, 72.73, 86.36, 86.36, 100.0, 72.73, 78.57, 100.0, 88.0, 5, 0.149, 04130bd77018cc64dbf78f275f41592e1fc6eba7790d122c8cc084391eff9b6e)	(95.35, 72.73, 86.36, 86.36, 100.0, 72.73, 78.57, 100.0, 88.0, 13, 2.615, c77fef48c694073be72413c86592698356748b87e642f56191ca2b2dd44579c6)	(93.02, 90.91, 95.45, 95.45, 100.0, 90.91, 91.67, 100.0, 95.65, 11, 2.406, 9d27699942069a3466df78d5f2592b25c1bef8e98784cdb8f64dac0395f55f9d)	(83.72, 72.73, 86.36, 86.36, 100.0, 72.73, 78.57, 100.0, 88.0, 5, 0.173, 04130bd77018cc64dbf78f275f41592e1fc6eba7790d122c8cc084391eff9b6e)	(99.77, 90.91, 95.45, 95.45, 90.91, 100.0, 100.0, 91.67, 95.24, 21.63, 62680.0)	(0.0, 0.0, 0.0, 0.0, 0.0, 0.0, 0.0, 0.0, 0.0, 0.1, 12920.0)	(143.289, ("06b8e68ef36ebe12b4ddaf28cfaa4190cd40ee71fe94eadc3820defa6f203869", "8054f23430799476ce38d23d7bfdbd66ecf18005c2e177222501288b7553de88", "ac1abefb3d0ebee5c363d259c72ad5db2f599093d1dd83a6ffcffb95f7d81e17", "987b910051bab2831be86220ce5cd4d10d141213aa06bb54169de15052bb08c4", "b3cae35d9a2a01f35bd6fbe20787a6a792c3204b4cb36e47e563cfd42b1f3ce0"))	
7	8000,stump_with_memoization,(3,true,"b",["Normalize"]),30,(50,100,75),false,TestOp_80,IA7,htkmel	(91.86, 45.45, 72.73, 72.73, 81.82, 63.64, 69.23, 77.78, 75.0, 7, 1.784, 3ffba8eaac544d62fe2e8290774b843226894ebf7dad3de1e2a9314ff82a8e93)	(91.86, 45.45, 72.73, 72.73, 81.82, 63.64, 69.23, 77.78, 75.0, 7, 1.725, 3ffba8eaac544d62fe2e8290774b843226894ebf7dad3de1e2a9314ff82a8e93)	(86.05, 45.45, 72.73, 72.73, 81.82, 63.64, 69.23, 77.78, 75.0, 5, 0.181, 0a4d8a5cbd589cf9fef7f63f0d54a2c37689637c66bf633654aeed06187e847b)	(91.86, 45.45, 72.73, 72.73, 81.82, 63.64, 69.23, 77.78, 75.0, 7, 1.763, 3ffba8eaac544d62fe2e8290774b843226894ebf7dad3de1e2a9314ff82a8e93)	(91.86, 45.45, 72.73, 72.73, 81.82, 63.64, 69.23, 77.78, 75.0, 7, 1.722, 3ffba8eaac544d62fe2e8290774b843226894ebf7dad3de1e2a9314ff82a8e93)	(86.05, 45.45, 72.73, 72.73, 81.82, 63.64, 69.23, 77.78, 75.0, 5, 0.173, 0a4d8a5cbd589cf9fef7f63f0d54a2c37689637c66bf633654aeed06187e847b)	(99.53, 74.55, 87.27, 87.27, 90.91, 83.64, 84.85, 90.18, 87.75, 18.14, 56680.0)	(0.01, 0.17, 0.04, 0.04, 0.0, 0.17, 0.11, 0.0, 0.03, 0.0, 21920.0)	(113.768, ("1d842f20390a46686a41677f6bd2cde0b0acbd5b1b9b249dc545f1627a3c8e7e", "8c018d3839dd9e983554df230dc1b1e7897e14ded0d2d96d64c301ff9d9aa401", "345b153528f854b866810fb1076675b0a8e124b6df77bfdfb1f9cb646a212481", "54497916708c794a863781dd3d0765c0870eb0270ee82e21019a296b0db6f38a", "d67a3b99415aad1ef03a0dee7ee7fd2b3254233f72d73d91c41376570dd0b6cb"))	
8	8000,stump_with_memoization,(3,true,"b",["Normalize"]),30,(50,100,75),false,TestOp_80,IA7,htkmel	(98.84, 63.64, 81.82, 81.82, 63.64, 100.0, 100.0, 73.33, 77.78, 17, 3.697, 03e8a742287f78489057fa3bc418442b54ea57ff11ee9f3698b8242d254f1dc8)	(93.02, 72.73, 86.36, 86.36, 72.73, 100.0, 100.0, 78.57, 84.21, 11, 2.884, 42d677e58d81bdad46f663a11dd5c79baf0dbe5a7a4430728d0de62898ed626d)	(90.7, 72.73, 86.36, 86.36, 72.73, 100.0, 100.0, 78.57, 84.21, 9, 2.837, 65232e6a23e6ef801a24a87c8e3eb4d6d57348286a7736f61606cfde1856644c)	(96.51, 63.64, 81.82, 81.82, 63.64, 100.0, 100.0, 73.33, 77.78, 15, 3.575, e57423f22c1e7b3e0e000e40bce9325a899adbf56a8ec7e024a9a9657e18932a)	(90.7, 72.73, 86.36, 86.36, 72.73, 100.0, 100.0, 78.57, 84.21, 11, 2.602, 0f07e23751cd18b01682f800cbced970d0e7aa5e2a0c970b15b22b075983978d)	(90.7, 72.73, 86.36, 86.36, 72.73, 100.0, 100.0, 78.57, 84.21, 9, 2.876, 65232e6a23e6ef801a24a87c8e3eb4d6d57348286a7736f61606cfde1856644c)	(100.0, 92.73, 96.36, 96.36, 92.73, 100.0, 100.0, 93.59, 96.1, 21.21, 66520.0)	(0.0, 0.58, 0.14, 0.14, 0.58, 0.0, 0.0, 0.43, 0.17, 0.02, 13320.0)	(108.196, ("20a6f9c267334b1c17db88a4beca4a4627bfcfc8e5c2e6033a719ac6f9f8588e", "b60edbb612814e950ff3d345770fbfd4b9271cf91f2fc0ea768f37238c75dae6", "015d650061a8b744c152dfe6d3dcb68e9ee6210599296ae676056b8fa0d9fb31", "392cef3b72a1a9ea9344a124a2be7d7d2f396a76772b37a8c980cac0c9057507", "d00722ff7b0b388477a1ffb046c809473b3e899996bb4de50ce4ce7e45a8025a"))	
9	8000,stump_with_memoization,(3,true,"b",["Normalize"]),30,(50,100,75),false,TestOp_80,IA7,htkmel	(91.86, 63.64, 81.82, 81.82, 72.73, 90.91, 88.89, 76.92, 80.0, 7, 3.048, 00f21e2ffbd48a0fb8a030a1e1aba058b7ffa1030dd526b891b1186868e93d74)	(91.86, 63.64, 81.82, 81.82, 72.73, 90.91, 88.89, 76.92, 80.0, 7, 3.16, 00f21e2ffbd48a0fb8a030a1e1aba058b7ffa1030dd526b891b1186868e93d74)	(87.21, 54.55, 77.27, 77.27, 63.64, 90.91, 87.5, 71.43, 73.68, 5, 2.886, 2d67b11acb596a87cb952a84af635801480989ad208f3de0949f0f621b93c91a)	(91.86, 63.64, 81.82, 81.82, 72.73, 90.91, 88.89, 76.92, 80.0, 7, 2.894, 00f21e2ffbd48a0fb8a030a1e1aba058b7ffa1030dd526b891b1186868e93d74)	(91.86, 63.64, 81.82, 81.82, 72.73, 90.91, 88.89, 76.92, 80.0, 7, 3.199, 00f21e2ffbd48a0fb8a030a1e1aba058b7ffa1030dd526b891b1186868e93d74)	(87.21, 54.55, 77.27, 77.27, 63.64, 90.91, 87.5, 71.43, 73.68, 5, 2.883, 2d67b11acb596a87cb952a84af635801480989ad208f3de0949f0f621b93c91a)	(99.07, 65.45, 82.73, 82.73, 65.45, 100.0, 100.0, 74.38, 79.06, 17.91, 60440.0)	(0.0, 0.17, 0.04, 0.04, 0.17, 0.0, 0.0, 0.05, 0.08, 0.11, 17480.0)	(95.608, ("4c8aeb5490ab51f2097f680946575cbf0d2668bf83f8d59f4ca68a3ef58a0112", "51996ea95170aefab41856d477c7fed3c9d8ff77dacb19bfd6fe990e7d0b18ee", "c9930150b71ddb271f93e60bc892783247aa006c78d3e7dd2fcfc14e4a33a535", "89af8c6e1feaf1a8552ca000c932f521e537a14c5c49ae2f7850d1b4932ec337", "97cd09b8b96ebc0a41592caad6a9553538031a07d2bb9ca47caabffb6f9d5b93"))	
10	8000,stump_with_memoization,(3,true,"b",["Normalize"]),30,(50,100,75),false,TestOp_80,IA7,htkmel	(93.02, 54.55, 77.27, 77.27, 81.82, 72.73, 75.0, 80.0, 78.26, 9, 3.702, c349ed51c1e3884f4de9dc79b1c8940dfee25706714f5bc4d295061d6033d32e)	(93.02, 54.55, 77.27, 77.27, 81.82, 72.73, 75.0, 80.0, 78.26, 9, 2.866, c349ed51c1e3884f4de9dc79b1c8940dfee25706714f5bc4d295061d6033d32e)	(81.4, 27.27, 63.64, 63.64, 90.91, 36.36, 58.82, 80.0, 71.43, 5, 0.174, eebc7857d5f58f1fd3ab90af824d115a51f33d99c4206def6ba9f7e103d942ac)	(93.02, 54.55, 77.27, 77.27, 81.82, 72.73, 75.0, 80.0, 78.26, 9, 2.506, c349ed51c1e3884f4de9dc79b1c8940dfee25706714f5bc4d295061d6033d32e)	(93.02, 54.55, 77.27, 77.27, 81.82, 72.73, 75.0, 80.0, 78.26, 9, 2.801, c349ed51c1e3884f4de9dc79b1c8940dfee25706714f5bc4d295061d6033d32e)	(81.4, 27.27, 63.64, 63.64, 90.91, 36.36, 58.82, 80.0, 71.43, 5, 0.174, eebc7857d5f58f1fd3ab90af824d115a51f33d99c4206def6ba9f7e103d942ac)	(99.77, 74.55, 87.27, 87.27, 83.64, 90.91, 90.14, 85.08, 86.65, 19.3, 59600.0)	(0.0, 0.58, 0.14, 0.14, 0.58, 0.0, 0.01, 0.35, 0.21, 0.02, 50600.0)	(95.979, ("641788d869e6612eb90bad5cbd0046bfe440d99c5cd808cb8d34ef0a41b1d3cb", "2295e2c8a82495a3e49e275c6a31e63b42beb18a54a53f5a2472d0f6b58d1bf1", "403e0e97d6e2ffde1847b71ad1d6ebbcd027cf909f5b92d0f9b1bb0ba64308e4", "c7bcb642a147dcb5daf7cf3f109a22e54e88d52be793c6ae78d0037d38aa8dfd", "2a152e169478074facca84cef8c453553e8f02a7f60deaa240d9aa821867ab73"))	
1	8000,stump_with_memoization,(1,false,"c",["NG","Normalize"]),30,(50,100,75),false,TestOp_80,IA3,htkmel	(96.9, 14.29, 57.14, 57.14, 53.57, 60.71, 57.69, 56.67, 55.56, 41, 45.274, a78714aec8df31304a7a85146721a141d37c778dc5d9f56514ed7a9bf35cdd38)	(88.94, 10.71, 55.36, 55.36, 60.71, 50.0, 54.84, 56.0, 57.63, 25, 5.519, 9bf906b0cde28c3b44eb031ea01e3da5467557d9976ff773fd37f470ce858b11)	(86.73, 7.14, 53.57, 53.57, 64.29, 42.86, 52.94, 54.55, 58.06, 23, 5.691, 977b557b6956c2dd6bcd4454b8eee6db2b1e3e0f09fd9a971b94de5f946b12dd)	(96.02, 10.71, 55.36, 55.36, 50.0, 60.71, 56.0, 54.84, 52.83, 39, 5.536, f116f423fba747142de794de8397c6b8ccdc2935c39d47b6b5982da3c88b0d58)	(88.94, 10.71, 55.36, 55.36, 60.71, 50.0, 54.84, 56.0, 57.63, 25, 5.43, 9bf906b0cde28c3b44eb031ea01e3da5467557d9976ff773fd37f470ce858b11)	(86.73, 7.14, 53.57, 53.57, 64.29, 42.86, 52.94, 54.55, 58.06, 23, 5.378, 977b557b6956c2dd6bcd4454b8eee6db2b1e3e0f09fd9a971b94de5f946b12dd)	(99.56, 55.71, 77.86, 77.86, 78.57, 77.14, 77.51, 78.46, 77.96, 36.37, 168840.0)	(0.0, 0.42, 0.11, 0.11, 0.32, 0.17, 0.1, 0.2, 0.13, 0.02, 58280.0)	(332.003, ("36288b35104aed3da70b7745c139626e71fb20b49a9d45008103d310ab299de2", "8e60a2cca326d501d1d7dc75757c01e2ccbf22da6a4056e5992f4bb74dfcdb40", "de7de0b875b83389f6a9545ddc9bc92126686ba0f2371d154ee901418e40662c", "83ce2e6c0869b7f51043c130530b829351ef56b93e25df028013a6e4fd1ed398", "5b8ba49529a03c14b2a2d34a1c195829ed2180557e0d925457101855c0d85158"))	
2	8000,stump_with_memoization,(1,false,"c",["NG","Normalize"]),30,(50,100,75),false,TestOp_80,IA3,htkmel	(96.02, 14.29, 57.14, 57.14, 71.43, 42.86, 55.56, 60.0, 62.5, 39, 17.127, ff72e5243bb6c85635f63d45903661f5a2279ac7bd4e1931bc282ca886416db5)	(94.69, 17.86, 58.93, 58.93, 78.57, 39.29, 56.41, 64.71, 65.67, 35, 4.299, 42e7b30939158fb5b919d8321d7dad4fb946092c9f7f48579201bee0c9dfa7ea)	(82.74, 21.43, 60.71, 60.71, 75.0, 46.43, 58.33, 65.0, 65.62, 17, 3.972, 868d2cb0655243baf6551264a4e102ff125a6aa0795044017820981445aa16b7)	(94.69, 10.71, 55.36, 55.36, 75.0, 35.71, 53.85, 58.82, 62.69, 41, 4.557, b697138f4cd1c138abd5009f99312713aca7983fbf5e83006b50f320cfb16a6b)	(94.69, 3.57, 51.79, 51.79, 75.0, 28.57, 51.22, 53.33, 60.87, 37, 4.575, a3f65b59602a84b211cbb042e58e896a061faf5cacf2815c86ace95ddcca3b54)	(82.74, 21.43, 60.71, 60.71, 75.0, 46.43, 58.33, 65.0, 65.62, 17, 3.887, 868d2cb0655243baf6551264a4e102ff125a6aa0795044017820981445aa16b7)	(99.82, 30.71, 65.36, 65.36, 70.0, 60.71, 64.04, 66.95, 66.88, 32.92, 171800.0)	(0.0, 1.06, 0.26, 0.26, 0.29, 0.26, 0.22, 0.33, 0.25, 0.02, 66600.0)	(286.009, ("ede129448384f4e4dfc201db7474def2e231ccac21c007f0c204a10a8a608e68", "6e3d958c8d1eb19054dd38d88bd82db05f1964ba7bc9188ab62e404094c22175", "bcdbc81c53d55d042d630457c12b5fcfc20c43a366cb06157f8531f420a2bcd7", "59fb32b9f63e4e314392d8ad4dc8e5241a8404ddf7dd8a50b5ea5b74e8150a67", "dd198cfef43747a91186a7bfda21a8f3c1eb0aab643c23adbcd4a049e03571b9"))	
3	8000,stump_with_memoization,(1,false,"c",["NG","Normalize"]),30,(50,100,75),false,TestOp_80,IA3,htkmel	(96.46, 21.43, 60.71, 60.71, 60.71, 60.71, 60.71, 60.71, 60.71, 43, 11.692, 722d567361b101d4c457877668d9611a69f8454563b0e16001432f1231b03e5f)	(90.27, 17.86, 58.93, 58.93, 57.14, 60.71, 59.26, 58.62, 58.18, 23, 3.361, d5fde7a920d2ae3c4ba3da1d835a2a078503047829017da18a3d8dffc85b28da)	(78.32, 14.29, 57.14, 57.14, 60.71, 53.57, 56.67, 57.69, 58.62, 9, 2.881, 5b026690be62bc1a946b125f22726b6e6bdd19bca5fd9949a1f32dc58b0ab18e)	(95.13, 21.43, 60.71, 60.71, 60.71, 60.71, 60.71, 60.71, 60.71, 37, 4.092, a975c18fbefe049eef7d9c101835f040637d0d17600a060629a285f286ce35e8)	(90.27, 17.86, 58.93, 58.93, 57.14, 60.71, 59.26, 58.62, 58.18, 23, 3.361, d5fde7a920d2ae3c4ba3da1d835a2a078503047829017da18a3d8dffc85b28da)	(78.32, 14.29, 57.14, 57.14, 60.71, 53.57, 56.67, 57.69, 58.62, 9, 2.807, 5b026690be62bc1a946b125f22726b6e6bdd19bca5fd9949a1f32dc58b0ab18e)	(99.65, 29.29, 64.64, 64.64, 55.71, 73.57, 67.92, 62.45, 61.13, 27.72, 165800.0)	(0.0, 0.22, 0.05, 0.05, 0.17, 0.17, 0.1, 0.04, 0.09, 0.03, 12000.0)	(427.929, ("827d22c646f25b83e09518e4ad9daae949e4732129ba46ba981216fa0995f43b", "9e3da74034cf7cfee17e9da447f1d98889f90bd65d5007a848bb10b722ac77bb", "69c84bae5f826f816245222efa33472998da135012d9659933b8356596baa863", "bef5da5290ef2f4d2e57d3afc7371324bb20b7a82804a6ee294c42426b5e3c88", "84ce5b5dcf5d890838afb565b462c70d78c745fcbb800ede669a038b60c8899d"))	
4	8000,stump_with_memoization,(1,false,"c",["NG","Normalize"]),30,(50,100,75),false,TestOp_80,IA3,htkmel	(94.25, 3.57, 51.79, 51.79, 53.57, 50.0, 51.72, 51.85, 52.63, 37, 7.525, 5038c71364574614441e0a21010f16e0e2517af32e1839beaf374c008c32b1ba)	(92.92, 3.57, 51.79, 51.79, 53.57, 50.0, 51.72, 51.85, 52.63, 33, 3.733, 07ececd96086c8dd751390ae05296c9cbb1c18f9e9d48b6bbff57cc4acbf8804)	(82.74, 21.43, 60.71, 60.71, 75.0, 46.43, 58.33, 65.0, 65.62, 17, 3.001, e88a8abc8728bbd5242aa52907262fd2511b2853c1921cc2e03e7467d394540b)	(93.81, 3.57, 51.79, 51.79, 53.57, 50.0, 51.72, 51.85, 52.63, 33, 3.676, 83986bfacba8e8072de98fa11b2913c08c806931436456ca47852ed312c38f6b)	(92.92, 3.57, 51.79, 51.79, 53.57, 50.0, 51.72, 51.85, 52.63, 31, 3.583, 6b572278835f9c7dc226c7b5f90d03bf3125758a6ed5d62f8b6df7bcb55c60cf)	(82.74, 21.43, 60.71, 60.71, 75.0, 46.43, 58.33, 65.0, 65.62, 17, 3.003, e88a8abc8728bbd5242aa52907262fd2511b2853c1921cc2e03e7467d394540b)	(99.73, 51.43, 75.71, 75.71, 75.71, 75.71, 75.75, 75.7, 75.72, 30.55, 167880.0)	(0.0, 0.17, 0.04, 0.04, 0.03, 0.09, 0.06, 0.03, 0.03, 0.17, 54520.0)	(259.864, ("c39e3a447a6d07e0bcea526b396380c7c73de9e9ae35edc98081a9555c32eac1", "37521021aad38ffbeedf86b769bc6bcae8eb6830a14cc9442ce9c7f3a5e24555", "a479bd6cb5bccc3968f55b265ed792ec408dfb42ee278248b4bebbaddb77b0ae", "77451a619c4deb870c3d80ae7a7ab929796a8dfe3a9b68fb0cefd1cf379587e8", "ae2479d3506da2611fba9e9c1e2b0c192f791ba1c37e6ae5958845e644a2d2b9"))	
5	8000,stump_with_memoization,(1,false,"c",["NG","Normalize"]),30,(50,100,75),false,TestOp_80,IA3,htkmel	(97.35, 21.43, 60.71, 60.71, 67.86, 53.57, 59.38, 62.5, 63.33, 45, 4.868, 02e31bcd8a24b8f2c5f9ffcedba3d106a0320b6e8836483bed6f96bc1d85f067)	(91.59, 21.43, 60.71, 60.71, 71.43, 50.0, 58.82, 63.64, 64.52, 33, 3.384, 239fc2f1a10f894918294f6eaa2e26c00b098cee1e116b1d273ec69425b8fb24)	(75.66, 32.14, 66.07, 66.07, 75.0, 57.14, 63.64, 69.57, 68.85, 9, 2.705, 759fdcb84db5a29a119fa3203106b6676c8fe0bf9e05d1229e00e8b4000618cc)	(95.58, 25.0, 62.5, 62.5, 71.43, 53.57, 60.61, 65.22, 65.57, 45, 3.063, 13773e65511a07de5f427d88ad236c5acfbfe163c9fcd63100d628d35ccddd14)	(91.15, 21.43, 60.71, 60.71, 71.43, 50.0, 58.82, 63.64, 64.52, 33, 3.081, 8ec4025a383ad87e5fd9b3757b8d27751cffb3d35ea5130f4e5c1ce2be5ae4e6)	(75.66, 32.14, 66.07, 66.07, 75.0, 57.14, 63.64, 69.57, 68.85, 9, 2.782, 759fdcb84db5a29a119fa3203106b6676c8fe0bf9e05d1229e00e8b4000618cc)	(99.65, 45.71, 72.86, 72.86, 66.43, 79.29, 76.3, 70.33, 70.95, 34.25, 171200.0)	(0.0, 0.41, 0.1, 0.1, 0.23, 0.15, 0.16, 0.11, 0.14, 0.01, 29800.0)	(289.622, ("14ef9f737d492d8bcccd04976d2b012f6dfabf17c90741d0dfce33dbd192f658", "09aafbf1c9bc7154b363c065fe797860b4b66c3d6eed62734b0fc72985a0631b", "472abd6d1ef5d2c9d755a43394d9c2fa511913270dbfa3adecf52b4a385647f3", "3f86933468a2da8e7f8594a82c0f8e6b26f2313694f5af444148a753ee4b3f08", "886e1a635c5f552b83c80ece63dd45efbfd342b2c8184412155be90ac95141bd"))	
6	8000,stump_with_memoization,(1,false,"c",["NG","Normalize"]),30,(50,100,75),false,TestOp_80,IA3,htkmel	(96.02, 35.71, 67.86, 67.86, 71.43, 64.29, 66.67, 69.23, 68.97, 45, 4.53, b4927a53e6430a84848ae4c3b5625c2635e5539d5894de3e4d8438c2a8fa1a84)	(86.28, 42.86, 71.43, 71.43, 78.57, 64.29, 68.75, 75.0, 73.33, 19, 3.637, d94b08ed0207bc10712048b165b8b5d9a9d1a714558426b3f812871c2827320f)	(76.99, 32.14, 66.07, 66.07, 82.14, 50.0, 62.16, 73.68, 70.77, 9, 3.511, a0ddc7b13fd596feccd168f2570631505fc64a3835f0d1c2b4a47e144f6ecc29)	(93.81, 39.29, 69.64, 69.64, 71.43, 67.86, 68.97, 70.37, 70.18, 41, 3.953, 53c45a99793aefb40268062bf41d606edb9f3bfd780b3faf56f331a79bd71790)	(87.17, 42.86, 71.43, 71.43, 75.0, 67.86, 70.0, 73.08, 72.41, 23, 3.715, 32feb067bb4fbd60ec8e292b5a0c7bdd7796bc1e9e510c1ec04556b51952a7a0)	(76.99, 32.14, 66.07, 66.07, 82.14, 50.0, 62.16, 73.68, 70.77, 9, 2.78, a0ddc7b13fd596feccd168f2570631505fc64a3835f0d1c2b4a47e144f6ecc29)	(99.73, 35.71, 67.86, 67.86, 70.0, 65.71, 67.07, 68.99, 68.39, 30.14, 165320.0)	(0.0, 1.21, 0.3, 0.3, 0.74, 0.29, 0.23, 0.46, 0.38, 0.07, 29920.0)	(236.668, ("e3b5d3b54a10da8931987277c6f21b06f19e89ed5244a008b893779ce0b418c9", "9699b69e5c9b92dd2d72cbc0da0d6864c7583a679438cfe1b733bb3bf687829a", "09d8f210e9033e83355941d1b099864593bac4081bf1ab0b260465ef161ba4b7", "8c7ef738eaa28e512ab3fb2eace80dbd7986040539429c1f161d123658cfe16c", "42a640b785d30216fb09d05be1b4b744b8ebddc4565204b2739ab0b82a247f44"))	
7	8000,stump_with_memoization,(1,false,"c",["NG","Normalize"]),30,(50,100,75),false,TestOp_80,IA3,htkmel	(96.9, 25.0, 62.5, 62.5, 75.0, 50.0, 60.0, 66.67, 66.67, 35, 6.27, dfdb5d9577d5a949921aa89c79ff4c3b3cd3e22e16035150a1c84271ef812309)	(91.15, 28.57, 64.29, 64.29, 75.0, 53.57, 61.76, 68.18, 67.74, 23, 4.786, edcfa4776844371c45e721877ce7808b4653f8409c188f6d7bcb5c67ce1f9e56)	(76.99, 25.0, 62.5, 62.5, 78.57, 46.43, 59.46, 68.42, 67.69, 9, 4.033, e497f9bc8eb1621a8fc4cdee7ac0ecf35e193f961828257f20c8b285b83e49c9)	(95.13, 28.57, 64.29, 64.29, 75.0, 53.57, 61.76, 68.18, 67.74, 35, 4.909, ed7d7b54e8f7e5b21baf19dbbe5e7cfc93574506b40d192895eaacf5f75a6c3b)	(91.15, 32.14, 66.07, 66.07, 75.0, 57.14, 63.64, 69.57, 68.85, 23, 4.832, 499a2d6195f50aba9b4612fc6cd763fc77f5bf18f92926402385ceb20524ce7d)	(76.99, 25.0, 62.5, 62.5, 78.57, 46.43, 59.46, 68.42, 67.69, 9, 4.002, e497f9bc8eb1621a8fc4cdee7ac0ecf35e193f961828257f20c8b285b83e49c9)	(99.91, 44.29, 72.14, 72.14, 82.14, 62.14, 68.74, 77.4, 74.78, 32.83, 168120.0)	(0.0, 1.19, 0.3, 0.3, 0.06, 0.87, 0.32, 0.19, 0.17, 0.03, 29720.0)	(237.724, ("442668d1468b766acfe4d153a9d8595b45ddfeb2ca19bfa392bdc564b7190d97", "6e91e4884e31ba287d1765823c03a328cf4e2a74d682495170ebce6b8bc63b05", "c191e2362db01fa4dcb1345b6a81f2b8f09bb653076d453c13a1ea85d613fb36", "d07d695190be345c9e9209a14795fc84abfa6cf30845a080d5a8c0d7bb24f0da", "44b14af63badd81262880cfc209c3f0a955c50cf8ccdc1cb57bb4388e0e438a0"))	
8	8000,stump_with_memoization,(1,false,"c",["NG","Normalize"]),30,(50,100,75),false,TestOp_80,IA3,htkmel	(93.81, 3.57, 51.79, 51.79, 50.0, 53.57, 51.85, 51.72, 50.91, 35, 4.5, 4a40a887730ff37538a6a64effce0a105c8ba94822908aeb2d891a4ab70dcfa8)	(92.04, 3.57, 51.79, 51.79, 50.0, 53.57, 51.85, 51.72, 50.91, 27, 3.871, 41086175b39c6c53cf51ce5485ab19b81b0c30ca9c9f797d943c4d17666ca9ff)	(77.43, 10.71, 55.36, 55.36, 57.14, 53.57, 55.17, 55.56, 56.14, 9, 2.414, 5c474fecdc699c73d0e5d4eb75d42ec3ca724a39c65433f9e3a343a894785564)	(93.36, 3.57, 51.79, 51.79, 50.0, 53.57, 51.85, 51.72, 50.91, 35, 3.407, 272dd785cf36b4abfb9fdfc182047352065e726ac097b82806a134ab24b0bf47)	(91.59, 7.14, 53.57, 53.57, 50.0, 57.14, 53.85, 53.33, 51.85, 27, 3.626, c6749babec8ad4367cd51957024083e2cf3349a9ecafed7b2fd8666bc78c7c53)	(77.43, 10.71, 55.36, 55.36, 57.14, 53.57, 55.17, 55.56, 56.14, 9, 2.497, 5c474fecdc699c73d0e5d4eb75d42ec3ca724a39c65433f9e3a343a894785564)	(99.65, 28.57, 64.29, 64.29, 53.57, 75.0, 68.32, 61.8, 59.94, 31.06, 167480.0)	(0.0, 0.7, 0.18, 0.18, 0.32, 0.32, 0.31, 0.13, 0.25, 0.02, 20320.0)	(277.036, ("c6ca42ba0c887c5100e0611753d7230648da478bc79d9047cead568ed7b07baa", "ef0859aa3e31a10bd6e6e7cc2cae37ef26a2712334962085c631fce66ea4414a", "9900975115638d668a489e83fe99ef34a9f0729c1923fe3b31784a2828fa4013", "512ed354aa5174fd154f301c9ac7e30c7687a2b69361a97494887b5339c493af", "27d6937630965a36759f2d96278fe1eed8a83f170a3b7f4131e28c4a40bb67a0"))	
9	8000,stump_with_memoization,(1,false,"c",["NG","Normalize"]),30,(50,100,75),false,TestOp_80,IA3,htkmel	(95.13, 3.57, 51.79, 51.79, 71.43, 32.14, 51.28, 52.94, 59.7, 29, 7.983, b1a8d83601a93947868929a282ebc0b053427bb4a84a7020bfe04691221d2ca1)	(90.71, 7.14, 53.57, 53.57, 75.0, 32.14, 52.5, 56.25, 61.76, 23, 6.48, d7716e067ca378b1460561f771bda9d36c23efe976f459fe5a4d5f00d9011075)	(90.71, 7.14, 53.57, 53.57, 75.0, 32.14, 52.5, 56.25, 61.76, 23, 6.468, d7716e067ca378b1460561f771bda9d36c23efe976f459fe5a4d5f00d9011075)	(94.25, 3.57, 51.79, 51.79, 71.43, 32.14, 51.28, 52.94, 59.7, 29, 6.396, 881c316410cc2ad65bbbd573a4240e9c63196ee68e3684892e35e1b95525425f)	(90.71, 7.14, 53.57, 53.57, 75.0, 32.14, 52.5, 56.25, 61.76, 23, 6.464, d7716e067ca378b1460561f771bda9d36c23efe976f459fe5a4d5f00d9011075)	(90.71, 7.14, 53.57, 53.57, 75.0, 32.14, 52.5, 56.25, 61.76, 23, 6.397, d7716e067ca378b1460561f771bda9d36c23efe976f459fe5a4d5f00d9011075)	(99.82, 25.0, 62.5, 62.5, 67.14, 57.86, 61.84, 63.6, 64.19, 30.53, 163600.0)	(0.0, 0.45, 0.11, 0.11, 0.15, 0.98, 0.18, 0.05, 0.02, 0.08, 27400.0)	(345.682, ("f373c4e969236dcc004577b7169052bba8b995d0d0ddb6ec3464091afcdfa411", "1154627bf6898a8450d7de1aaa146bacde69bc34453112304434c3c934138e7a", "31087170c874677eebbba1783fb45655bc5a004e77b5607ef7f2906143c7b23c", "1343ad96cbecfb528017a4e353403bec6a6dabf5c43a9035b531d0304c4820a0", "f06058fc1d83e83d0b8bec04a7788ac6f3879df7ab3f02955e8a7039cec4c296"))	
10	8000,stump_with_memoization,(1,false,"c",["NG","Normalize"]),30,(50,100,75),false,TestOp_80,IA3,htkmel	(95.58, 21.43, 60.71, 60.71, 57.14, 64.29, 61.54, 60.0, 59.26, 45, 5.374, 8682adeeb682b505f33e8f69794416cd6d07d271eba63599bf0500ac74770074)	(95.58, 21.43, 60.71, 60.71, 57.14, 64.29, 61.54, 60.0, 59.26, 43, 6.137, 005e6c7af4aa4294535759029c29f4b63d936aed679bab8bd80329660728d8df)	(85.84, 7.14, 53.57, 53.57, 60.71, 46.43, 53.12, 54.17, 56.67, 23, 5.489, 308254de4d097a3cfa10864504cd43dc1abe645e33a0f4b0e45fbbd3ef8b06a0)	(95.13, 21.43, 60.71, 60.71, 57.14, 64.29, 61.54, 60.0, 59.26, 41, 5.544, 1aab66831a667628c0864a3d71d42289dcede35d5a532bb98f024fbbde0bf67d)	(95.13, 21.43, 60.71, 60.71, 57.14, 64.29, 61.54, 60.0, 59.26, 41, 5.665, 1aab66831a667628c0864a3d71d42289dcede35d5a532bb98f024fbbde0bf67d)	(85.4, 7.14, 53.57, 53.57, 60.71, 46.43, 53.12, 54.17, 56.67, 23, 5.354, 58e9ebe0b1321a8df906de420b74edbddf30fb81a13f842579e498d99ac312e7)	(99.73, 50.71, 75.36, 75.36, 62.86, 87.86, 83.91, 70.33, 71.8, 34.19, 170960.0)	(0.0, 0.22, 0.05, 0.05, 0.17, 0.1, 0.11, 0.05, 0.09, 0.01, 7880.0)	(271.514, ("5541ff93be661997d61f437b6ac098d2b57b83912f6664d66204d3c6ec5a1dcc", "ae560c2185c6e60679fa8e69b1dd36f7a2e057ced97877888b380fb62efda83b", "6dc602af3534ad7c35f2a3a765316861dc8e88a90e0b339e014c2d95ab08e8e4", "816450ccffc6e359cd7bca660b5bde95dce16c9227ab5f23a6cae639b703aadf", "0844fd55373e6fb5f2091c07a432db0c89d9fbc36c74cbdd7d547d6f8d070dbc"))	
1	8000,stump_with_memoization,(2,true,"b",["Normalize"]),30,(50,100,75),false,TestOp_80,IA3,htkmel	(96.51, 63.64, 81.82, 81.82, 72.73, 90.91, 88.89, 76.92, 80.0, 9, 76.484, b2584e4132967d81cf5dc047619ac46434c2237a9d66a174d5be2168351dfa9d)	(96.51, 63.64, 81.82, 81.82, 72.73, 90.91, 88.89, 76.92, 80.0, 9, 2.047, b2584e4132967d81cf5dc047619ac46434c2237a9d66a174d5be2168351dfa9d)	(96.51, 63.64, 81.82, 81.82, 72.73, 90.91, 88.89, 76.92, 80.0, 9, 2.091, b2584e4132967d81cf5dc047619ac46434c2237a9d66a174d5be2168351dfa9d)	(96.51, 63.64, 81.82, 81.82, 72.73, 90.91, 88.89, 76.92, 80.0, 9, 1.883, b2584e4132967d81cf5dc047619ac46434c2237a9d66a174d5be2168351dfa9d)	(96.51, 63.64, 81.82, 81.82, 72.73, 90.91, 88.89, 76.92, 80.0, 9, 1.868, b2584e4132967d81cf5dc047619ac46434c2237a9d66a174d5be2168351dfa9d)	(96.51, 63.64, 81.82, 81.82, 72.73, 90.91, 88.89, 76.92, 80.0, 9, 2.095, b2584e4132967d81cf5dc047619ac46434c2237a9d66a174d5be2168351dfa9d)	(98.6, 65.45, 82.73, 82.73, 74.55, 90.91, 88.88, 78.95, 80.66, 14.88, 59040.0)	(0.01, 1.82, 0.45, 0.45, 1.82, 0.0, 0.04, 0.8, 0.82, 0.02, 49080.0)	(260.574, ("cc69314ca64ed37af344d8cfb0d0f0ef942ac94d4cc4d79083484ee8881dd3f2", "8f77e1025bb615016be5820724a62074bdb95840520919454a9a12907c37b009", "eea4c3f409918d009206b2482a3f39992330b9f5150bbe9e3da3b23e6149e6c9", "dc57dea0e64d613075ecc90bf92a3611872ab74dbb667975ce3702378d8fd93d", "c33b9b3d5d79165d4709d5b005388ea97753480b916397b0b2552ad93831606a"))	
2	8000,stump_with_memoization,(2,true,"b",["Normalize"]),30,(50,100,75),false,TestOp_80,IA3,htkmel	(95.35, 72.73, 86.36, 86.36, 81.82, 90.91, 90.0, 83.33, 85.71, 9, 55.669, 11ba820f003b36b27ad1a71d9c4067454b4a5164836c1b62e6dd194484c33cee)	(95.35, 72.73, 86.36, 86.36, 81.82, 90.91, 90.0, 83.33, 85.71, 9, 2.191, 11ba820f003b36b27ad1a71d9c4067454b4a5164836c1b62e6dd194484c33cee)	(87.21, 54.55, 77.27, 77.27, 63.64, 90.91, 87.5, 71.43, 73.68, 5, 1.389, 08ba4c400dd0109a1063551b3511df1678753fa1c762a51548fd749a2bc740e1)	(95.35, 72.73, 86.36, 86.36, 81.82, 90.91, 90.0, 83.33, 85.71, 9, 2.486, 11ba820f003b36b27ad1a71d9c4067454b4a5164836c1b62e6dd194484c33cee)	(95.35, 72.73, 86.36, 86.36, 81.82, 90.91, 90.0, 83.33, 85.71, 9, 2.161, 11ba820f003b36b27ad1a71d9c4067454b4a5164836c1b62e6dd194484c33cee)	(87.21, 54.55, 77.27, 77.27, 63.64, 90.91, 87.5, 71.43, 73.68, 5, 1.396, 08ba4c400dd0109a1063551b3511df1678753fa1c762a51548fd749a2bc740e1)	(98.84, 58.18, 79.09, 79.09, 67.27, 90.91, 87.98, 73.77, 76.07, 15.81, 62160.0)	(0.0, 0.66, 0.17, 0.17, 0.66, 0.0, 0.02, 0.21, 0.35, 0.04, 19880.0)	(162.985, ("10d760b09fb4f88537f00447d2502756913bba93050f5f89b62f8aa1a96c5eea", "d6e859eabd31c89087d8225b7e107db87e1e533621fba20d1a04d8034e9a2e4c", "9fb36e5131b389be42b7c00874899befafb8e69ce5f3ecebee9df934cd5b62ee", "898e5b3864b05f3d005de6e6b8647e2c42cae108f6bf30aa6ca6e30e29f4372b", "6b906b7bad3141b68836c0b1d1800e7a28d3f4a43a42d04f69ca9ab318f0f55f"))	
3	8000,stump_with_memoization,(2,true,"b",["Normalize"]),30,(50,100,75),false,TestOp_80,IA3,htkmel	(95.35, 36.36, 68.18, 68.18, 45.45, 90.91, 83.33, 62.5, 58.82, 13, 13.674, fc650837016de30c96c4828e9d527d5d2a91a10df4816025c6df8648a7ad5273)	(89.53, 54.55, 77.27, 77.27, 72.73, 81.82, 80.0, 75.0, 76.19, 7, 1.164, 522998e4313c72b0b267fb3228943c8e30766d8fa382d7083a4c40852c8983ed)	(80.23, 27.27, 63.64, 63.64, 72.73, 54.55, 61.54, 66.67, 66.67, 3, 0.107, 8f3d7ab88d1d22f99b801128ae20a8efcfa98602b71d83f7c2e41c328e38dcdd)	(94.19, 27.27, 63.64, 63.64, 45.45, 81.82, 71.43, 60.0, 55.56, 11, 2.108, f89a5642fedb074242fe4549e53e23440ac922cbf1491cf59d1d4ca8f0f865c5)	(90.7, 45.45, 72.73, 72.73, 72.73, 72.73, 72.73, 72.73, 72.73, 9, 1.213, 8684159e1802ef1819871301a0e19220bc2bf305592f1d9ca02981b8ffb869e5)	(80.23, 27.27, 63.64, 63.64, 72.73, 54.55, 61.54, 66.67, 66.67, 3, 0.106, 8f3d7ab88d1d22f99b801128ae20a8efcfa98602b71d83f7c2e41c328e38dcdd)	(99.07, 41.82, 70.91, 70.91, 58.18, 83.64, 78.06, 66.7, 66.63, 22.33, 58360.0)	(0.0, 0.66, 0.17, 0.17, 0.25, 0.17, 0.29, 0.12, 0.24, 0.04, 8680.0)	(144.927, ("b454aa6bfcaf7e46b3609ea42ba9952dcce582fc25bb3a50cb07fd2a73a4bf63", "014756afceed3c0edbe962bcc7647567ad1bb715eab14c1af9774045231e7468", "8a1ef084ac6e5519df1d8ded9404e4467f5126e9d5dae8eda466cefab4053828", "8f503d3daad4d4dce2050de4982453fc1f7411dee0f523b4bcc8532e0c6245e5", "b4128260ba57d09938e35f464e3c26e066669ca89b3b7e6510eca96859c108c1"))	
4	8000,stump_with_memoization,(2,true,"b",["Normalize"]),30,(50,100,75),false,TestOp_80,IA3,htkmel	(96.51, 45.45, 72.73, 72.73, 54.55, 90.91, 85.71, 66.67, 66.67, 15, 8.704, f5546bb46ee0a35d4260cda53b13b9b2810607224fbcb483cdeb37fd58b99b16)	(87.21, 36.36, 68.18, 68.18, 63.64, 72.73, 70.0, 66.67, 66.67, 7, 1.596, 388bc40934417300fa993a23069effc44496a05b7ddae45f1c7b99de1461dc2f)	(83.72, 36.36, 68.18, 68.18, 63.64, 72.73, 70.0, 66.67, 66.67, 5, 1.234, e4fb55824d3d582107e32214149f256b4df0c974bede9ec038b85c790fb544ff)	(95.35, 72.73, 86.36, 86.36, 81.82, 90.91, 90.0, 83.33, 85.71, 17, 2.443, 99677558948e2798058c18d7dc3725bbbc81e9c1250982c269618e45513d0ef1)	(88.37, 63.64, 81.82, 81.82, 90.91, 72.73, 76.92, 88.89, 83.33, 9, 1.451, 73869a413fcfe75b6ee49ecc7650811500534791bd043dbe7b9322d417e867b1)	(83.72, 36.36, 68.18, 68.18, 63.64, 72.73, 70.0, 66.67, 66.67, 5, 1.243, e4fb55824d3d582107e32214149f256b4df0c974bede9ec038b85c790fb544ff)	(100.0, 65.45, 82.73, 82.73, 72.73, 92.73, 91.11, 77.25, 80.84, 19.77, 65840.0)	(0.0, 0.17, 0.04, 0.04, 0.0, 0.17, 0.25, 0.01, 0.04, 0.03, 10480.0)	(173.218, ("65873342ccb86e08a7187a0c2deceeef1f44bb8b08ec5717db95e390959be7c0", "35066c9a9285991dcbf04ec42c92ae842e03b3ed1466ef7701d6b0cd8758606d", "c511c4c64a72373473e88920bdb92238ea60f88928120b0bb500e0a6a8d96004", "5beea0acc79f2cb93baca597c0516ab574a676dceb060b36a7d4b79574fbdffd", "829058b61119ef511c604094747659f4d505d6f63bfab294f35d22d49b693611"))	
5	8000,stump_with_memoization,(2,true,"b",["Normalize"]),30,(50,100,75),false,TestOp_80,IA3,htkmel	(97.67, 54.55, 77.27, 77.27, 63.64, 90.91, 87.5, 71.43, 73.68, 13, 15.087, 48472898549b194cb16b83c3ca9412e096cda3ad140cb314a1187c0af954cde0)	(93.02, 54.55, 77.27, 77.27, 63.64, 90.91, 87.5, 71.43, 73.68, 9, 1.456, 6a86074c4778eb95c1077a10e042a4f9e542c615a79837231e1018ceb56e2760)	(88.37, 45.45, 72.73, 72.73, 54.55, 90.91, 85.71, 66.67, 66.67, 7, 1.6, cc95ffe49d1c1869f99d6429375bc68142a6f1baf2bd29d4d0a9a33b09dcbd2a)	(97.67, 54.55, 77.27, 77.27, 63.64, 90.91, 87.5, 71.43, 73.68, 13, 1.659, 48472898549b194cb16b83c3ca9412e096cda3ad140cb314a1187c0af954cde0)	(93.02, 54.55, 77.27, 77.27, 63.64, 90.91, 87.5, 71.43, 73.68, 9, 1.466, 6a86074c4778eb95c1077a10e042a4f9e542c615a79837231e1018ceb56e2760)	(88.37, 45.45, 72.73, 72.73, 54.55, 90.91, 85.71, 66.67, 66.67, 7, 1.645, cc95ffe49d1c1869f99d6429375bc68142a6f1baf2bd29d4d0a9a33b09dcbd2a)	(99.77, 83.64, 91.82, 91.82, 94.55, 89.09, 89.7, 94.36, 92.02, 22.33, 65440.0)	(0.0, 0.58, 0.14, 0.14, 0.25, 0.17, 0.13, 0.27, 0.14, 0.01, 36680.0)	(131.6, ("2edbbdbeeb3aca057166142da15463ba4745e54d76b7817120ec22e27ce591fa", "ec66ec77b513879e310a00cdb872ee42258b453992b4d41c2f44ee5c1698581e", "6577b75bff23f2712b5f4b746efe8b02ee4348dd505ac4ab0cb76c4c0a495fc0", "d5949f85bd6ac8de9f7e637cb80da01aa3895e47f2180aeb7be8ce7f9275bc09", "bac1e15c4cdde1b320d1cf9f860463621416de2016024ed0a4b8d40ebbf436c7"))	
6	8000,stump_with_memoization,(2,true,"b",["Normalize"]),30,(50,100,75),false,TestOp_80,IA3,htkmel	(95.35, 72.73, 86.36, 86.36, 90.91, 81.82, 83.33, 90.0, 86.96, 11, 8.338, 316bd4f1044bf419eafc4a8b18d7d0d63f1423fe8da3b449641fb5de53f782d8)	(95.35, 72.73, 86.36, 86.36, 90.91, 81.82, 83.33, 90.0, 86.96, 11, 1.615, 316bd4f1044bf419eafc4a8b18d7d0d63f1423fe8da3b449641fb5de53f782d8)	(93.02, 72.73, 86.36, 86.36, 90.91, 81.82, 83.33, 90.0, 86.96, 9, 1.595, 074784bee8e3cc1c2b9ca9f700277b82d54f6155b63735285370d646e1b86d0a)	(93.02, 72.73, 86.36, 86.36, 90.91, 81.82, 83.33, 90.0, 86.96, 11, 1.921, 4eb1a1b990d8efb3343104fa243e71fb54924a4e93436b49b3cdb929703ca9ad)	(93.02, 72.73, 86.36, 86.36, 90.91, 81.82, 83.33, 90.0, 86.96, 11, 1.606, 4eb1a1b990d8efb3343104fa243e71fb54924a4e93436b49b3cdb929703ca9ad)	(93.02, 72.73, 86.36, 86.36, 90.91, 81.82, 83.33, 90.0, 86.96, 9, 1.594, 074784bee8e3cc1c2b9ca9f700277b82d54f6155b63735285370d646e1b86d0a)	(99.07, 78.18, 89.09, 89.09, 78.18, 100.0, 100.0, 82.4, 87.57, 20.99, 64720.0)	(0.01, 0.66, 0.17, 0.17, 0.66, 0.0, 0.0, 0.34, 0.25, 0.11, 20520.0)	(220.669, ("8d59803b9b3449bcb64d8d07c20aaced3de40b106978ee06aae767d95bdae8f9", "6d9ff25fbcfcb82cd7dd4817ffd342156dee1137bc96500d995f27039de7538d", "e458c11d940d25972418a5820d3b2d7bf65afd1a2789b5e0667237f6b8ababe0", "67532a44e947861e05b154d0b4d6a8ac923673cba607591d2452baac2edf26f5", "54cee38cfa238da7c5a3f612605ea06e944467f4edfe7eed2f527722b3cf4558"))	
7	8000,stump_with_memoization,(2,true,"b",["Normalize"]),30,(50,100,75),false,TestOp_80,IA3,htkmel	(96.51, 63.64, 81.82, 81.82, 90.91, 72.73, 76.92, 88.89, 83.33, 15, 4.76, feb9197db5fdfc92d20795c409ab3c20a59dbf4e3aa5d7ea4e5d75481d538a80)	(96.51, 63.64, 81.82, 81.82, 90.91, 72.73, 76.92, 88.89, 83.33, 15, 3.149, feb9197db5fdfc92d20795c409ab3c20a59dbf4e3aa5d7ea4e5d75481d538a80)	(93.02, 63.64, 81.82, 81.82, 90.91, 72.73, 76.92, 88.89, 83.33, 11, 2.992, af7aa4e810e81c348fa01b537bc90372918104f7fed362541409823f5d6154a2)	(96.51, 63.64, 81.82, 81.82, 90.91, 72.73, 76.92, 88.89, 83.33, 13, 3.183, da350717a77d61fec3e4be3e212430a69c36a1044dfa9ad599185182c02b6ccf)	(96.51, 63.64, 81.82, 81.82, 90.91, 72.73, 76.92, 88.89, 83.33, 13, 3.132, da350717a77d61fec3e4be3e212430a69c36a1044dfa9ad599185182c02b6ccf)	(93.02, 63.64, 81.82, 81.82, 90.91, 72.73, 76.92, 88.89, 83.33, 11, 3.014, af7aa4e810e81c348fa01b537bc90372918104f7fed362541409823f5d6154a2)	(99.3, 76.36, 88.18, 88.18, 89.09, 87.27, 87.7, 89.03, 88.29, 26.74, 65800.0)	(0.0, 0.25, 0.06, 0.06, 0.17, 0.25, 0.16, 0.1, 0.06, 0.11, 25400.0)	(178.344, ("8770c9922200ae7af593d8e316d8c74687e96d02f0adccd954a3757075733028", "6cd32fcd5138d7d35a29ae95122203acdccf680da5d8443be6d32658906a495d", "1ecfc6e1ce29ed98292921318df147960ec58986cf290bda57d1dac1688d555a", "03435d4bec9021a353651e4415e27333864b337541eda565cedd7a22f57b9701", "c29c8eda5417a8adc8ea748aa801e0df9a5211193c467643659a0ce73e1eeaf4"))	
