Dataseed	Params-combination	T(entropy,2,0.01,0.2)	T(entropy,2,0.01,0.4)	T(entropy,2,0.01,0.6)	T(entropy,4,0.01,0.2)	T(entropy,4,0.01,0.4)	T(entropy,4,0.01,0.6)	RF(1.0,50,half,all)	RF(1.0,50,half,all)σ²	RF(1.0,50,half,all)t	RF(1.0,100,half,all)	RF(1.0,100,half,all)σ²	RF(1.0,100,half,all)t	
1	stump_with_memoization,TestOp_80,("FingerMovements",false),(false,"interval2D"),5	(-7.14, 46.43, 45.24, 47.62, 46.34, 46.51, 45.78, 77, -Inf, -Inf, 435.045, 0b3ce77c5fe53b9a025291474f1827ba363d9adba2d5209d0c576db3fd3cb6c6)	(-7.14, 46.43, 50.0, 42.86, 46.67, 46.15, 48.28, 65, -Inf, -Inf, 121.822, 263af05e49736a153550c4d8fcda486b9b2016f9a1b2d4e06f6d72f6bf3a3a00)	(-9.52, 45.24, 45.24, 45.24, 45.24, 45.24, 45.24, 47, -Inf, -Inf, 120.28, 00357426b06fd8489cb94cf7be7b9b28b2434db2daac5d495b30a80705c06e95)	(-7.14, 46.43, 52.38, 40.48, 46.81, 45.95, 49.44, 71, -Inf, -Inf, 122.834, 4c85165fc3e455bbedcf0cf43f0fd9873c615f0c96418b6428f4cec88251c827)	(-7.14, 46.43, 50.0, 42.86, 46.67, 46.15, 48.28, 59, -Inf, -Inf, 121.83, 44c5a4db808a6e06fc76e7fb3044b7cba5d564627764af975a0f7b4bbf6f89e2)	(-9.52, 45.24, 45.24, 45.24, 45.24, 45.24, 45.24, 47, -Inf, -Inf, 120.421, e87a8d6de9824b470bd2ec480f1f6e8bfff4ffdce944153aeba65789da60a1eb)	(17.14, 58.57, 56.19, 60.95, 59.59, 57.99, 57.55, 0.0, 330360.0)	(0.007199546485260768, 0.0017998866213151921, 0.002721088435374151, 0.010941043083900228, 0.0031700881670109317, 0.0013527591577551087, 0.0009816509756498163, 0.0, 1154.8)	(0.0, ("3dc2406a73a465f45f660e0d27920d9c76ce51d173fc18db5f46bb92a83f22c8", "acef04b87d60f69ea32aecbb591596ec80a774cad3fed94d06951235c002452b", "7c3841751e399d8ab253df0a38f7eb70afa775f4ff39984c459b6c9c60f07321", "4555a0d3ac167b9e721ae88e842359ba4b400e8704d985188c1106fcbbbc913f", "03866c211244086b568be7cb1ec03bc9b41d668e7fac4346bd9ae48392a6f3ec"))	(12.38, 56.19, 56.67, 55.71, 56.2, 56.2, 56.42, 46.63, 658920.0)	(0.0032312925170068004, 0.0008078231292517001, 0.0003968253968253956, 0.001870748299319728, 0.000896059705939388, 0.000739639105101646, 0.0005400774016046878, 0.00028305995064595757, 2927.2)	(10029.874, ("6d42bba035d4f19efeb3012d26285845c9396b2ceeea7ef91b4cf89de8d1bb24", "a85861047358a479edd1e1212205de10745599916e915fc59fccabe2eefec276", "2431636f96b31b7b850c854af2767106ff702e5edae04b41d2e8dd83652f8b49", "2ce95e1074d3fb01ad1c9b3d91e104ed2464decb7b59f7571d7bd0842e98994f", "6d3f33bf05e1396b5ea24f834ed555f06e33361526e002e5bd86a7fbe807091f"))	
2	stump_with_memoization,TestOp_80,("FingerMovements",false),(false,"interval2D"),5	(19.05, 59.52, 54.76, 64.29, 60.53, 58.7, 57.5, 85, -Inf, -Inf, 191.863, 931015a42f78c31300070219117e16041180bd4c21dad532525235c8eaec0dcd)	(21.43, 60.71, 57.14, 64.29, 61.54, 60.0, 59.26, 79, -Inf, -Inf, 171.911, 0b3b3358338b6f1f9ff3b3c1f29bb63e3fa5fd2c1cfe36cf7fbb12160eb34ebe)	(38.1, 69.05, 66.67, 71.43, 70.0, 68.18, 68.29, 43, 0.7325396825396826, 0.6152777777777777, 162.681, 7375dab90269d4d73190b47b7ffc944157d353d54a09c7c699891877d7055a05)	(30.95, 65.48, 64.29, 66.67, 65.85, 65.12, 65.06, 71, -Inf, -Inf, 171.343, f25f1a9ae3d0a58af8c2d13bb6e92eaa53ba380bf2ceb0ec2ea76d8794ec5eb7)	(30.95, 65.48, 64.29, 66.67, 65.85, 65.12, 65.06, 67, -Inf, -Inf, 169.821, 072aacaa747a118e5a1dec11927ae4b9052615dca5867c7ea33d8d7d8009d961)	(38.1, 69.05, 66.67, 71.43, 70.0, 68.18, 68.29, 43, 0.7325396825396826, 0.6152777777777777, 161.193, 7375dab90269d4d73190b47b7ffc944157d353d54a09c7c699891877d7055a05)	(19.05, 59.52, 50.48, 68.57, 61.75, 58.02, 55.52, 0.0, 329480.0)	(0.003117913832199548, 0.000779478458049887, 0.0003968253968253977, 0.0020975056689342413, 0.0014618817979808697, 0.0004798679546057744, 0.0005923419408106342, 0.0, 1585.2)	(0.0, ("24d238b67a33f22ce9dd48e2f6e8bd94fb8fd079d86a0f1d8f10b4213d709d1f", "114b7cac7090da389d27de560a575c45655d4d17fc100af8f1f499525f550c8a", "f35afc2bcd2665da98bfe53c5e92ceccdb9ebb0a200d1a3dd529318f4b7b07ad", "b78c57b598294256369f0d886103c284bb33df82be36420773266f3115fc8376", "bb4a7d00b30c7d2132f91b76f48ebe4d648b96faca889b24b0158060654c99b2"))	(19.05, 59.52, 52.86, 66.19, 61.0, 58.41, 56.62, 49.58, 661240.0)	(0.003684807256235833, 0.0009212018140589582, 0.001247165532879819, 0.001247165532879818, 0.0012553668017037127, 0.0007096360780481286, 0.0011540434173676728, 0.0004835607490201761, 4542.8)	(10009.634, ("ac445f3399fc7c907e9b44782d257ad95f80c5e76f03c936367cdef43d8d704a", "6f8cb780930362751bd7365687b6e94edb909718f277e94deffb5f3782f432cd", "a7cb6dc3edfa31cde019ca477e3efcdc90e02f679960ae4959c286e10101835f", "7f5b2b01df692bd0d1e39b500b428115c523ecb72813d088867a08620b9c8301", "e639a0e9d6f5d14c2b92fbb4c729d89e5a229a8755fdfd39d964124205d26e52"))	
3	stump_with_memoization,TestOp_80,("FingerMovements",false),(false,"interval2D"),5	(-7.14, 46.43, 47.62, 45.24, 46.51, 46.34, 47.06, 85, 0.5619047619047619, 0.48333333333333334, 156.095, ff9bde2adc74235940430ce8d32a1f4071def7f82ac00b7605065ffe14482a76)	(-4.76, 47.62, 47.62, 47.62, 47.62, 47.62, 47.62, 65, 0.5619047619047619, 0.48333333333333334, 151.594, 963462189e5ef04416d7a2d63ff63240c07a19ec1b3c231fded7c454bb45a566)	(-4.76, 47.62, 57.14, 38.1, 48.0, 47.06, 52.17, 33, 0.5395238095238095, 0.49416666666666664, 146.482, de438481ba297edd96c9d42c1a850f261d845438e9a0dbd70b62ed49f7061954)	(11.9, 55.95, 52.38, 59.52, 56.41, 55.56, 54.32, 75, 0.5619047619047619, 0.48333333333333334, 151.168, a9048fc56298a089dd0a161cad25f48ccd366ebb231d94191c5bca58dcc1e860)	(4.76, 52.38, 54.76, 50.0, 52.27, 52.5, 53.49, 63, 0.5619047619047619, 0.48333333333333334, 151.058, dfcd2facaf168475e6726396718005666bbc3b16bde783de87fc532590b8b0e8)	(-4.76, 47.62, 57.14, 38.1, 48.0, 47.06, 52.17, 33, 0.5395238095238095, 0.49416666666666664, 146.05, de438481ba297edd96c9d42c1a850f261d845438e9a0dbd70b62ed49f7061954)	(-1.9, 49.05, 46.19, 51.9, 49.2, 48.92, 47.6, 0.0, 324560.0)	(0.008049886621315188, 0.0020124716553287965, 0.0007369614512471658, 0.0054988662131519265, 0.002073281169528059, 0.001990241228055958, 0.0010803154304164623, 0.0, 1852.8)	(0.0, ("cacdf9c9c551d66c5786fb3abfceec9c23815f03b28eb75f292a666676df1864", "85098ee342943a230d6deea654f945ad44956d4838526f5ca1210429126ce893", "15a449d2df0685bce6d19eaeb4abb5fd1e111f274df44847554ac5256c2709b6", "ec06906094aa3dc519df5083e5f652e9bada68d022416ece78392558fea5406c", "5eaf1daac06053bbc22cb2f24f8c7acfb6ae3e1eb48b9d8dd54b8772cdfd25ed"))	(0.48, 50.24, 49.05, 51.43, 50.34, 50.16, 49.61, 43.55, 650320.0)	(0.004365079365079364, 0.001091269841269841, 0.0018707482993197298, 0.003854875283446713, 0.001121937511255962, 0.0010787055947796527, 0.0010302611482472556, 0.0005153142691246914, 5769.2)	(9889.766, ("32c94fc70041effca1f2d3c49c79ff4a496098650d8c1f1c889621b4a2ea16fb", "64de52ba482ff724d16d6c8f90017f60c0eba4ee121bab56ce81252c7452a252", "6d617919c51e7541dc6a4556461979548ad7a35d8f761afa2533dc5241ef59b1", "5e3e0eed89f782cb9cc8c5b6f5a586d311d3a9647010e14c38c2f84428f8defc", "99e67872874cb7c0f5d6d58a17fc9474068a7a1ada224335fdf572385e758d0d"))	
4	stump_with_memoization,TestOp_80,("FingerMovements",false),(false,"interval2D"),5	(-7.14, 46.43, 50.0, 42.86, 46.67, 46.15, 48.28, 75, -Inf, -Inf, 144.251, 6df1932b67374431cfded3c9b1d178b8bb77bb4932d7191fcce8a08d0fa86701)	(-14.29, 42.86, 47.62, 38.1, 43.48, 42.11, 45.45, 59, -Inf, -Inf, 143.283, 0add36de2c8d61f8894c4a497fffb062ffea51b3ee6dafe27a876e632a3089e7)	(-11.9, 44.05, 45.24, 42.86, 44.19, 43.9, 44.71, 45, -Inf, -Inf, 135.232, 1ac754e657d01eee515badbd55275656e8c21da25d59437adffec7b25c7fe69e)	(-9.52, 45.24, 47.62, 42.86, 45.45, 45.0, 46.51, 71, -Inf, -Inf, 143.853, 1ba0f46ba4b9595874589de9ac51e2cc7e469fb8415b4dda85af5777ced66993)	(-11.9, 44.05, 47.62, 40.48, 44.44, 43.59, 45.98, 57, -Inf, -Inf, 141.849, 1e1c0b602085db027e68cc2f9c3047237cf03b88734783bb3d5846edaeb9feeb)	(-11.9, 44.05, 45.24, 42.86, 44.19, 43.9, 44.71, 45, -Inf, -Inf, 135.005, fdb468934703612230e819b6fce4e35df3a0da129bfa062273ad9d23ff909c83)	(-2.38, 48.81, 39.05, 58.57, 48.58, 48.97, 43.22, 0.0, 321400.0)	(0.0019841269841269805, 0.0004960317460317451, 0.001303854875283447, 0.0024376417233560087, 0.0007438848652667632, 0.00036388552531199837, 0.0007947794307081584, 0.0, 1060.0)	(0.0, ("29f1ba9086221043716c0f058703615ed2dfe2a8439bb2cd54b16ea0691a8a43", "7e7b4ed033b1adee8941aeac6f83b3f7866077b08c719b0c2504867cb679de02", "8edc12eb143bded9a0aba05b97044d634644da77ad196967a15590cb3bbff637", "b52d39073d7d730f97ac533c451504d123685e119828120e168244b3622044f7", "4663c4226c0c2a4da23a3b3043fd3820b327f5e69f1b33ba8f65a9a2765b3bfe"))	(3.33, 51.67, 44.29, 59.05, 52.02, 51.42, 47.8, 47.05, 646320.0)	(0.0018707482993197276, 0.00046768707482993196, 0.0007369614512471651, 0.0018140589569161, 0.0006772120612951054, 0.00034239067055393663, 0.0004809127008127468, 0.0006641021919001302, 609.2)	(9756.863, ("02c38ee49003ef79cd54f8ddd5075ece40b27e91022b872e62797f45f54e10f0", "c4a25ae2105fb5f4c6370702ccbeaf35646dc94fc72d8bf00b50d7c7f0cb9ab7", "d8b17fd850d2d67e1b30d2c85ef2f15ec19cdc2690b40546617c9fc199c532c4", "4e54bc0c6a14f1ea448faa1f5bcff51d2a6928506c13c6015f9cdea58f6710f3", "563198d26c4bf37d3880cf4a1ed8ee874344acd8cd5572868c7e5d5724fde610"))	
5	stump_with_memoization,TestOp_80,("FingerMovements",false),(false,"interval2D"),5	(-4.76, 47.62, 52.38, 42.86, 47.83, 47.37, 50.0, 85, -Inf, -Inf, 174.045, 6c703b71718733c92711070e0d948b24f77f5080ef607ab297da6dc92b5f4fcf)	(2.38, 51.19, 52.38, 50.0, 51.16, 51.22, 51.76, 75, -Inf, -Inf, 170.742, 425678f2a22fe5ab7ededf1e33b6f9c9f37baaa624daf5d8de7cc108665a6cf4)	(14.29, 57.14, 52.38, 61.9, 57.89, 56.52, 55.0, 47, 0.6522408963585434, 0.5678921568627451, 169.63, 75469f93c3eac9ada934f8880b02a4884b8a5b780cf3976d95074de6c2a60ce5)	(-2.38, 48.81, 47.62, 50.0, 48.78, 48.84, 48.19, 77, -Inf, -Inf, 173.257, 430feb5966a8971c1a9c0f3533e5578c3716faef5b5d7e8e1096fecb1fd521aa)	(-2.38, 48.81, 47.62, 50.0, 48.78, 48.84, 48.19, 67, -Inf, -Inf, 170.215, 14531feabdd88e8333e09e3fdda3b067cf5cc1a997b3a295b6d68830224d2ed6)	(16.67, 58.33, 52.38, 64.29, 59.46, 57.45, 55.7, 45, 0.6522408963585434, 0.5678921568627451, 170.036, ba95bf67071d931b17986ba70c4eddd56028b8c5109dac3bd1b44bb944b59fe7)	(3.33, 51.67, 48.57, 54.76, 51.86, 51.51, 50.14, 0.0, 324480.0)	(0.004705215419501133, 0.001176303854875283, 0.0007369614512471662, 0.0025510204081632655, 0.0014013288235395303, 0.0010046477583585131, 0.0009131194133949039, 0.0, 1719.2)	(0.0, ("1eea53ce2240d36f3861b7000f129b4e569143edd0d55f4694a488bbc64063f4", "1aaa10c97b9f8284f049cd3e60c6da5b128f906172f410e94f59d4ea6b4ddb0d", "66421fd1eb31b1543415b7b1a3633ec51ab31ccfe0b7cddf42d99b2e73912d3f", "4cf1090e09181ec646d363593209a4b3ccea670dca6792e124fe1be74efdfaad", "0343056e6dadb071332ada890ae07bed16950495f3240d80c37a9d1c3db2b135"))	(3.81, 51.9, 49.52, 54.29, 52.1, 51.75, 50.72, 45.96, 649240.0)	(0.004138321995464858, 0.0010345804988662142, 0.00124716553287982, 0.003231292517006804, 0.0011846785592545038, 0.0009324743433263187, 0.0008754997857068681, 0.0008419219044854118, 2768.8)	(10353.793, ("ac93018d63ee1521329449954470604f5df2c664ae4710e217f516304e4c62e5", "ca574e0ceb2219e6c10605dbb26b2abccf441c4bada73ef4350acf25119e118c", "66de44f1d7f7949318e458d80d67af418077ae1a86c9fd8b5ef23c976f85d039", "6ee391bda4855ae5d1fc757bee98a0568834c6ce13472877af3b990d850ef1b9", "f4343516105c18c86e487c676b60a55c2f69644c07393aa9a8e5c745a3858764"))	
6	stump_with_memoization,TestOp_80,("FingerMovements",false),(false,"interval2D"),5	(2.38, 51.19, 52.38, 50.0, 51.16, 51.22, 51.76, 83, 0.5038095238095238, 0.4316666666666667, 216.611, ca06fdbf86584f773578ce42aec67ef4390038ef14f46913060505a175b59f73)	(2.38, 51.19, 47.62, 54.76, 51.28, 51.11, 49.38, 67, 0.5038095238095238, 0.4316666666666667, 214.572, e7ce994cab96195886e9b3fd44ee43040310fe54bbe38d7c10d0cba9a0d75634)	(2.38, 51.19, 50.0, 52.38, 51.22, 51.16, 50.6, 39, -Inf, -Inf, 211.399, 2be5c8c300a0632b28bd4f19875a5b0b3a4560d39d064df71541db6d823b5087)	(2.38, 51.19, 45.24, 57.14, 51.35, 51.06, 48.1, 75, 0.5038095238095238, 0.4316666666666667, 216.886, bcb878a5e93cca0b6604693c4f6e084b7a8a849f8f18577b4da1b286b103ecc6)	(-4.76, 47.62, 40.48, 54.76, 47.22, 47.92, 43.59, 59, 0.5038095238095238, 0.4316666666666667, 213.699, 5a4f1244394a5ffc9fb6b1ac00a8a09ac8b0019028f516dad18acee895a791c3)	(2.38, 51.19, 50.0, 52.38, 51.22, 51.16, 50.6, 39, -Inf, -Inf, 210.21, 8cba9e1ffdf95933a5efcad2a6bcd35d4df4051c61b75614666688e1cb2e3715)	(7.62, 53.81, 43.33, 64.29, 54.98, 53.1, 48.42, 0.0, 327760.0)	(0.003798185941043085, 0.0009495464852607713, 0.000680272108843537, 0.0028344671201814067, 0.001710077025147371, 0.0006181810300702527, 0.0007274851649136821, 0.0, 2108.7999999999997)	(0.0, ("bd22c92df5ff23d5d8ceade9646db0dca59f551685ac4d511c4c0ea2467be944", "e15c80eb58ec0868bd6489647b4f3685cbd13cef4671e0bcf3749702c2b07aad", "ab520d0df4305f929bba519734b5edaa20bcd0dbd2fb710521983e0bad5b7b8b", "66a9f76797bca4276b329d7f4fd345dcb865786a1e7169731b1113232032b631", "60474c3d1a0bbd742eb8145aee1e260018fdcb242707ad0ea0d364bbe16a4fca"))	(8.1, 54.05, 46.19, 61.9, 54.79, 53.5, 50.12, 47.41, 658520.0)	(0.0013038548752834513, 0.0003259637188208628, 0.00045351473922902475, 0.0002834467120181412, 0.0004565381708238859, 0.0002449066361238364, 0.00044923441526838046, 0.00018417041660618417, 4649.199999999999)	(10304.111, ("d2c7b3c2005bc25f0ed791c1d07ee2705c72453f138e1d7aa6e8a5a4bdf1b5c7", "11c66a7360747ad74b16e982e66a2c6be8a591d8c908e45964bdbb4793366548", "075ba1e98f72d495fc13e07a46e47a212990c00a5e663e6d0f6b1c66d98797e8", "24a638ab0b7059b620678f2d50ecd40560383d6b9900564b68e3c8a238a7007a", "f7eb2bcecfb714fd15f22dc7f5921599b791c8b99acc76765dce6e436a619c8a"))	
7	stump_with_memoization,TestOp_80,("FingerMovements",false),(false,"interval2D"),5	(-14.29, 42.86, 47.62, 38.1, 43.48, 42.11, 45.45, 91, -Inf, -Inf, 287.644, 117b621a9fbe4af7ee171a752cb5c9f7117e914d8a9bebe7d178651d1c03f1c6)	(-14.29, 42.86, 50.0, 35.71, 43.75, 41.67, 46.67, 79, -Inf, -Inf, 289.083, 795900d65d982cd14c0dcb48ce4d0a259820249f081e84b32dcc86dfda71a889)	(-4.76, 47.62, 50.0, 45.24, 47.73, 47.5, 48.84, 39, -Inf, -Inf, 264.322, bdd0de90231f31d178b9fc8445e15ab50d9ab6d2c582da58b0de60c49cd80ce4)	(-14.29, 42.86, 50.0, 35.71, 43.75, 41.67, 46.67, 79, -Inf, -Inf, 285.45, 6a9f5b40699ee5e1c986f742e7694d1fd3e6fc870e31a43f13469b31f112d428)	(-16.67, 41.67, 50.0, 33.33, 42.86, 40.0, 46.15, 73, -Inf, -Inf, 286.329, 95449248ef00ee5ae9a189be671528f7deecd582325aa3edee9338d6b1969802)	(-4.76, 47.62, 50.0, 45.24, 47.73, 47.5, 48.84, 39, -Inf, -Inf, 264.818, bdd0de90231f31d178b9fc8445e15ab50d9ab6d2c582da58b0de60c49cd80ce4)	(8.57, 54.29, 62.86, 45.71, 53.66, 55.29, 57.81, 0.0, 329320.0)	(0.0024376417233560104, 0.0006094104308390027, 0.003571428571428573, 0.002664399092970523, 0.0003856124064172323, 0.0011938833092075304, 0.0010149547988907047, 0.0, 735.2)	(0.0, ("a05ba72f86ff5c0a63e1eea551f4b928903c5c807f808c6bb6a1a55074bc4040", "4d8f0e280657f0382a9eea56f7138f93c2b2738011b6c2332c5106b219d7feeb", "b0a5a8a51a34bab0cf246290d73bef085cb18b79964c709a5dee8bd0bd27d1c9", "a7a8926f1f645d01c74580c5269e6fcfd3fa36aed00286c5ee3f74783bb1e14e", "ef3441a7caa3b9976126d9b8ccf738b39e62e43dda615096f52e43fbae6613ef"))	(5.24, 52.62, 61.43, 43.81, 52.15, 53.36, 56.36, 46.17, 660040.0)	(0.004365079365079368, 0.001091269841269842, 0.004081632653061222, 0.001303854875283447, 0.0007346299104296644, 0.0018027384686434868, 0.001705830346139674, 0.0005529125995200019, 698.8)	(10102.709, ("6ce120be1c75d7a5442db0e11e1fa739dce91c94e9b1ae34af4753d8c18167fa", "7261e12a904b41e4b559c278e0a53d404c270c7d789e87c5c1d521e2a9b0f2f2", "2084509ce9b3df3be97fec914a1efac8c06c41a84a73359be2d85991ef269dcf", "ab35ca7e392415e2a2bc800d38b6e7c49252a16f383dd1d44884e539fe64ca84", "a37bc9528db28676cc8ef3ec492759ad7221edfa12cca99ec530b73f54e40127"))	
8	stump_with_memoization,TestOp_80,("FingerMovements",false),(false,"interval2D"),5	(7.14, 53.57, 52.38, 54.76, 53.66, 53.49, 53.01, 85, 0.6080086580086581, 0.518560606060606, 193.948, 89cec7cddbea22ec720ba628ee58b22fcd433cf78ebca8996432aa3bd2d60a33)	(7.14, 53.57, 57.14, 50.0, 53.33, 53.85, 55.17, 71, 0.6080086580086581, 0.518560606060606, 192.263, fdd18d5a79a28f7f1e00ef27afd1749de246a7f65de9a1d26edcfba6b0e0b10b)	(-2.38, 48.81, 52.38, 45.24, 48.89, 48.72, 50.57, 37, 0.5547619047619048, 0.47333333333333333, 187.077, 6c1a0fcad95b0da04d9739f3d877356a2ef92f4f9db32a1c825da986b24358b7)	(0.0, 50.0, 50.0, 50.0, 50.0, 50.0, 50.0, 77, 0.6080086580086581, 0.518560606060606, 192.973, 47115139c63eba6a931af5debe2dbff6be652d8156001274939a7f3e3369f09d)	(0.0, 50.0, 50.0, 50.0, 50.0, 50.0, 50.0, 69, 0.6080086580086581, 0.518560606060606, 191.259, c228e0778016e22674193822fae7197140068bb9316f303a9eacdb18174da14f)	(-2.38, 48.81, 52.38, 45.24, 48.89, 48.72, 50.57, 37, 0.5547619047619048, 0.47333333333333333, 186.439, 6c1a0fcad95b0da04d9739f3d877356a2ef92f4f9db32a1c825da986b24358b7)	(10.48, 55.24, 51.43, 59.05, 55.63, 54.92, 53.42, 0.0, 332760.0)	(0.010941043083900233, 0.0027352607709750583, 0.003854875283446714, 0.002664399092970524, 0.0031539828518900364, 0.0024232395514602175, 0.003365776998019327, 0.0, 834.8)	(0.0, ("77b0094b727c19d2c9a1ac3b3b7c9096c291b482e2d2a85a67c68e00ac27cfbd", "f3596754aba96b11dfe6098aace0b31f19e04802b8e6067f156b80bbb9dd4c00", "64cc90751a1e58a0ffb9e060c0250ff20619aa519b0daf544cd1308c57e986d3", "009287f7bf5fc8769b4cd70aee3a00838133a98a9f98dac11d9641b7c58bae3c", "00ab6d973dc278d01be3069384c5e72e38d388d24e24a40c0d62ab6734e7c3ed"))	(10.0, 55.0, 52.86, 57.14, 55.29, 54.78, 53.99, 46.14, 661440.0)	(0.0040816326530612335, 0.0010204081632653084, 0.0018140589569161, 0.002834467120181407, 0.0011681803570663353, 0.0009523120989620246, 0.0010863104081648397, 0.0006913194948468589, 1980.8000000000002)	(10742.558, ("9179763e2424f824eeccd23338c85fd986531c9ee5b304799d2795b04c880460", "ff32db53f7f4cb815d2fa746f4d12d4d2cce9736ad1670fe2fbcb5ade582cc9f", "89374afe89412912a33265b942c1d2fcc7341e14db37774c68aefebf4f4322f5", "6e33a6bfdc270ec08d0ef844030bc6e3e6d77af63a23ff742310b007c1ecbfc8", "cb4bb5012837d81e56f79a31b1910c325a17af99e483dd4f8dc66bc30a0ff654"))	
9	stump_with_memoization,TestOp_80,("FingerMovements",false),(false,"interval2D"),5	(-9.52, 45.24, 52.38, 38.1, 45.83, 44.44, 48.89, 85, -Inf, -Inf, 95.31, 7a14ac16246678c36330f658846338f1a1544cc39e3b726ee3ef17f60ece6a63)	(-7.14, 46.43, 52.38, 40.48, 46.81, 45.95, 49.44, 69, -Inf, -Inf, 91.248, a898a351c341dd18381b1567c9cb64153bffa8c21ea92244a0231d3a483f2ee3)	(0.0, 50.0, 57.14, 42.86, 50.0, 50.0, 53.33, 31, -Inf, -Inf, 65.26, a4f2e2be275ea285c72b0c959692dedaeb6d6f158681e472a153b82d5e2bf37d)	(-4.76, 47.62, 52.38, 42.86, 47.83, 47.37, 50.0, 77, -Inf, -Inf, 96.078, 6d91b0c2107d8cfb04fb5c85666f2e07ce8941d81a7a21906f9b535381481388)	(-7.14, 46.43, 50.0, 42.86, 46.67, 46.15, 48.28, 61, -Inf, -Inf, 91.2, 8fcd1a83f3c59afb8c419125a1018f85a949e3e6980c9dda973b82ac5bda3b0d)	(0.0, 50.0, 57.14, 42.86, 50.0, 50.0, 53.33, 31, -Inf, -Inf, 64.929, a4f2e2be275ea285c72b0c959692dedaeb6d6f158681e472a153b82d5e2bf37d)	(-9.05, 45.48, 45.71, 45.24, 45.52, 45.37, 45.57, 0.0, 318520.0)	(0.008049886621315196, 0.0020124716553287995, 0.002664399092970523, 0.003968253968253968, 0.0019295967226017176, 0.0022234719599616443, 0.002101236549492407, 0.0, 1669.2)	(0.0, ("ea4a3c362152934a31dec5167d831f5ea97626fd8d132b9916724fb82f8fc521", "563bdd0e11490a26d7bcfc6a79bd42b2f8f704dd7432d8ca50564143b2b5dd79", "de59e65b36579cdf754e48ec958685d008b95057068b0b3daa593b8c3f468081", "bbbc082e767f17a8e88e880b93ae78b4fee54a08f7ed5198b8e9ee0b3f461251", "b2eefc79e5fee0cf8c694a793022861fe502a33e4089a8aa5957549fb8cb4f59"))	(-7.14, 46.43, 49.05, 43.81, 46.71, 46.08, 47.81, 42.23, 639560.0)	(0.004535147392290251, 0.001133786848072563, 0.0007369614512471661, 0.003854875283446713, 0.0009454041679420467, 0.0014158859303090069, 0.0006020221693036631, 0.0002694512991725941, 1534.8000000000002)	(9327.605, ("7003bc83ee4920cc2a3e8a18d7223cbc1d3a6b6f5f00ee91314274ad4a77721e", "d74748a0d85a0f0d580c79085cdc0a7fa9637b2a236d18b4fd111630d559f2b7", "022643a017eacd282c96242636165a71b3c577caf183018ff91d232695161f1c", "04ad2163212f9ba0a77145e7f8ec27290d649ecd6273efa2aba5903f8f54fe8b", "6924634463a6d7c6803e2ecede872c061cd61b246061175f8eb48ffec0b0ab9b"))	
10	stump_with_memoization,TestOp_80,("FingerMovements",false),(false,"interval2D"),5	(0.0, 50.0, 50.0, 50.0, 50.0, 50.0, 50.0, 87, 0.5547619047619048, 0.4708333333333333, 224.105, b3bb58329645011330b03f202a6236579ad9dc9a76951335fe0c9d961af97918)	(0.0, 50.0, 50.0, 50.0, 50.0, 50.0, 50.0, 81, 0.5838095238095238, 0.49666666666666665, 223.206, 875a6c1e523c979ec92447fd5a40366acd6dfc032bc604cb93d5c32ae7f553c8)	(-4.76, 47.62, 40.48, 54.76, 47.22, 47.92, 43.59, 55, 0.584981684981685, 0.5333333333333334, 219.177, bcb4cc1b4f08c5029496736676ca192eda6e658a1bf7144fbd062159b48a618d)	(0.0, 50.0, 50.0, 50.0, 50.0, 50.0, 50.0, 77, 0.5547619047619048, 0.4708333333333333, 224.231, d8594024cae39eb1b2c43b1b444eec45398b0d83e7fcb2fceaf75bc629727ac5)	(0.0, 50.0, 50.0, 50.0, 50.0, 50.0, 50.0, 71, 0.5838095238095238, 0.49666666666666665, 222.777, 02aea099df8490a6dc429acc195cce94b0dc0c83b3b7e112e2eed01aeabc6f7a)	(-7.14, 46.43, 40.48, 52.38, 45.95, 46.81, 43.04, 55, 0.584981684981685, 0.5333333333333334, 216.481, 125917ebdc79785d1ce285b82a5f1ab9ec9067f4797ca11f9e0e92b7f6470d27)	(7.14, 53.57, 38.57, 68.57, 55.08, 52.77, 45.26, 0.0, 324960.0)	(0.0005668934240362824, 0.0001417233560090706, 0.0020975056689342395, 0.001247165532879819, 0.00021377700158541424, 9.915753809822669e-5, 0.001256257833883548, 0.0, 1364.7999999999997)	(0.0, ("e1f1123456a608a489d4541214e1154bf3b00c2a0db4dda897faf128c3097d50", "298dd3c2a54dbf591b33f120030beef32ce1a1998c57525c6f7445b658151fcc", "1a8595bff46ad9eda728b40a4a9918fc3d7c1a871521b1d257d089354827a297", "30757d30927e1cbd3fbfb32a2c8ffcb47e02d7e9099e52b428ae82540711dc2b", "65bda4b0036a62d1c099253251861bae93d9d91708568f3be275b3f78deee4e9"))	(5.71, 52.86, 36.67, 69.05, 54.51, 52.1, 43.7, 46.39, 652720.0)	(0.005272108843537418, 0.0013180272108843545, 0.0018707482993197278, 0.004535147392290247, 0.0029989791153589526, 0.0007443394290379189, 0.0016823179642227251, 0.00046723036725214234, 3047.2)	(10085.164, ("95e74e5dc0050f51db5a28aa36234899e85196c2137948d555196a6a859d553c", "6868e3f4924adb50a90ade122515fdf4b1a15ac8b6b5b267ddd90a6b7421d4f6", "ad1397a9af5395c44c89914c750cdc3b8f4657c796cf5d8032f3da618ba4ac9b", "b2b5111fc503956fc483c8bc3ec0eb89408c1ddaf0847490f5e4028eb0cbeb14", "5c2e81176d621760a94d4cbe6d7eb2b77c68b1163210bbcbad0eb804f9f1ddea"))	
1	stump_with_memoization,TestOp_80,("FingerMovements",:horizontal_3f),(false,"interval2D"),5	(7.14, 53.57, 50.0, 57.14, 53.85, 53.33, 51.85, 93, -Inf, -Inf, 109.618, 9f65231b9da9a748429d6362fca84d7ac5c41dc0458c0858ab1335e5051b9381)	(0.0, 50.0, 50.0, 50.0, 50.0, 50.0, 50.0, 73, 0.5547619047619048, 0.4708333333333333, 53.294, 53e9b39661350846c01d5bd55b260d1e604656c9e29f3412b7e108b237e5420f)	(2.38, 51.19, 52.38, 50.0, 51.16, 51.22, 51.76, 57, 0.5547619047619048, 0.4708333333333333, 52.793, 18c507eaaae02873a4d6c1e0cfd9f6953f0c88f83b29fc4073d8a2850d5da86f)	(7.14, 53.57, 52.38, 54.76, 53.66, 53.49, 53.01, 81, -Inf, -Inf, 54.261, a38ebad59add5732a5ffa53c9d0db022d3887b5190f55078cf2514f2972a7b08)	(7.14, 53.57, 52.38, 54.76, 53.66, 53.49, 53.01, 67, 0.5547619047619048, 0.4708333333333333, 53.295, 0d13a6939b3f65976638f66db258295f40a824ca4ddbd1bd802270856d8e0937)	(2.38, 51.19, 52.38, 50.0, 51.16, 51.22, 51.76, 57, 0.5547619047619048, 0.4708333333333333, 52.943, 18c507eaaae02873a4d6c1e0cfd9f6953f0c88f83b29fc4073d8a2850d5da86f)	(13.81, 56.9, 54.29, 59.52, 57.38, 56.54, 55.72, 0.0, 364960.0)	(0.004648526077097497, 0.0011621315192743742, 0.0018140589569160992, 0.0031179138321995466, 0.001389638263729103, 0.0010179659037456545, 0.001184548664874963, 0.0, 1450.7999999999997)	(0.0, ("7dc9b12f19d87b032f6b914572d42746f072c865e18d0346e1c800c8200e2c30", "b6d438c91ac5c8e0b0083881783c99362bea9f427f464d047b9df42b9b432e73", "9c557e987bc6751bdf6dbbef08c663a027ebecaccdf421bc6aa4abe30caada10", "e8fb0259c3cb662e7f4bc4fdcef94a5b939996a23ecb7b77033ffcd23338f11d", "d4b27c1fe7793da52974010555a2d62b1ca6e76d0553e7edf6d8837ceef47d2a"))	(14.29, 57.14, 59.05, 55.24, 56.94, 57.44, 57.87, 48.16, 733720.0)	(0.00481859410430839, 0.0012046485260770975, 0.0032312925170068047, 0.0037981859410430854, 0.0011231985838865456, 0.001328049581565211, 0.0015093620001821705, 0.0003003046310148522, 2231.2)	(7833.594, ("6e876616546a735f788aca3d22d4758eaf487341d75c784e172490a84486883f", "13dea201856c46fa3e6da22c4a036d8649dd9a3b93ffcbd0159ced0eb388009e", "b6ad6f421d45dd0c01299d56a18228b2a03c50a6d7f522a3afb422cc1b81a828", "a726bc08dc9f1e55b4d912ec459beb23cdc7e3319e4862cde8a190c4bf439273", "8949741e6d98fd16eebdcecd1618b0ffed4f3c059a495ae949e6eb679eaa7600"))	
2	stump_with_memoization,TestOp_80,("FingerMovements",:horizontal_3f),(false,"interval2D"),5	(0.0, 50.0, 0.0, 100.0, NaN, 50.0, 0.0, 1, -Inf, -Inf, 0.297, a05f46af428010c018bafdf5882707284e829424c7ee49ae53e2f3264fa2c861)	(0.0, 50.0, 0.0, 100.0, NaN, 50.0, 0.0, 1, -Inf, -Inf, 0.289, a05f46af428010c018bafdf5882707284e829424c7ee49ae53e2f3264fa2c861)	(0.0, 50.0, 0.0, 100.0, NaN, 50.0, 0.0, 1, -Inf, -Inf, 0.289, a05f46af428010c018bafdf5882707284e829424c7ee49ae53e2f3264fa2c861)	(0.0, 50.0, 0.0, 100.0, NaN, 50.0, 0.0, 1, -Inf, -Inf, 0.29, a05f46af428010c018bafdf5882707284e829424c7ee49ae53e2f3264fa2c861)	(0.0, 50.0, 0.0, 100.0, NaN, 50.0, 0.0, 1, -Inf, -Inf, 0.29, a05f46af428010c018bafdf5882707284e829424c7ee49ae53e2f3264fa2c861)	(0.0, 50.0, 0.0, 100.0, NaN, 50.0, 0.0, 1, -Inf, -Inf, 0.291, a05f46af428010c018bafdf5882707284e829424c7ee49ae53e2f3264fa2c861)	(4.29, 52.14, 42.38, 61.9, 52.49, 51.88, 46.84, 0.0, 375360.0)	(0.005498866213151931, 0.0013747165532879825, 0.003798185941043085, 0.000850340136054421, 0.0021771480069718505, 0.0009682505548141612, 0.0030260836999300576, 0.0, 2548.7999999999997)	(0.0, ("267f15844ed5e39391bf2dc328a574c5fdfa4120b68288cee4d54c45d21c332b", "b0a8e768971f7e6111e10982cd5deb0a8820902b2d028462ee99a093147e291d", "b68bca6ee63397600ab7d38fa3ded64db33c72f2f5816b11b1b63b43a3c21e22", "bb697e95b1b6e57089132180b4a673efb73497e8ee89180f27b345c633a5aecc", "3723528c355e01191469d9860b7c89241f058545f24ab31a0025b02d16120eb7"))	(5.71, 52.86, 44.29, 61.43, 53.53, 52.4, 48.44, 47.35, 751680.0)	(0.001303854875283448, 0.000325963718820862, 0.00017006802721088472, 0.0015306122448979587, 0.0004985856277367532, 0.00023025221613255187, 0.00013720727360562622, 8.800261286108307e-5, 3397.2)	(6569.831, ("4f16cc951e0025e501200fbe2e7ff189603509299320bbdb28afeac5554d48f9", "ca1dd03c83f7f346dfa770a5415fb14ff5f03791cc5291b0b03fba76e090cdf7", "5a5c60ed03d67b9dad5871555851344e423f4f1df5d516741a367a172728a27a", "a2d07cdffd8965877b8a477e658a560e79cab6aafb84e0f320166528309b152c", "b6b741c53ec706079d72fe024603ff1dcd8d5d0cf4e6fc3dbfaee08270b70d62"))	
3	stump_with_memoization,TestOp_80,("FingerMovements",:horizontal_3f),(false,"interval2D"),5	(14.29, 57.14, 69.05, 45.24, 55.77, 59.38, 61.7, 83, -Inf, -Inf, 40.026, 161db4d7342df4b8dcf70f616ec9cc87a4632eb23ccf780a588d3908790a10ef)	(7.14, 53.57, 69.05, 38.1, 52.73, 55.17, 59.79, 69, -Inf, -Inf, 38.065, 2bc4c4466521043c90124a01c125fd5f020e1eb6271ab030eade630e09851ac6)	(2.38, 51.19, 59.52, 42.86, 51.02, 51.43, 54.95, 45, 0.5038095238095238, 0.4316666666666667, 38.08, 451186e1f5437881cc966a6b0f9ed96d32124647b8da4ed2326b8614c31a1cdd)	(14.29, 57.14, 66.67, 47.62, 56.0, 58.82, 60.87, 79, -Inf, -Inf, 39.143, 317d374e2bd4ec0e5db4f0c757806049ab71ce835f09c2fe23acbef6bb0fa9c0)	(11.9, 55.95, 66.67, 45.24, 54.9, 57.58, 60.22, 67, -Inf, -Inf, 39.057, a26b23ff4af42be0a36e802bbbb4b911788fecc1ba26c03fab51cad7a26860ec)	(2.38, 51.19, 59.52, 42.86, 51.02, 51.43, 54.95, 45, 0.5038095238095238, 0.4316666666666667, 38.003, 451186e1f5437881cc966a6b0f9ed96d32124647b8da4ed2326b8614c31a1cdd)	(-4.76, 47.62, 45.24, 50.0, 47.57, 47.64, 46.23, 0.0, 367800.0)	(0.004535147392290246, 0.0011337868480725617, 0.003401360544217689, 0.005385487528344672, 0.001052746693992443, 0.0012150973553911003, 0.00156552609223176, 0.0, 440.0)	(0.0, ("e18da1aceb1a86fd3e926b5bf82e521412376830b3f70fe2687ee4701a1ae5f7", "d8da7f0cc44d6f74f5efb652a63120d18e5c8dc34d52724432d1608e8a7c6942", "57ccb3b542d5f5891af5c5c58a4b0faf6707451c4f4f9c1d04cf907d710bd552", "1fed1c8802ff927186b04c3cfa9255e4502fc619d77d875b6965b82637939ea3", "d4590970f421091773c758c08c1a5aed3965f6271b43742404d6726e975d6dbf"))	(-5.24, 47.38, 45.71, 49.05, 47.22, 47.51, 46.41, 46.2, 737680.0)	(0.007482993197278907, 0.0018707482993197265, 0.0037981859410430863, 0.0024376417233560117, 0.002003452342661548, 0.0017580150726994469, 0.0026456567082286074, 0.00030291594625383317, 2265.2)	(5871.345, ("9098545857d9ba4c4d73f45262c1cbe9936229f77431ba6cdd5691cac3defa05", "75857734391371fd315d44bc557d3d35b37335d5d3787867b7c2153c1bdf7b25", "91ba3012895b88e41a99f77281fdb756b55c1c27e0d1ce169ee39aa4f9f9a9c5", "c488d7bf18a63d5e3d389c7b39acd8c97e63e8dc8a06c6bfea1305a5a911ce64", "3782427e00ed6c2c48fc5b9584f4a7fcf2b72de3677f03d86e9ac3c11a8ff62b"))	
4	stump_with_memoization,TestOp_80,("FingerMovements",:horizontal_3f),(false,"interval2D"),5	(0.0, 50.0, 47.62, 52.38, 50.0, 50.0, 48.78, 101, -Inf, -Inf, 57.68, da3feb5502950225752b03a92a0df552fca8350fbb90412a15ae07bfcb437aad)	(4.76, 52.38, 47.62, 57.14, 52.63, 52.17, 50.0, 89, -Inf, -Inf, 57.843, 2ad04ce60ad169518b2c3805e7b012a4ac13af9dadad5dfbb75b8313d240ad13)	(-2.38, 48.81, 45.24, 52.38, 48.72, 48.89, 46.91, 55, -Inf, -Inf, 56.843, f06f0ddb9e50a24879e3030ae2440bc0c8501a6f1e748eea648d5ae8c796757a)	(0.0, 50.0, 42.86, 57.14, 50.0, 50.0, 46.15, 85, -Inf, -Inf, 57.163, beca2cc76008ce2d6ee86cf8420a89616c99ae06d94e5b1770a9b4b026944583)	(0.0, 50.0, 42.86, 57.14, 50.0, 50.0, 46.15, 75, -Inf, -Inf, 56.766, c1d27ca22d1dafe1ea9444648bc93def208b49978fbf689cab7c51beb703690e)	(0.0, 50.0, 45.24, 54.76, 50.0, 50.0, 47.5, 55, -Inf, -Inf, 57.057, c9759799262b84980fbdaadc4e156ceff4ed421f2b59bf85fc36f0f4ff428ab6)	(2.86, 51.43, 40.95, 61.9, 51.86, 51.16, 45.73, 0.0, 366320.0)	(0.0015306122448979602, 0.00038265306122449005, 0.0006802721088435377, 0.0014172335600907034, 0.0006397380266950495, 0.0002581022097366994, 0.00045877431506768685, 0.0, 2449.2)	(0.0, ("c22bfd9edf3c6da0f00a39dd34bf5bcc0612016b9c0d932390e19ad19f8dbb96", "2b707f2788c315b2ccab75113113d1e2655c7ffc5b08ade9681dd92658f4c829", "4f8071af30d916a332af4d88f5fa444855b06fe5f98cd49be5864254eb5b6b08", "659f23d9681dd755a9b3753a3802e36630ca65065e6cc04921ce4bbe0e68af38", "e37a89712292982f02e52518c0740b690dfee875ac676e1de20c301c21850924"))	(0.48, 50.24, 40.95, 59.52, 50.24, 50.23, 45.11, 46.57, 735280.0)	(0.0032312925170068087, 0.0008078231292517022, 0.0015306122448979589, 0.0005668934240362824, 0.0011466418289168786, 0.0006015474945480388, 0.001351320502202638, 0.001173065757003921, 5837.2)	(5339.566, ("199042156edfcec561d237e46ea969e79c338992d121ad16389458f1d618043b", "62eabdc9533d540936a8ad52bd9d45617ba2a552b2d322ffc8cc17291194512b", "4f1ffd97b5f343f2871228e2d643952e5e17e001270f31ed96c407d8507e12c5", "ed46e6bcdc0fa4f2760fef2727d12aadaed4c0aae2d8ba0067d9d693c3de97c0", "3269a01993580392e68884224aa6173c46c9ff08b02c017e361a1ff1685ea07a"))	
5	stump_with_memoization,TestOp_80,("FingerMovements",:horizontal_3f),(false,"interval2D"),5	(2.38, 51.19, 52.38, 50.0, 51.16, 51.22, 51.76, 99, -Inf, -Inf, 60.05, bab29c23c60330591cd2385a9d423bffc799cfd687d043daae0c3ccb3eb9268e)	(0.0, 50.0, 54.76, 45.24, 50.0, 50.0, 52.27, 71, -Inf, -Inf, 58.602, 2e2474686d2897ec1064b485dac658a60c63a616df1de6263c333f263d4a7a3b)	(2.38, 51.19, 59.52, 42.86, 51.02, 51.43, 54.95, 47, -Inf, -Inf, 57.738, 01d050b5b2b425db93e6f9f5013985e15e1d4c38605412689f5c7ce3c9f2136b)	(11.9, 55.95, 50.0, 61.9, 56.76, 55.32, 53.16, 89, -Inf, -Inf, 59.046, 11bf9fad7d3541492174a74dd52ab2d1f33eefdc2a4219bc3e0c310e0687f1cc)	(14.29, 57.14, 54.76, 59.52, 57.5, 56.82, 56.1, 67, -Inf, -Inf, 58.929, 03884fd19b4bc1019fe00b8886e9de80d158afc65d7ab4d573bc161aed0e0093)	(11.9, 55.95, 64.29, 47.62, 55.1, 57.14, 59.34, 49, -Inf, -Inf, 58.202, c6c2c4d00b21d8cef96644e4e9750a4555c05cec79512aec380ade2eb5d9a01e)	(2.38, 51.19, 45.24, 57.14, 51.27, 51.12, 48.04, 0.0, 370720.0)	(0.006235827664399101, 0.001558956916099775, 0.0028344671201814076, 0.0011337868480725622, 0.0020121653184716273, 0.0012555574729558219, 0.0023710330110893467, 0.0, 1997.2)	(0.0, ("aef90f6475b478c97a8d4189097cf1a1ecc27bdfd245471b5b929f896648e652", "584fad3ce7b576e6004c67689508004be84b8ccd9068cd84ba49c26975d41949", "1bf7b2bfb36e29cd24cbbff19fac8d633601c0aef38005f0a2f332afb054f1ef", "14dbb32c06dde624d12cd16707d871ff123b34dee227e1ff63bbeb792dc4d7c3", "0bfb9e7fe3d7cfcb95e6044f85e30346557026996772e9b366d7abf190db48dd"))	(2.38, 51.19, 45.24, 57.14, 51.38, 51.05, 48.06, 47.95, 742680.0)	(0.002267573696145127, 0.0005668934240362817, 0.0014172335600907027, 0.0019841269841269845, 0.0006761091278664937, 0.0004880565059427403, 0.0008154191972813196, 0.00043729133401074265, 2329.2)	(5695.01, ("04622bb04e5533c124bfe4c508c4a8fa6e917c4bbcb7ea2def90f47b5460931f", "e29a7ec386807a6d3e54787b8d5bfa454661e70017a784ad338f8a6f161a6274", "bc50053caffd3c28e0864159e1c31cdae7ebc7f95b33b2a651a6bcd1e80c11bf", "7381da220decc04cc35a1e2e7a1c2e1d1432036afd5e930c3ee65b43a95f8504", "df0e4e8996fdf18fb28f4292235dfbda90d641b5d4b5fba374026095e87b74b8"))	
6	stump_with_memoization,TestOp_80,("FingerMovements",:horizontal_3f),(false,"interval2D"),5	(14.29, 57.14, 57.14, 57.14, 57.14, 57.14, 57.14, 91, 0.5352813852813854, 0.459469696969697, 61.376, 8abd195d6725cb92c392345a2cbe47bc60561e853a9aa987621be03be9767847)	(7.14, 53.57, 57.14, 50.0, 53.33, 53.85, 55.17, 71, 0.5352813852813854, 0.459469696969697, 60.738, bc7df98ff3be3bf5003f98c03ec2523b778827fb2ce16c51a3d555edf02eb0a4)	(4.76, 52.38, 59.52, 45.24, 52.08, 52.78, 55.56, 39, 0.5232600732600733, 0.4541666666666667, 58.58, a0f36a192da3541641f0741519070b07634fb662ec60126c7a3dc59bc26c965a)	(9.52, 54.76, 59.52, 50.0, 54.35, 55.26, 56.82, 79, 0.5352813852813854, 0.459469696969697, 60.883, 345d20d375bb508d12d7f4362cd65e9ec42e3bb9ba7251852541d0bc276376ea)	(7.14, 53.57, 57.14, 50.0, 53.33, 53.85, 55.17, 65, 0.5352813852813854, 0.459469696969697, 61.011, 0a022d2240880f7149bc2a611430da27f9b56b7c50029bb50ed6ee903dc9c541)	(4.76, 52.38, 59.52, 45.24, 52.08, 52.78, 55.56, 39, 0.5232600732600733, 0.4541666666666667, 58.319, a0f36a192da3541641f0741519070b07634fb662ec60126c7a3dc59bc26c965a)	(4.76, 52.38, 40.0, 64.76, 53.07, 51.95, 45.6, 0.0, 364560.0)	(0.00793650793650794, 0.001984126984126985, 0.002947845804988663, 0.0015306122448979578, 0.0034504232563072807, 0.0012931379053718758, 0.0031683493301270277, 0.0, 1824.7999999999997)	(0.0, ("a0371a90349bff4ccc8704c592d33827119d621400ad6d85d56c287d7ddc1aea", "5465d92e2f5bd40581213dff1ad45407e49dd78a5d6478b9d12929e88aabf6ee", "9f343860a88b16b513e5de70992254d3bb5ca7d1be4fecd8f249cf4ffb231ae3", "d8bf1b3433f6debafbe04446e45f38baccfaa806a52799d6a705c5af57ffb319", "d44c6192503132b19660521d204a90c8c0af4c07d059bab2c7a958f763478ad1"))	(2.38, 51.19, 39.05, 63.33, 51.66, 50.93, 44.43, 47.05, 732600.0)	(0.002267573696145127, 0.0005668934240362817, 0.0007369614512471652, 0.0018707482993197268, 0.0010607559279598852, 0.00035574601767815895, 0.0006066673034949248, 0.0006550297575845561, 6366.0)	(7684.269, ("980c7b33be4e899ada00caf39f16c63a3c3483000b5d7b5d45f0050faeeb8789", "e51868c1969451f497c5d745f80fdf80caef08d06a6f55305ae2346c55aa502b", "e46caa5a67354673143d93c60627ab3e995c3b12754d557213a2a1a3586fb3a7", "517b2e1f456ca41690a4d098a54181eb238316134bc575b0ff7878612164f758", "43f21f11809f0a1a824863643bf5953b41d5e47a3bc72421d986c8545fabd94c"))	
7	stump_with_memoization,TestOp_80,("FingerMovements",:horizontal_3f),(false,"interval2D"),5	(-19.05, 40.48, 30.95, 50.0, 38.24, 42.0, 34.21, 99, -Inf, -Inf, 35.642, 47e07f6ca488dd7d8b2ca7ff6e94d762829e1bcd7519ff4f20bb247a1989e2b4)	(-23.81, 38.1, 28.57, 47.62, 35.29, 40.0, 31.58, 89, -Inf, -Inf, 36.283, 002bd12cc599e2d90c0b83614bb3384630b475433b2f7d3ca31347f1c1b174f1)	(-4.76, 47.62, 42.86, 52.38, 47.37, 47.83, 45.0, 41, -Inf, -Inf, 33.733, d2d218cb649d2776194d49380663e7cc296dc060d42ee240112c3c28457fc55e)	(-21.43, 39.29, 33.33, 45.24, 37.84, 40.43, 35.44, 83, -Inf, -Inf, 35.454, 47cf5a66e9df06b84fb24544b1daeef32f67b1d2709e3498fcb854b7c777acd7)	(-23.81, 38.1, 33.33, 42.86, 36.84, 39.13, 35.0, 75, -Inf, -Inf, 35.721, 8c17c92259f9d37c947ef68acac68d5a6e82df677c9b266abe46dc6677b65dd2)	(-4.76, 47.62, 42.86, 52.38, 47.37, 47.83, 45.0, 41, -Inf, -Inf, 33.641, d2d218cb649d2776194d49380663e7cc296dc060d42ee240112c3c28457fc55e)	(7.62, 53.81, 58.57, 49.05, 53.47, 54.26, 55.87, 0.0, 373040.0)	(0.005782312925170076, 0.001445578231292519, 0.0027210884353741495, 0.0021541950113378714, 0.0011566884371608944, 0.0018988147440775899, 0.0015710701163579146, 0.0, 1556.7999999999997)	(0.0, ("a7852a93f247e932876fd053f09ebb2829e087d545a813f20f6b80c6fb5afc64", "0971ccff672c06d7e778046018e4c9ced9fac919816432204755030022256b68", "5ed47d623b14316d286eb75dcf6bf6ed40027d51de3b82193eae8b0f3ddf6ccf", "a0890722518d52a6b4c5091736a1f9a3ab7d88308cd7ae08bde500cddb879011", "9ba327eeb8b2b23c793d4afe7468d6969b0f43aeec7156b471b6c2643b0f591b"))	(11.9, 55.95, 63.81, 48.1, 55.14, 57.13, 59.12, 49.28, 751600.0)	(0.00793650793650794, 0.0019841269841269845, 0.003514739229024944, 0.0029478458049886657, 0.0014535090535068374, 0.002926223740887212, 0.001973997923672023, 0.00045634344607345097, 3616.0)	(6393.849, ("cd0d224557b670be3c368ebf992b3598eee6a73cfb482425b8e993f64db8aadd", "c5d12c16a54bc66b4c029d8789ed0a392c7454b6c4ea5945aae13b32a34a49e0", "f889c37bdeb3c0168e50591554bd3d956cbf94430d547201f62e64a16fb52871", "6b6213186140d966f78bc2459ab3dd5b6aa8759f0bb8189378ae62dba115fc17", "0fca63f7f20c1cee5cae66dbda4f3e06ecb35c7d3c93154fe4ff7c38a4adb05f"))	
8	stump_with_memoization,TestOp_80,("FingerMovements",:horizontal_3f),(false,"interval2D"),5	(7.14, 53.57, 50.0, 57.14, 53.85, 53.33, 51.85, 85, -Inf, -Inf, 60.901, c1df67f303ced9824c23117475d88402cb03b5a06108c84b556e2d6bab8efdd2)	(-2.38, 48.81, 52.38, 45.24, 48.89, 48.72, 50.57, 71, -Inf, -Inf, 60.878, cd7d84f5f0f2606a5f0a8db9e3745e3e4d789fde8de6b342c4d66efb97cb667e)	(-4.76, 47.62, 52.38, 42.86, 47.83, 47.37, 50.0, 41, -Inf, -Inf, 60.028, 866aa8dae81543a72ed94fc0dadb879b754a59a63465fb64a188d78b4a837d74)	(2.38, 51.19, 45.24, 57.14, 51.35, 51.06, 48.1, 79, -Inf, -Inf, 60.526, e10ba8136a1eaf480bf9077745fea5ecd15e8051fcdbeca74444d9bd833405ba)	(-2.38, 48.81, 50.0, 47.62, 48.84, 48.78, 49.41, 67, -Inf, -Inf, 60.844, 2776e2aa35bcba8318a84f9f25b91105506adf6b05561e1e521861faf57f41cb)	(-4.76, 47.62, 52.38, 42.86, 47.83, 47.37, 50.0, 41, -Inf, -Inf, 59.684, 866aa8dae81543a72ed94fc0dadb879b754a59a63465fb64a188d78b4a837d74)	(9.05, 54.52, 48.1, 60.95, 55.45, 53.88, 51.45, 0.0, 376680.0)	(0.005498866213151932, 0.001374716553287983, 0.0003968253968253969, 0.004705215419501132, 0.0021675743750335826, 0.0009531040357319386, 0.0006970145051321368, 0.0, 2979.199999999999)	(0.0, ("8a91ab354db77f657c0bbf78288b19cfba93c269bae17a7f84943d4b1d742184", "c2f94125635ce3b5b639e6e84acfb10ca2a03e0c91ac342db53a2acd77c4e75f", "173b36f572c7079c775abd5ac122b914af60de3c7f0d469c175134fead923fb4", "8fa77381f1454162adb4cdcbb1521a8662694b2af745165f1b7e81ecb425f2f7", "16dbcd7dd0f8594511cd68e620e36df035338662b5537b9fbee1bff468e53a8c"))	(10.0, 55.0, 49.52, 60.48, 55.6, 54.58, 52.25, 49.37, 755200.0)	(0.0015306122448979621, 0.0003826530612244906, 0.003798185941043085, 0.0024376417233560104, 0.00040200255523135253, 0.00038380663138677743, 0.001476360679357924, 5.5036572480624625e-5, 4330.0)	(5507.588, ("305e209146d9ee491813c49d8eb5280be3ebd556aa6c9544a40c84c78d0aaf71", "be57b3a69540e251c0bc84680b0823d9b201a2ffd3e6dc652823cccd72e0ec58", "283b5199125440d1eaa4e25f5836c6d80335c003ef6d1841aa7b649a80ad30f5", "14171a7405da237d53da102fda0b7b223c641da12d601535511fbf929d5da5ab", "ad3ffca5c6585b611e36b344159e154ec966f3d14c0d2ea5e9420207449b3fd3"))	
9	stump_with_memoization,TestOp_80,("FingerMovements",:horizontal_3f),(false,"interval2D"),5	(-14.29, 42.86, 38.1, 47.62, 42.11, 43.48, 40.0, 89, -Inf, -Inf, 59.945, c5ff1ca8fc3bdf5a7bb601fbd2a9657aebce705b82f5f2816e2b870e3bed93c3)	(-19.05, 40.48, 35.71, 45.24, 39.47, 41.3, 37.5, 69, -Inf, -Inf, 58.615, 429fbe52cb846aa5641294c0b93648c8a75f5df986ab3cac1e1d2537a4526fdc)	(-23.81, 38.1, 45.24, 30.95, 39.58, 36.11, 42.22, 37, -Inf, -Inf, 57.054, f628d9d3852d3712410fe2c39797f226f367e9d2f7cffb61f4331a51e5d840cb)	(-16.67, 41.67, 35.71, 47.62, 40.54, 42.55, 37.97, 79, -Inf, -Inf, 59.084, 124490c4ce57f0a3622b491cc3762f74e654e373e35b6f00e31b466c8f74b58e)	(-23.81, 38.1, 35.71, 40.48, 37.5, 38.64, 36.59, 61, -Inf, -Inf, 57.922, df5360b2225b381a21c9b41f0997fc3aedc2b356045e3b3f8e9ce80a274ec2f1)	(-23.81, 38.1, 45.24, 30.95, 39.58, 36.11, 42.22, 37, -Inf, -Inf, 56.438, f628d9d3852d3712410fe2c39797f226f367e9d2f7cffb61f4331a51e5d840cb)	(-9.05, 45.48, 47.62, 43.33, 45.61, 45.3, 46.56, 0.0, 361480.0)	(0.004931972789115641, 0.0012329931972789102, 0.0028344671201814076, 0.0018140589569160992, 0.001211076428485094, 0.0012821811995275966, 0.001739713379592622, 0.0, 4135.199999999999)	(0.0, ("c6240c04dff23e3ac4ad5a045d4ac58928dc62790875deded70d6b63c95587c1", "7580389b76a2608e3114080bd6bec3d2365bb17b9a062feac9063d208874ed29", "babc66c9fd4f87c137e124c777e694adbb851afcbde6c2591c5c3c6cc5caf6c0", "9599cc808ec4cb75dcaf65dabe55093a890626dbc0f26442e5bce3df460bd9e4", "2fe1ae0413ab6e5d14d7e94392d91a4fef4a60d3f0073309fd660d1944cda735"))	(-12.38, 43.81, 46.19, 41.43, 44.16, 43.39, 45.14, 43.64, 721240.0)	(0.002947845804988661, 0.0007369614512471651, 0.00017006802721088394, 0.0024376417233560087, 0.0005675890993078527, 0.0009770109798305283, 0.0002749664572833287, 0.0002805825097286575, 12306.8)	(5456.98, ("9c5b6afd71e5ea5c6e0acc0d4cb8e528a360880faab570d8960bbd3ce022949b", "945532e5469dc970b5d963717ac843f8f3552bb58c85ce4ab48052885f61499d", "5ddcd9119fd5acacdfebb549f65b1e8a08c51296761167ef69ebef3434ac477e", "62c4ad4883140bac762810d19f5248d73ec4349f57e27b35cbc766af3b7f07e5", "d342ba59a8fe9f7ffdedb20b2ae213209c59c887f71ed918a8776fcbf787c000"))	
10	stump_with_memoization,TestOp_80,("FingerMovements",:horizontal_3f),(false,"interval2D"),5	(-7.14, 46.43, 45.24, 47.62, 46.34, 46.51, 45.78, 85, -Inf, -Inf, 40.431, 3aaf9a67f5f54a5757d378063da21a75f6266a54d915f811068b543ae4d02049)	(-9.52, 45.24, 45.24, 45.24, 45.24, 45.24, 45.24, 81, -Inf, -Inf, 39.913, 41ecdbecc0ca1872538e75ea1a8241a2d2e1e07f625cca057233d099ef89a33c)	(-2.38, 48.81, 45.24, 52.38, 48.72, 48.89, 46.91, 53, 0.7325396825396826, 0.6152777777777777, 36.529, 064b1561bea763b53019b14b15451bee891ef249b8d4c155951c1dee24ffa18e)	(0.0, 50.0, 45.24, 54.76, 50.0, 50.0, 47.5, 77, -Inf, -Inf, 40.36, 664d12868eb249bf254042cb4aa042f01fe81b043da3f69c2d8c691f5ff47285)	(2.38, 51.19, 47.62, 54.76, 51.28, 51.11, 49.38, 73, -Inf, -Inf, 40.686, bac2834721f617ef9db64e2b7502a81df1784d17032cadac73b6f1f6d6d01078)	(7.14, 53.57, 47.62, 59.52, 54.05, 53.19, 50.63, 53, 0.7325396825396826, 0.6152777777777777, 36.428, 08151adf34e5d688b5d4bd819ed82555fe71422c4dccaf481ae56fa94a615735)	(8.57, 54.29, 45.24, 63.33, 55.43, 53.55, 49.75, 0.0, 372280.0)	(0.013775510204081647, 0.0034438775510204117, 0.0031179138321995492, 0.006122448979591836, 0.005307338621723204, 0.0024206572135867022, 0.003638554936722605, 0.0, 1133.2)	(0.0, ("b49b37f58ff1c7d55d394ffacdd9e007ac0194f3ac40b85c69c2f855470d75c3", "7b8cd896101090e43004dfec3ba60c2144707eca1e5a16d7e29e63776101487c", "75bb14c79b69407afc5103ece8ea54060c233a23570751522715a891c88e21a6", "af3cf4fb93b4d4b08695e9996341174be4ff58f17368783f6cdaf99012331837", "b5f1d341395ce695b515683fa5092b9f043dcd75add41d2b1a3153bdd97d1e7c"))	(15.71, 57.86, 50.48, 65.24, 59.25, 56.86, 54.46, 49.19, 747720.0)	(0.004705215419501127, 0.0011763038548752817, 0.002097505668934243, 0.0021541950113378684, 0.0017132779591911122, 0.0008594614335604642, 0.0016788474463925167, 0.00026944455038975464, 6163.2)	(5320.962, ("93cc1107509942e62f838f4a01ad94c4fccc29e04c9ec62e8336d3d13d3928dc", "cff72abfe22ca592b68dd935e442c78aba03faa945ab9e92359ff2d40090ec21", "bdc4f169d8b5d0a3b7f5e6991f642d8bd4240e7dd6e6bce43d9154e3739a3c70", "7a94c4b6178a425eebbc513bf92b672c2e273efc634b5cdadbacba6f8fc631ab", "fa7d72355f74636dfd9d039ad22de47e111d715def87ef688d3489db27e703de"))	
1	stump_with_memoization,TestOp_80,("FingerMovements",:vertical_4f),(false,"interval2D"),5	(35.71, 67.86, 66.67, 69.05, 68.29, 67.44, 67.47, 89, -Inf, -Inf, 44.922, ec916c6d70da6f3c133bf2e778f316f4dcf472469d08945c6a151adaecef041d)	(35.71, 67.86, 69.05, 66.67, 67.44, 68.29, 68.24, 83, -Inf, -Inf, 29.586, 085bf92953b1df1a058a9d46c54fc30e7a04b2c88fa305c5e436e3128f57c98e)	(33.33, 66.67, 71.43, 61.9, 65.22, 68.42, 68.18, 55, -Inf, -Inf, 29.008, 2aeecef51cab0c0cc9c366bab00125bf5f0437483020790d5d50b4a813a4d040)	(38.1, 69.05, 71.43, 66.67, 68.18, 70.0, 69.77, 85, -Inf, -Inf, 30.416, 0b2b2963022a8c75c387f0cc1b2e2a492e1864b5ecdd5caf9586645871e7a1c7)	(38.1, 69.05, 71.43, 66.67, 68.18, 70.0, 69.77, 77, -Inf, -Inf, 29.563, bc0f4be8451c7a6ec2d564eb5a66068447f0267847e22960298898fba4bcf53d)	(33.33, 66.67, 71.43, 61.9, 65.22, 68.42, 68.18, 55, -Inf, -Inf, 29.059, 05393aff23ea10cd2c35956778dffddd620cd168c635cb5b68af164d0cd69898)	(13.81, 56.9, 53.33, 60.48, 57.69, 56.34, 55.33, 0.0, 363520.0)	(0.010600907029478466, 0.002650226757369616, 0.002437641723356009, 0.006689342403628118, 0.003706860013166318, 0.0020103296195201686, 0.002271234135423935, 0.0, 753.2)	(0.0, ("8edf41d742120bf666a89dc9f05febce3165b8dd9b3e919ce8baa66b9104d4df", "b59d0b0ce78356db24c9e41b78a00289b39bb555cc8f55ca95a78c6022a8123c", "53dfdc45d8c53178f8bdd49629a1ff6863d5cbdfdfda47abeac25c250d86209e", "3e21adaf30729dafe314e9d9c366486c70e32122a5533ce68a40a2bc450c92e2", "b183866551af468c27b4e327f02e9d6396b3cdf16dd63b6278e252fb6153a14c"))	(20.0, 60.0, 57.62, 62.38, 60.55, 59.56, 59.0, 43.37, 726480.0)	(0.0035714285714285757, 0.0008928571428571439, 0.0015306122448979593, 0.0018140589569161, 0.001062847905593155, 0.0008654815624064093, 0.0009773776017745037, 0.0005670271447234726, 5159.2)	(5769.139, ("3d981cff5f30d07a718f56508c7582c1632049d2dee9bf5d1547e453b3ccba1a", "b3a9b8ae00700ac0f6790992dd6b4222f46264262f96c31eefd9616ce14054e8", "f2aa4970a78dc4cb28a9854867ec5e124844dd9e411ea8da801b7bd2dd084ef4", "406d327f75272d7419b695f644b21cb830768141bc30591b6a38f0cc9e8c427d", "ea74e077c45f022eedd3f080a6bf5b85a8afb8e540f3aae587eca06e7fa964b6"))	
2	stump_with_memoization,TestOp_80,("FingerMovements",:vertical_4f),(false,"interval2D"),5	(28.57, 64.29, 52.38, 76.19, 68.75, 61.54, 59.46, 101, -Inf, -Inf, 35.541, fa8304fe78c307e3764af96151e6d8943e97159220e3c51d77a110584f6b355e)	(28.57, 64.29, 52.38, 76.19, 68.75, 61.54, 59.46, 87, 0.6436507936507937, 0.5430555555555555, 26.012, b2d57196ddd57af4b9ebf52a1b24ee64e8b2be29694e6956fd83cb7b0ec162d5)	(26.19, 63.1, 59.52, 66.67, 64.1, 62.22, 61.73, 53, 0.7325396825396826, 0.6152777777777777, 25.861, d3d86d520659b025ff5fd042b430fa152b14b4764cd1bdc69510c439d46da470)	(16.67, 58.33, 45.24, 71.43, 61.29, 56.6, 52.05, 85, -Inf, -Inf, 24.122, b43ed20df0b42590b1ee1e48bcbf00180d7036d137b095d51dc9e14fcdbdcf60)	(16.67, 58.33, 45.24, 71.43, 61.29, 56.6, 52.05, 77, 0.6436507936507937, 0.5430555555555555, 22.788, 4af9597cd5648d97c71d546470219c0993bb851a457c9d1e33b8a5801ae4bf96)	(21.43, 60.71, 57.14, 64.29, 61.54, 60.0, 59.26, 53, 0.7325396825396826, 0.6152777777777777, 21.782, 83d656e9b709f1b82e050492997295b5a54b4d5619e26c8c7c3ade887b012b62)	(19.05, 59.52, 47.62, 71.43, 62.57, 57.75, 53.94, 0.0, 361680.0)	(0.0014172335600907034, 0.00035430839002267584, 0.0028344671201814076, 0.001984126984126982, 0.0006794413162641308, 0.00028410411477311373, 0.00129756780582447, 0.0, 5621.2)	(0.0, ("3b747c1dd003152263a17cff3867c4aa198ef12bbf868b988f868b26f56d83a5", "1723ec6cbac65b6eb10d6b3cc3f70c40567967ce5937734edf4eaaae47d81e35", "b4890f3d43b6c1d2417fb666a4bc7afb9162b207250deb1f9d9e63263bb36239", "3d6b941a07ad8d177950e98612256aa144b063c3e5ae72bd6d477f3ed7ef0e92", "1d5171c4357b22d709a4c3a74091853acbe7e397b54ad9e0e7a1b6c89b72a41c"))	(18.57, 59.29, 48.1, 70.48, 61.88, 57.66, 54.05, 47.71, 723640.0)	(0.0020975056689342387, 0.0005243764172335597, 0.0026643990929705237, 0.00045351473922902594, 0.0005811031648266493, 0.0004685153047452319, 0.0016191890016605684, 3.447525039918726e-5, 9132.8)	(5061.434, ("49b2ef5f388f62f886cc2d1ad42f05565fb2a6d2ae65569c5d63ca00f188df1e", "4bd88533beb8402c6d536a66c3deb395de618e79cb108af5a78a292339ec3f61", "361323431617a71c5191f08cc2a5090956bc52f01524f71abc3d1cbfba81fc20", "ab849564acbe639f6dabae55f576f2d8798368fabbc9f7e43523be698987dacb", "258800e1925dfae81e48380b77a65bfdab6358af0edcd3b83be7ebe5b5d07c7c"))	
3	stump_with_memoization,TestOp_80,("FingerMovements",:vertical_4f),(false,"interval2D"),5	(-19.05, 40.48, 42.86, 38.1, 40.91, 40.0, 41.86, 99, 0.5157142857142857, 0.4525, 23.649, a033447e4b239d3c750b442af959965d7895fa460b412a3694b669bc5863af61)	(-7.14, 46.43, 52.38, 40.48, 46.81, 45.95, 49.44, 77, 0.5157142857142857, 0.4525, 22.906, 08d629bec626f94adb813ee628cba1e2197d96b210c7c17554bc9fbf0f96af07)	(-7.14, 46.43, 59.52, 33.33, 47.17, 45.16, 52.63, 51, 0.5395238095238095, 0.49416666666666664, 21.824, 31201c313e74b17e760a6aa68c65a0760a0638a0b27471c86705c150354f1d49)	(-14.29, 42.86, 52.38, 33.33, 44.0, 41.18, 47.83, 89, -Inf, -Inf, 23.688, 9b02af624b509582c8ff75336b21d29ef0da05c35861fb0e603e80537b62d5bf)	(-4.76, 47.62, 52.38, 42.86, 47.83, 47.37, 50.0, 69, 0.5157142857142857, 0.4525, 22.885, 3bb1b405d2af5ed7cbb2273a14666dec9561caa7b01c8757673c85947a55e640)	(-7.14, 46.43, 59.52, 33.33, 47.17, 45.16, 52.63, 49, 0.5395238095238095, 0.49416666666666664, 21.651, b13d8c74017996f014f20c51ea17e86e6247a593c1dea16d6459f166409c21d5)	(7.14, 53.57, 48.57, 58.57, 53.99, 53.24, 51.11, 0.0, 358040.0)	(0.0008503401360544264, 0.00021258503401360657, 0.0007369614512471662, 0.0010204081632653062, 0.0002998723988234991, 0.0001630866905110829, 0.0003319932543646777, 0.0, 5012.799999999999)	(0.0, ("e3fb5a2cf7b1823b7df19eff0996f56b8f081292b10801fc9262e8a7d79e3dd9", "c408ce651579f59390ae1debbe10e445165e3a0d6d5173ef8a19a99aad1096c9", "04418528e3637e3fb4011b74cdf01a52edc7606ce91200257653e84be989aefe", "e7a4bf787089a425561cee08eafa69636e735328f3fdc62630624072d731facc", "44bc88a6e3f1a40587eb154915509b65816504f4943b781e0b53ac84f5715f37"))	(10.95, 55.48, 48.57, 62.38, 56.34, 54.82, 52.16, 43.01, 718240.0)	(0.001870748299319728, 0.000467687074829932, 0.0007369614512471662, 0.0003968253968253977, 0.0005963515455149947, 0.00037862359338773773, 0.0006544320115703064, 2.449557265205404e-5, 4110.8)	(4571.868, ("2182eec1e0bc4399a7e91722419e8f77fd5c853454d8b9d41b38cca155cd2f41", "b8b2a7d24b6a3ec7d87c4e380b7a767912eabf32fc0ff1d94672c7ca315e9e74", "dd9b21164f94d816ce9aa448c535f6554d6705319236b60983537fb52c0df09a", "f513bd783b1dfdf6a79643678b96802be5345172873e77b368efee18505d7182", "634aacf69ac9c1dfec35c7864560e867043f9c4f9adf61b50f70221b32a58e37"))	
4	stump_with_memoization,TestOp_80,("FingerMovements",:vertical_4f),(false,"interval2D"),5	(9.52, 54.76, 52.38, 57.14, 55.0, 54.55, 53.66, 97, -Inf, -Inf, 34.081, b208f4919e52fce4d6fcaad32414994a2ba9b5654d473e558d832466b1e33ce6)	(11.9, 55.95, 52.38, 59.52, 56.41, 55.56, 54.32, 81, -Inf, -Inf, 33.399, 81b99654d59cefa23b982125c7e1f433d08c09ea83dda923be686953a484c2b8)	(4.76, 52.38, 42.86, 61.9, 52.94, 52.0, 47.37, 49, 0.6619047619047619, 0.569047619047619, 31.006, 877feaabdddfd9c947edb8901702ba92151f58a5c354a3afeb6663a1b64e0687)	(2.38, 51.19, 40.48, 61.9, 51.52, 50.98, 45.33, 85, -Inf, -Inf, 33.878, ac9c967ab4264e90aa80f743b41601d9245f24d2a4226338a37d15f79c0ac333)	(2.38, 51.19, 42.86, 59.52, 51.43, 51.02, 46.75, 75, -Inf, -Inf, 33.505, 6d54a3754c436431dbf7718f8269272348d71c1b656f1e361cdacb85492316c4)	(4.76, 52.38, 42.86, 61.9, 52.94, 52.0, 47.37, 49, 0.6619047619047619, 0.569047619047619, 30.389, 877feaabdddfd9c947edb8901702ba92151f58a5c354a3afeb6663a1b64e0687)	(-2.38, 48.81, 40.48, 57.14, 48.72, 48.9, 44.17, 0.0, 360600.0)	(0.008786848072562357, 0.0021967120181405893, 0.0017006802721088433, 0.004251700680272111, 0.003089238008622979, 0.0016455977518560862, 0.002041631684925395, 0.0, 7156.0)	(0.0, ("f549b332efc9a4ff94fc2fff9af812dd739148eaaf7f88226e51be5d06b7923e", "7b9a35457ee0e213eab5b3a321e892923cfc0c807507a35dd259b998458df74d", "cdb79fce9acb368514f2b55d276ecddebc024ca8efe8b7c360a8d28e2b91d365", "0f493c1ae14be91c49e3d45e3b55a934a4dac17459162117b83eff3abb273531", "5e34dde34cbea6b7b1e0365e4b33def6b893f75781f8dbca09314a3b79c0966e"))	(0.95, 50.48, 44.29, 56.67, 50.49, 50.47, 47.13, 44.34, 722600.0)	(0.0018707482993197278, 0.00046768707482993196, 0.00215419501133787, 0.0009637188208616768, 0.0005286247357467714, 0.0004211387404838874, 0.0011489351957943558, 0.0008137973581071289, 9292.0)	(4518.079, ("63cb5d24de64997e6138f885af4917090a9142fef571ca32e071e20756b14945", "cded1cc75533802ad783a22804e7e0c24347420f013e15e1fc169c44ea5da691", "8567c62ba25fa29dd15369af9129b2ee2c60879e4c04430fbe1ef756c0a71923", "370725d91ff2eb8cd61b5e270a7facb728b93e9d92c9952500a98067735dce63", "55928246435f67487719502e3f57b1a5455b194c6bc635a58d57f2b15c0bbef3"))	
5	stump_with_memoization,TestOp_80,("FingerMovements",:vertical_4f),(false,"interval2D"),5	(26.19, 63.1, 61.9, 64.29, 63.41, 62.79, 62.65, 95, -Inf, -Inf, 23.194, 007885560868a35fe5b5feb3a0300866821c99ce367b00897cf8a1669de9c443)	(26.19, 63.1, 59.52, 66.67, 64.1, 62.22, 61.73, 87, -Inf, -Inf, 23.443, 3f0e6eeab4783fdb452b6e7d1146f7a0283411bac46e456372d13ea2610d8633)	(33.33, 66.67, 69.05, 64.29, 65.91, 67.5, 67.44, 53, -Inf, -Inf, 23.449, 2ce69e45c21c7567ad05d436eb1083bbe479ad2cb465b092efbea66821adbe02)	(19.05, 59.52, 54.76, 64.29, 60.53, 58.7, 57.5, 87, -Inf, -Inf, 23.175, 4413b147bb7cdb920c31eb33eb584721f9bb21c1668b747c20a4d1e4cdebcd7c)	(16.67, 58.33, 50.0, 66.67, 60.0, 57.14, 54.55, 79, -Inf, -Inf, 24.304, 9527506d976afcc2a1c6bd8d1754e27438d14112b56261838ff4e188c7bf80a9)	(19.05, 59.52, 57.14, 61.9, 60.0, 59.09, 58.54, 57, -Inf, -Inf, 21.964, b43aba339469d722ba640e1cca85ed77edb011ca990f835bf3fc355a8b07305e)	(-0.95, 49.52, 45.71, 53.33, 49.47, 49.57, 47.49, 0.0, 356840.0)	(0.0007369614512471652, 0.0001842403628117913, 0.0009637188208616785, 0.000736961451247165, 0.00021286465482721215, 0.00016212206874200648, 0.0004541621966585947, 0.0, 1690.7999999999997)	(0.0, ("c6f83be833a20d89804d0085b2254225f195a37ca371cc75955a8698c7969a29", "aa80f71a9841447f7c3fa94a7231992d5c4acb72cc58ac84e20770c645080d9c", "248bfd4b9dc09480513f1baa1f0f720de0cfc02716ffd707b6dd74ced123d21f", "f9460c8e9e1ed6d6a0601b193dff999c93bced9c17f3e762a4b560b284140adc", "1de4d80a8dc4e7974a27b378ca0e80d767174b78d13d11f3bc57f2e5f86bfc18"))	(2.38, 51.19, 49.05, 53.33, 51.22, 51.17, 50.09, 45.66, 716000.0)	(0.007086167800453509, 0.0017715419501133773, 0.002437641723356008, 0.0018707482993197276, 0.0018304158922315288, 0.001721653795825162, 0.0020425878952756585, 0.0001070547249237913, 2840.0)	(5204.777, ("8d5caae45ef6f418533db85083e9509c9981cb3fb898e11fb2e450b32786c254", "583461dc2b692a4a9d3630ce9fafee542cf17ff477ab18c2f9617d8951e9fcfe", "b2fcd310a8c6451adf6c462547acce1d97237cbf0f1d4cd771fcc4c8da7c06e2", "a4df3fe142504a85b76ea18b4340cd03afd7a2e41431aa93e559cdac243197b2", "eca5269f94769b432f4d517362bd1c225719732cafb8bc0bb60c0daf91b57ac4"))	
6	stump_with_memoization,TestOp_80,("FingerMovements",:vertical_4f),(false,"interval2D"),5	(-7.14, 46.43, 45.24, 47.62, 46.34, 46.51, 45.78, 81, -Inf, -Inf, 100.204, 5fedc5fac5f7a06f688b8b79c4f2540bc7931f0fdf38fbbb7743c5305db172b5)	(-9.52, 45.24, 42.86, 47.62, 45.0, 45.45, 43.9, 71, -Inf, -Inf, 97.592, a6596af16c012e780d3e2047150bb63ac4a490c8939af3ce1f076b18f58937eb)	(-26.19, 36.9, 45.24, 28.57, 38.78, 34.29, 41.76, 37, -Inf, -Inf, 89.575, eec78491477306fd0c040b0237f6ef4b3460e0002978014f71ce0a4517074ed5)	(-14.29, 42.86, 38.1, 47.62, 42.11, 43.48, 40.0, 77, -Inf, -Inf, 92.481, 576c7cc3ec3dfd51a203aa5e941c24eec6527f347f0bf73edfa4f679b25a4a78)	(-14.29, 42.86, 38.1, 47.62, 42.11, 43.48, 40.0, 73, -Inf, -Inf, 92.583, 40c9d5a6e683f1cf273a56d8a3ba384eabd6b1189f1358c31de02f738c6f2562)	(-26.19, 36.9, 45.24, 28.57, 38.78, 34.29, 41.76, 37, -Inf, -Inf, 88.931, eec78491477306fd0c040b0237f6ef4b3460e0002978014f71ce0a4517074ed5)	(8.57, 54.29, 38.57, 70.0, 56.17, 53.32, 45.59, 0.0, 357720.0)	(0.003571428571428574, 0.0008928571428571435, 0.0037981859410430824, 0.0018707482993197287, 0.0017041298246093484, 0.0005777628555191686, 0.002743536657747526, 0.0, 1191.2)	(0.0, ("17525ce996671b7ce9f3869b02abde7944280809d82ec680ecf922b47af0c5a7", "91262eccf2c96452b5c156f01019d3673eda19ac914bc2de85ffdefebdd84ef9", "793d04d6029fd563e24698d837812e4576a794080481f443d0ac63ef74623cf0", "db76ebfa8f1f47c8559a10cf2cf301931ea7327aa4c2bd5b8f4efa204bbc07f4", "db04699a326379a699f6638d06e4ab92cb4c2fcbd9fce1c589e920b9fed690a1"))	(13.33, 56.67, 40.48, 72.86, 60.08, 55.01, 48.27, 46.57, 717320.0)	(0.0018707482993197278, 0.00046768707482993196, 0.000850340136054421, 0.0024376417233560096, 0.0013870012104737852, 0.0002376780901039659, 0.0005489561044195934, 0.00046541588038902617, 3197.2)	(6202.644, ("e7b0cbcf02e2c8ba753a6499683ecadeede0764034d38c2d154e8258bc498234", "a0184bd93ca5cbf035d56ae93f1d42316be879a7d721defea22509efdc411d9e", "4faabed2e04fd65301738fe7a88fec752cb9caf49f697b1e31d78c3545e5f98b", "ae08c4cb76fb171b028b5e8df83b18aafe361d28a1633764765fc53d353f8d6d", "be67f1fdca24872ad114ba38f5348dfb0183d7a7d81eac525d43770f6d835764"))	
7	stump_with_memoization,TestOp_80,("FingerMovements",:vertical_4f),(false,"interval2D"),5	(23.81, 61.9, 66.67, 57.14, 60.87, 63.16, 63.64, 93, -Inf, -Inf, 151.76, 8fdee796805a46f7f16aa422ad05f742cb9b7ffd1c5c429636883e38c76330c3)	(30.95, 65.48, 73.81, 57.14, 63.27, 68.57, 68.13, 77, 0.7534632034632035, 0.6367424242424242, 150.893, 1ef8a52a89bc75e664436e9fc7fa7605231df0d6da6b09cca64acbf6a8d5388b)	(28.57, 64.29, 76.19, 52.38, 61.54, 68.75, 68.09, 33, 0.7534632034632035, 0.6367424242424242, 125.458, adeede1d93ddf1db5a7778a14ac17427b94842c33db8e99b968f292a60ef230a)	(35.71, 67.86, 73.81, 61.9, 65.96, 70.27, 69.66, 83, -Inf, -Inf, 150.969, a9b75f4b9173d18b8111506fac9601346e45191df913925c56a9e0cdad12a67f)	(35.71, 67.86, 73.81, 61.9, 65.96, 70.27, 69.66, 73, 0.7534632034632035, 0.6367424242424242, 151.075, 26d0e8e758059bce7552eedfbfe9a8b4470368064c519321ab725119ced37311)	(28.57, 64.29, 76.19, 52.38, 61.54, 68.75, 68.09, 33, 0.7534632034632035, 0.6367424242424242, 126.267, adeede1d93ddf1db5a7778a14ac17427b94842c33db8e99b968f292a60ef230a)	(25.24, 62.62, 67.62, 57.62, 61.58, 64.0, 64.4, 0.0, 368320.0)	(0.00385487528344672, 0.00096371882086168, 0.0013038548752834459, 0.003231292517006804, 0.001023280158749282, 0.001081065759637187, 0.0006844312877987155, 0.0, 713.2)	(0.0, ("933413f550a7c4e0f032bc82c016f1501ffb95ce7261b70a14ab148d49e7e5d0", "efa603214109ef7f4519e1956c016a413f4f876f5e2570b31b3fc96d20a9e2d9", "11befa6c60e34e9b4cfe90deb3c336350b47c9ffab46d800ea3c1136ee46f0c4", "2a039c06ef73dcdd182f89e8386a6088308b460247f1fab920d22f2663f3f52e", "b136bcc771f409ad85451a0925677a73a3b42a6948d723c97754d4ce42d71915"))	(24.76, 62.38, 69.05, 55.71, 61.05, 64.19, 64.76, 46.96, 741120.0)	(0.007539682539682539, 0.0018849206349206347, 0.0014172335600907034, 0.004421768707482995, 0.0017384261442514636, 0.002122498075487606, 0.0012899014437324436, 0.00012712268199713137, 5429.199999999999)	(5503.946, ("ea1b1add46606bb4b8cb22afc8949539587566b2669766e075ccd0e2949c1e18", "a852cf10af4ab27c7f443ccdefcf22a9f31dc8f89ea461e18cb17de12c3caf4b", "5472f3deba60cb29eba8db4dd7feb470567f0e8c21e73cb29b208eee2386ed0b", "e916ed253cf7febc6be3477b18ac08f55abff8f19dab516bdaa822ee4bfb8769", "358cd8ff5dad8eedaa19ddfdbc571cc641c1c31893065de4c128f45d0a23f5c5"))	
8	stump_with_memoization,TestOp_80,("FingerMovements",:vertical_4f),(false,"interval2D"),5	(19.05, 59.52, 59.52, 59.52, 59.52, 59.52, 59.52, 87, 0.5619047619047619, 0.48333333333333334, 49.979, 1cde4685c0208ef4c9f2ddb51e2a3dce3dd1486644e06d7958ab346d19bd6fd3)	(21.43, 60.71, 64.29, 57.14, 60.0, 61.54, 62.07, 75, 0.5619047619047619, 0.48333333333333334, 50.165, 6b87f7a8e759e0bc6adfc41d0d82ebb585f6e9d51afcb35818a646e367d9e326)	(19.05, 59.52, 66.67, 52.38, 58.33, 61.11, 62.22, 43, 0.5276190476190475, 0.47333333333333333, 39.576, 29990fc3554623ea8316adac18fb04552467d56140292af1856eebba9edf4d73)	(7.14, 53.57, 54.76, 52.38, 53.49, 53.66, 54.12, 73, 0.5619047619047619, 0.48333333333333334, 36.062, a5bfbbb0aa3a5ebecaa61c08d07131f4c9eba28640974e024ebf55c3a562a315)	(7.14, 53.57, 61.9, 45.24, 53.06, 54.29, 57.14, 65, 0.5619047619047619, 0.48333333333333334, 36.153, 7b4d89ae7b0392aef400d1a6186bc86c7e88d8b50ff90f2d965fdc63058e314a)	(11.9, 55.95, 59.52, 52.38, 55.56, 56.41, 57.47, 27, 0.6347117794486214, 0.5581140350877193, 20.942, d07205da1d9258ce3bc28223ad65e7f0bf42ab4b55c5cef1832782e25911dbff)	(26.19, 63.1, 63.33, 62.86, 63.08, 63.21, 63.15, 0.0, 363160.0)	(0.0005668934240362824, 0.0001417233560090706, 0.001303854875283446, 0.0013038548752834474, 0.00020078349988633478, 0.00021871638707688192, 0.0003035392942665988, 0.0, 844.8)	(0.0, ("064f035ac6b21ff58228fa9ca88e3b38f1a070e510269301af2f6fdadc9368cf", "56651e17385a2e064d4f3ac2b222aa3980e8726331eb932ea84bbfa53f499d89", "e757560adc565c5692b6435a6c1efb548bf945c5d573e31e8f2793f6e8d98373", "df784b798e9669b0344abcb1c65d74d23b3f19a51679ad7e568b34dbf4014e70", "64780ac7aae1d12517cc9d50dd2a7aa925a861f8d75ed27497da3408902dd92b"))	(24.29, 62.14, 61.9, 62.38, 62.28, 62.07, 62.05, 46.05, 730360.0)	(0.0015306122448979621, 0.0003826530612244905, 0.0005668934240362824, 0.0018140589569160992, 0.0005943969919448212, 0.00027625711522698927, 0.00026340667416640726, 3.228416489217707e-5, 2502.8)	(5307.633, ("67cb31af7a7dde1ce222f47acfd111426e718bd16ba45d667b868defc52eaa6f", "f32089bbc6235352b11157c8138f900e89f3a110fc69c6fa979f31431964f6be", "17c5860cb4bb3127f9b0e8aa413de1c50f96952c50949901db6c8e8e207ca54f", "bba2a364fdcd3962333abb6d75fd70830533a2daa98a8fed3de3613e2b68fc8c", "cf9953eb9c1f11915c297c8ea3046a8cccd776a66432b407347680c164291599"))	
9	stump_with_memoization,TestOp_80,("FingerMovements",:vertical_4f),(false,"interval2D"),5	(0.0, 50.0, 45.24, 54.76, 50.0, 50.0, 47.5, 101, -Inf, -Inf, 30.327, 464ab8c00ec34896b90032cccba076208d1d93e8816a14661ffbdb96a7f13702)	(-9.52, 45.24, 45.24, 45.24, 45.24, 45.24, 45.24, 83, -Inf, -Inf, 30.679, b5bb727524b0a4b5938ea18f3ca2ed2b777cc5fa2f4f88fe74fa106186655369)	(2.38, 51.19, 52.38, 50.0, 51.16, 51.22, 51.76, 35, 0.5547619047619048, 0.4708333333333333, 16.867, f6d42ef234a11ea6f8bc8fb8076973ecaa84b365fa66c6ee2c008df13e0f0bb9)	(0.0, 50.0, 54.76, 45.24, 50.0, 50.0, 52.27, 79, -Inf, -Inf, 29.215, 6c6aac79f049dcddca0352a9dd62e4dfbd31784bbe9ca39eabc41a767aca8b79)	(-2.38, 48.81, 52.38, 45.24, 48.89, 48.72, 50.57, 69, -Inf, -Inf, 28.567, 8d11e31f030731fce089415b9ad5347a87d2368b3f505b5460e7e01099248fad)	(2.38, 51.19, 52.38, 50.0, 51.16, 51.22, 51.76, 35, 0.5547619047619048, 0.4708333333333333, 16.523, 621e8ab350b02071fbf920ff66eab45a6a0833baf20d1614e95d2cdbb8ee8d10)	(4.29, 52.14, 46.19, 58.1, 52.4, 51.93, 49.07, 0.0, 360600.0)	(0.004081632653061223, 0.0010204081632653056, 0.0018707482993197283, 0.0013038548752834463, 0.0012426470573356013, 0.0008535066454292975, 0.0014895019024543004, 0.0, 4010.0)	(0.0, ("cc2f60e6599f97f1af2f2d52f83f2ee19be22f71bcce0425b667f871335e1bb8", "80c40b1650349666faba17a0e523112d944f297924501f1405b841b510d8437d", "ebd63860013a9165279a15c25987fb66af895e75b2406f461c6be135c81b51dd", "85c9ed10baccbe74b516192afa80c48ecfdbcb1222b52a23e0d15e0bd3ed8f13", "df4361c6d960cb36196372b7c31587db44cd5c4bf8f1f7eeca7dfd945090c8eb"))	(3.33, 51.67, 46.67, 56.67, 51.84, 51.53, 49.11, 41.39, 719080.0)	(0.004138321995464855, 0.0010345804988662138, 0.001303854875283446, 0.0009637188208616767, 0.0013074428690556222, 0.0008395796408500345, 0.001288683050033139, 0.0003656191029176953, 3579.2)	(4699.641, ("1832d17ea41145d0dc9f2e20834d255ecf5874a9d9e92340159a94ae8ed54b5a", "59637825a10e4c4a306b4f90157929b5e49a21c44f11220eb9f06dc48690f562", "7b12bea5c0a6f1e6999870fd8f49aeecfb9e4e76d3565b3172707c6b737511b9", "971f5eac01220b1f1902b70fe033bc16a7822e8d4af8b898c7ea33572c8337d0", "b665244637ecc21426e033c7dc12325d82e5f0c86239558ada14d084de599f7f"))	
10	stump_with_memoization,TestOp_80,("FingerMovements",:vertical_4f),(false,"interval2D"),5	(14.29, 57.14, 61.9, 52.38, 56.52, 57.89, 59.09, 99, 0.6436507936507937, 0.5430555555555555, 38.071, 3291666df41b1543fc5f1b424c76ead2a9d48da5c32947aed997b77941e6ccfd)	(11.9, 55.95, 59.52, 52.38, 55.56, 56.41, 57.47, 85, 0.6436507936507937, 0.5430555555555555, 38.647, b6bba6bfb210cb7a556ad63b141ea997a57f232cfb2bbb5a19aa5d784927714d)	(4.76, 52.38, 47.62, 57.14, 52.63, 52.17, 50.0, 41, 0.663809523809524, 0.5616666666666666, 36.54, 953a86da6e2bd0eb97382fdcae2a758e323b6b0ef5cadbc6bd2c043311f66e24)	(9.52, 54.76, 52.38, 57.14, 55.0, 54.55, 53.66, 83, 0.6436507936507937, 0.5430555555555555, 38.443, f17ebd009383e3c4da095e3fc44d2d5e005e333024b422e4519575f854aa205b)	(4.76, 52.38, 52.38, 52.38, 52.38, 52.38, 52.38, 73, 0.6436507936507937, 0.5430555555555555, 37.872, 43a0e7450754b1516581ae1aa8b096583d7437dae6dd2bbbbc59faaeca9c0033)	(4.76, 52.38, 47.62, 57.14, 52.63, 52.17, 50.0, 41, 0.663809523809524, 0.5616666666666666, 36.779, 953a86da6e2bd0eb97382fdcae2a758e323b6b0ef5cadbc6bd2c043311f66e24)	(7.14, 53.57, 39.05, 68.1, 55.31, 52.74, 45.55, 0.0, 365080.0)	(0.0008503401360544264, 0.00021258503401360657, 0.0021541950113378675, 0.0038548752834467116, 0.0007505980782663463, 0.00011430098968798539, 0.000900170887001467, 0.0, 4205.2)	(0.0, ("84f6fd8838f1fbe87c6ad62bfef8fee0e96b81216567d3893a3be8848535020e", "2df7040b15c037f3f4c2422ad2810dd0d52d4d84280357156529873504958c01", "c194d4f6564aa052132ca699d4394ce249c2f0db933018bad177dc101837bdf6", "49d9990bb19ecdaf7f33f7329b12c951b4a16a347839301ced6a145ad31ec0bb", "8518da6359179507cec4d3c99a34084664eb7617bc024cd987f2edda6553e3a6"))	(6.67, 53.33, 41.43, 65.24, 54.84, 52.59, 47.01, 46.93, 729000.0)	(0.009467120181405895, 0.002366780045351473, 0.0027210884353741495, 0.00753968253968254, 0.005593660915905664, 0.0013242524907359247, 0.0024552713969296738, 0.00013336478443896056, 11686.0)	(4272.402, ("6551bb5ee80df66782b91f2eb3881708a95209e6aa0dea39823714bad9879326", "d848b9284c7026b9170644bce8cf9e7cd433c8ed22aec0a92337922ca1da1f76", "cc23ed2d2e6bbce1b94d06757f0e3a59f07a91358f08085f1c8798446a7285a9", "acde6496432d198fb0d0959d655baefdc4509b039c5f5bae94112f575cfaa59d", "3fbb7aaeda38d219bf3798b6fa71324c770c46824ea24a0c49c0bff0bedacaa9"))	
1	stump_with_memoization,TestOp_80,("FingerMovements",:uniform),(false,"interval2D"),5	(4.76, 52.38, 50.0, 54.76, 52.5, 52.27, 51.22, 91, -Inf, -Inf, 183.22, bbce811759687aaac7ee7191f9547c672a18dee1963a0e31bcdbf43424fa6d27)	(7.14, 53.57, 52.38, 54.76, 53.66, 53.49, 53.01, 65, 0.5547619047619048, 0.4708333333333333, 100.035, bd63715dca4e4bbf3da28249a34a8ccc63980330fe7dff842cb2446a4cf6d46a)	(4.76, 52.38, 54.76, 50.0, 52.27, 52.5, 53.49, 51, 0.5547619047619048, 0.4708333333333333, 99.205, fca56d3ffa72fddc824fb81c8f7bec0fc13ef55834a2809918fc1cd6f3db4cc0)	(2.38, 51.19, 52.38, 50.0, 51.16, 51.22, 51.76, 79, -Inf, -Inf, 99.401, 547dd6e9c5a94b7a9fb5f31c22bfb3b0468a1082f469c710cb60f414e98dcc61)	(2.38, 51.19, 52.38, 50.0, 51.16, 51.22, 51.76, 59, 0.5547619047619048, 0.4708333333333333, 99.246, 83f901090868e55bb6364dd6874d52e03e9503df6dc0ab87e5af2c272a9b3f48)	(4.76, 52.38, 54.76, 50.0, 52.27, 52.5, 53.49, 51, 0.5547619047619048, 0.4708333333333333, 98.874, dc87778fd037a3a68c14fc6d9c6d3784212f583df16e55f29ab0e5902583434c)	(18.1, 59.05, 58.1, 60.0, 59.24, 58.98, 58.56, 0.0, 335840.0)	(0.003287981859410428, 0.0008219954648526069, 0.00357142857142857, 0.002380952380952382, 0.0007267125990642213, 0.0010510981401002527, 0.0014539057994939174, 0.0, 572.8)	(0.0, ("49027a5e209bc855ff9a3a13a6dd582d219c11a25847352de88ee2efc555740d", "f8b9ecf9258b95f479ef4277e6669680404238695922c4b8bdb75bd0915a36c3", "eba40eed503b2dc01af2ee9e7214ef959716256cb724a5c9df81d2e13b2b7d8f", "d9efbe1046ad2fd9e210afb7a8b060c9071ffc708043340b716a41f65da30654", "15148f465e05d89a7fdf848b559c295d51e8222c21cca14acc9fe6216a17c2da"))	(14.29, 57.14, 54.76, 59.52, 57.59, 56.78, 56.1, 47.05, 674760.0)	(0.0011337868480725622, 0.00028344671201814054, 0.0002834467120181399, 0.0017006802721088433, 0.0004994087881258211, 0.000176521843639205, 0.00011185160308065243, 1.5423138336478426e-5, 1090.8000000000002)	(14073.27, ("af261cbe9ebfe0f7bf26c4c4497e5756e78bc4cc1d14ec18373c86352a8f10f9", "53295ec6224b89a6b0f91b08203237362c0edfe0155f17d0fd813ecbc1b5e4fc", "bb772eb660f32ad2ddadba680ad3bdea27bf9092d29526f553742b1a3f2e0159", "e24ff30b7595fa67ec56da60ea5199fda7b0c01dd84a5421b9bc98971f73e15c", "6449b1c22a4522dc97014fb35861ec635a32d30b81e1348ad5a6284ea5b3159a"))	
2	stump_with_memoization,TestOp_80,("FingerMovements",:uniform),(false,"interval2D"),5	(-4.76, 47.62, 40.48, 54.76, 47.22, 47.92, 43.59, 79, -Inf, -Inf, 85.032, 77d1c0c7a4220edca3a09b1fa4a2f7c4de65bebe132a3814e0db3b01d05b5ea8)	(-7.14, 46.43, 40.48, 52.38, 45.95, 46.81, 43.04, 57, -Inf, -Inf, 55.21, 97f3ebf431823c40fc5c6e96af9e854fa03e7bc1bfb3c6bd54d95190b794f80f)	(-7.14, 46.43, 45.24, 47.62, 46.34, 46.51, 45.78, 35, 0.663809523809524, 0.5616666666666666, 50.798, b8722bebafb4ba802d6149b874264659a758f11277b4a478ccd642f272c9c286)	(-9.52, 45.24, 40.48, 50.0, 44.74, 45.65, 42.5, 75, -Inf, -Inf, 57.6, dedeb2ac7e0e802fbb8dcc21928b85f347a868ab0e072e8622e1c1113010279d)	(-7.14, 46.43, 40.48, 52.38, 45.95, 46.81, 43.04, 51, -Inf, -Inf, 57.834, d5005fd66c09cf7f9421454b7649b7fec8cafb87cb01d42548385c673e602003)	(-7.14, 46.43, 45.24, 47.62, 46.34, 46.51, 45.78, 35, 0.663809523809524, 0.5616666666666666, 49.297, b8722bebafb4ba802d6149b874264659a758f11277b4a478ccd642f272c9c286)	(14.29, 57.14, 45.24, 69.05, 59.25, 55.85, 51.22, 0.0, 334320.0)	(0.0056689342403628135, 0.0014172335600907036, 0.003968253968253969, 0.0014172335600907034, 0.002409560489222764, 0.0009653197957444049, 0.003121798008232728, 0.0, 3939.2)	(0.0, ("0c65392af4caea0e2b3bf09e35b5443463f167013823ebb6bbb3faa5e1c377ad", "d407eb3acc508201911cda83434ed4afb71f3bd0e01a8cd2e67fc8f2d8700c8a", "037e3d363fcab7975ee418fa07d87fa767111a0c309d3500a7f5a445985a0d88", "747f9d8d7405843c32bb09faef51a64b255416a4e45153b648c8baffeb274027", "0f82d2f47b74ad8b225bb6a44f38f68b448b8ba3bd5ac1cfe1c555528399d0d7"))	(12.38, 56.19, 45.71, 66.67, 57.93, 55.09, 51.07, 47.95, 671200.0)	(0.0012471655328798203, 0.0003117913832199551, 0.00011337868480725596, 0.001417233560090702, 0.0006851403887266627, 0.00017260677496096243, 0.00012346764795619438, 0.0006005951516911026, 3662.0)	(14403.248, ("3f9945da1bd1d0750b94ae10be2e3639ae11fc4b2a74e64b3f5b3275abb6c4b3", "a2338931275229ee1f64af0619d955213cc661bac0562f065da9c3d4afc86b4a", "701e01b1727f3ec7d178b94093c78aa3f45767f2553f1ee7ccfe01fecb2f9c8f", "e2373446e139892235482d5915c882a6df129bb7ff59d91bfbf5f087218dc597", "e27336ec94908e982f2e46910bc1cbdd6ff17313aec5c7224eed7ccbc7d76624"))	
3	stump_with_memoization,TestOp_80,("FingerMovements",:uniform),(false,"interval2D"),5	(7.14, 53.57, 50.0, 57.14, 53.85, 53.33, 51.85, 79, -Inf, -Inf, 79.871, 009c211be3427800d6cec925d0063b1a61c43587104e0c4f5a2d50008b954a25)	(4.76, 52.38, 54.76, 50.0, 52.27, 52.5, 53.49, 61, 0.5547619047619048, 0.4708333333333333, 68.635, e19c4278598a569ec1c295f61d932a024b77b0b2857a88df9ea325cc3f201bab)	(4.76, 52.38, 57.14, 47.62, 52.17, 52.63, 54.55, 47, 0.5547619047619048, 0.4708333333333333, 69.583, 81f93ac65c318d72bd9ec0636e93fd512a7a4cb7e8acfba7fe5541695542f949)	(4.76, 52.38, 45.24, 59.52, 52.78, 52.08, 48.72, 73, -Inf, -Inf, 76.568, d62bbd1a28579773ecf5222e2ef94b0ed1ac6b9aa3d9cb1dd6a4ca81782773b1)	(4.76, 52.38, 54.76, 50.0, 52.27, 52.5, 53.49, 57, 0.5547619047619048, 0.4708333333333333, 69.413, da5077694a4a530bcead7623a025a28989ef90686127dff64a5d468e898a44d0)	(4.76, 52.38, 57.14, 47.62, 52.17, 52.63, 54.55, 47, 0.5547619047619048, 0.4708333333333333, 70.148, 81f93ac65c318d72bd9ec0636e93fd512a7a4cb7e8acfba7fe5541695542f949)	(3.33, 51.67, 50.48, 52.86, 51.84, 51.51, 51.13, 0.0, 330080.0)	(0.008106575963718825, 0.002026643990929706, 0.0009637188208616802, 0.004081632653061224, 0.0020567908252707118, 0.0020146593522619863, 0.0013822445099215708, 0.0, 63.20000000000001)	(0.0, ("fc29caf966fcb3bdf9587ab422cd45a05af4652a62380a87577bb9dd0710b7aa", "6dd6c0f6e45db9fcf6c2df4e6c96f60b1bbdc7cd13cad54c605e5e9f8186725e", "5d1e85a5c1563a37bcabdcf66ff2d99e015f1fd56d2b42d86b761d659beb048b", "0b6d6c656c051d7a7eea1cf214007eda6d4e5b1e2b0dbd916436782b543175be", "21f9f67be36e6ec4cf3867d7a389b87d49bb155252a8b655ab4b314e81558543"))	(-1.9, 49.05, 49.52, 48.57, 49.02, 49.06, 49.24, 44.58, 662000.0)	(0.0032312925170068034, 0.0008078231292517008, 0.002097505668934243, 0.0013038548752834478, 0.0008265320693255793, 0.000804140018390622, 0.0012517157947112179, 0.0005579547104078969, 1436.0)	(12245.595, ("f529aabbca089147a1d719c55aa67c2ec4e525f29582ca86727142db52076be9", "1e39fd7ff7150654f1cdb69700ad84b9a3748dc12c9afd5bc277f72458e155a5", "58c522769f8dbe932ae28f097b6457c8ee3f558dab4b806e186036300e9ee44a", "c411ba8bbaf516f3a046caa7d26cba8e1330be0af8a0159633d6177f138429ae", "9654459b8c8678d8bceacb275939f2b0a06056a6b64f100a51066391e0ff8d25"))	
4	stump_with_memoization,TestOp_80,("FingerMovements",:uniform),(false,"interval2D"),5	(-2.38, 48.81, 47.62, 50.0, 48.78, 48.84, 48.19, 91, -Inf, -Inf, 104.492, ebbcb94a542afde0e1f01e651ff49a7efabceb970d0e6324185e98de39be27cf)	(0.0, 50.0, 47.62, 52.38, 50.0, 50.0, 48.78, 75, -Inf, -Inf, 100.025, 0a4442a42c1f65f206d0aebb8887ce410773bdac119ef28d9ae630554b19e44c)	(0.0, 50.0, 50.0, 50.0, 50.0, 50.0, 50.0, 65, 0.5547619047619048, 0.4708333333333333, 98.004, 393fb450657277bb338b6d25450e07e7ef279725851a09e388de0d4df1af83a5)	(-9.52, 45.24, 47.62, 42.86, 45.45, 45.0, 46.51, 81, -Inf, -Inf, 101.618, b6a90e91c62b84387ce41d8f30cd613fe79f1395e8dffd597379a27b0dbd962b)	(-4.76, 47.62, 47.62, 47.62, 47.62, 47.62, 47.62, 69, -Inf, -Inf, 105.064, 9bec1c125cdc0e6a2ae42cd612a3e63f90f1ea56cf24fc2c816788becaca80c9)	(-2.38, 48.81, 42.86, 54.76, 48.65, 48.94, 45.57, 53, -Inf, -Inf, 102.963, 8892879b7ed4417d099a410918e05a3cfc40bf12c41b323c8aed997100b60a3a)	(-0.48, 49.76, 42.86, 56.67, 49.83, 49.72, 46.04, 0.0, 334240.0)	(0.0032312925170068004, 0.0008078231292517001, 0.0005668934240362811, 0.0026643990929705215, 0.001073811884140068, 0.0006345228526383449, 0.0005567573831728799, 0.0, 1718.8)	(0.0, ("5389ff95899af9dcf5e93f6ca27aa5d36254a6f83a5490b9a9b31d7729ea53bf", "b3890b2c43005e5019ae944e669b4c141b3dc18ffa740dded30782e2ca963e98", "f117aa67d2a2de2af04180327684fd7e1551517dc3b4712051cda94e3e3e4870", "d41cc8d2aa205278a5056636f021fceeedc94a01b1c2b0519268080d784f67d7", "f4fd8c7e00b20876eae2d904aea66489c7649a845949aa227aff0110ea559169"))	(-2.38, 48.81, 43.81, 53.81, 48.81, 48.82, 46.14, 45.42, 668720.0)	(0.005385487528344676, 0.0013463718820861687, 0.0007369614512471651, 0.0035714285714285704, 0.001538597925514215, 0.0012008473561042066, 0.0009002686138827204, 3.356800696762955e-5, 2131.2)	(12525.999, ("9d668a9607853e3fad609995a003404eb8a0851299ee28d8aafc64c7fe6f1c77", "b97a00b4a0d6cb6cd69004119b048b377ab8eaad162ab705686c45d66b2030cf", "7ea56243f3ee9d5381b7f9a6d0b39384c14cbf1cdb339df8e12f2fcc5918a9bd", "055abf25675fd42d8f08c0b86711a4d0bbfbb0a1e1c66a75832e192dbb88c717", "aff702b00c1a1ac5b71ef04663b2cd09c118d1be8dab64b0704bc92c099b2a03"))	
5	stump_with_memoization,TestOp_80,("FingerMovements",:uniform),(false,"interval2D"),5	(11.9, 55.95, 54.76, 57.14, 56.1, 55.81, 55.42, 85, -Inf, -Inf, 383.22, 18eebee10361e6b33f78d7ea47642c189f15fc31c398211b5b35f40f3fc91d2b)	(11.9, 55.95, 54.76, 57.14, 56.1, 55.81, 55.42, 71, -Inf, -Inf, 381.684, 65e493dbb0185ef493f7d8e72ef19330cf252a277877a64e987db7ed13580154)	(0.0, 50.0, 57.14, 42.86, 50.0, 50.0, 53.33, 37, -Inf, -Inf, 370.921, 312fd05115f534fb32fefd8751e1c1cbab14e15005c9a5d4c4dde1a8ca95d1a7)	(11.9, 55.95, 54.76, 57.14, 56.1, 55.81, 55.42, 77, -Inf, -Inf, 383.546, 7d4ed288c5daef562f2d9052678f204903d748ea7f43283cfded6a1f280f5059)	(9.52, 54.76, 52.38, 57.14, 55.0, 54.55, 53.66, 65, -Inf, -Inf, 378.986, 91a3071f4e081fcace3cc4fa17df40bac8c334a71e4f1e4851fda837e6b59f65)	(0.0, 50.0, 57.14, 42.86, 50.0, 50.0, 53.33, 37, -Inf, -Inf, 366.036, 312fd05115f534fb32fefd8751e1c1cbab14e15005c9a5d4c4dde1a8ca95d1a7)	(0.95, 50.48, 46.19, 54.76, 50.5, 50.45, 48.11, 0.0, 332480.0)	(0.002721088435374156, 0.0006802721088435389, 0.0038548752834467142, 0.0034013605442176865, 0.000665045632578101, 0.0006975623582766455, 0.001697626368605619, 0.0, 513.2)	(0.0, ("7964de1eb3c68972748fae96217ff8bb885a079d794a754337e4057d67223984", "db77042c8d7e1db89fccec3487b82a79269960f3d956613c750dae594dd4197d", "5f4669017483b7fd5b1240d260b2800df607aac8b0b366b751969445ec535249", "a586e32e2a70f942cacce7277172768210e6d20894cc2a85190eaec123b02292", "f7fb00b26efb06e9a42cab7f11503573066cd3635819cace22ad0e54a07fb8fe"))	(6.67, 53.33, 53.33, 53.33, 53.29, 53.38, 53.3, 45.72, 666760.0)	(0.004365079365079371, 0.0010912698412698428, 0.001870748299319729, 0.000736961451247165, 0.0010464993641227907, 0.0011397559221983451, 0.001406857072768103, 0.00011975613296559677, 2426.8)	(12531.999, ("cccde04b387668ba28fa5d8e06cd18a62e0e3859cae2e18ff824684449d413d0", "c87634d6f63bc528ed11262dbec83a0d36e124404bf863f6bdc46cb73fd0d434", "acda2e992f141e8c5d702bb3268d3a7c1574fdac55a4630fd07df5adb6b15657", "f80f0a67b78f88b2c10328c52315ab6fff73f0ded25765e8ba3b542ce24215c6", "faf197f0f747824ed3800f8e96fa260cb190b1312d7b09d1acaa77ad5dc98597"))	
6	stump_with_memoization,TestOp_80,("FingerMovements",:uniform),(false,"interval2D"),5	(28.57, 64.29, 66.67, 61.9, 63.64, 65.0, 65.12, 95, 0.5352813852813854, 0.459469696969697, 82.131, af919e99fb37f5c8caca5460091bfb24af79473878216da48efebeadeab3bfb2)	(30.95, 65.48, 66.67, 64.29, 65.12, 65.85, 65.88, 83, 0.5352813852813854, 0.459469696969697, 74.429, 7bfc6bf94410c14c9753fec6725eba1d5c862233108a3865a80e3be17f35bdd1)	(26.19, 63.1, 71.43, 54.76, 61.22, 65.71, 65.93, 47, 0.5232600732600733, 0.4541666666666667, 73.583, 7f38935e847aae428961de5824dc8cd3b4447e81720087b6565ce8d8e5585f52)	(26.19, 63.1, 64.29, 61.9, 62.79, 63.41, 63.53, 81, 0.5352813852813854, 0.459469696969697, 82.686, 2a5203f1257ce433c5ad0404b9bb75df4b6ba5ce8b0d790297b2b02293d999e9)	(26.19, 63.1, 64.29, 61.9, 62.79, 63.41, 63.53, 71, 0.5352813852813854, 0.459469696969697, 76.304, c355387b7160a404bee5ad8a5c3c36282720a821deb82b5fdb8275d851183539)	(26.19, 63.1, 71.43, 54.76, 61.22, 65.71, 65.93, 47, 0.5232600732600733, 0.4541666666666667, 76.791, 7f38935e847aae428961de5824dc8cd3b4447e81720087b6565ce8d8e5585f52)	(2.38, 51.19, 40.0, 62.38, 51.46, 51.03, 44.8, 0.0, 334760.0)	(0.0019841269841269884, 0.0004960317460317471, 0.004648526077097505, 0.0029478458049886644, 0.0007162826720374699, 0.00037070722311594153, 0.0025642014625175975, 0.0, 318.8)	(0.0, ("de73833ce404334d2f24c929c89bdc310997b510f34f1ed576d4b4e8ab9f641e", "5b42d4b96f7099db382a8d187e451ffd4eb478c6a2a7d85134e0a1cef0db1f89", "33853bd32e5db71d714ff74cfd198450a7548e71e36e5fa763d6e243f76b2af7", "c4bfd76855f181faee37146212e331be5c7dfbb021c933f8590c3e3d8f515609", "6910e82f978da9f73058609cedb84668fc5221db1f7bf7a08735ff201141bac8"))	(3.81, 51.9, 40.48, 63.33, 52.45, 51.56, 45.66, 46.39, 668200.0)	(0.0004535147392290265, 0.00011337868480725662, 0.0008503401360544223, 0.0004535147392290241, 0.00016496772684185663, 8.477209073625408e-5, 0.00046600660410445833, 0.0002494919436783273, 904.0)	(13489.787, ("ac11f5b670ca11b8d2a8372882c5909be2834def0132cc5eaec5926adf4df6a2", "97e93d03bde1200aecaf314e9a41eaf21a31596ccb60da07b87c9cdebcee1668", "580ef3993b9ff492476da2bc9dbcf4d256aa225fc8fcb43f76508aec847dac8b", "82a40c4120cf1cc53523fb6d74be70505e90a0149e7b89c84342f580aad14430", "f73a49d3946af3a4c331d72db0605709c9e87df543e7c64fdedbe9c17898f4ce"))	
7	stump_with_memoization,TestOp_80,("FingerMovements",:uniform),(false,"interval2D"),5	(9.52, 54.76, 57.14, 52.38, 54.55, 55.0, 55.81, 87, -Inf, -Inf, 90.982, c43949177b0654ededfbea324d9a086a4183b97fd2178bdec65296eeeeb25dcf)	(7.14, 53.57, 57.14, 50.0, 53.33, 53.85, 55.17, 67, 0.5476190476190477, 0.4761904761904763, 90.935, 6d89466acb2064545adcc37b7e7f40ff7cf218bf3a3bf3ed73cdb33c8ec5c6bd)	(16.67, 58.33, 71.43, 45.24, 56.6, 61.29, 63.16, 47, 0.5547619047619048, 0.4761904761904763, 88.108, da965e573d750556db775ee1321c76c29a0bd397b1f9bc2e3328f9abec6935c1)	(4.76, 52.38, 52.38, 52.38, 52.38, 52.38, 52.38, 77, -Inf, -Inf, 91.452, 47392392d5b67ee48bdab5e48d802c9ada9b2d76e211844a9d952dbe26356ddb)	(4.76, 52.38, 52.38, 52.38, 52.38, 52.38, 52.38, 61, 0.5476190476190477, 0.4761904761904763, 93.569, c0f5c2e2abcfac8eb9931852f15a6ba418a4df35d101e53207fd2bc2e09385ae)	(16.67, 58.33, 71.43, 45.24, 56.6, 61.29, 63.16, 47, 0.5547619047619048, 0.4761904761904763, 90.256, da965e573d750556db775ee1321c76c29a0bd397b1f9bc2e3328f9abec6935c1)	(15.24, 57.62, 61.9, 53.33, 57.01, 58.36, 59.35, 0.0, 341880.0)	(0.0007369614512471661, 0.00018424036281179153, 0.0005668934240362824, 0.00017006802721088472, 0.00013556993394251451, 0.00026648220076111565, 0.00027175258500018273, 0.0, 2313.2)	(0.0, ("5575e4c54a7025d6802bbd61d124391b05af47f6a5633919dfb2eca9d34336e6", "b4bdac8726ba069284303f5aab4c3ecdc0b6bdd226515e77dc66b0ea1e551808", "5e0f86606952824c617c62c41cef56bf8e43a82c2256c550318594658f396d4b", "48eae51e1eaf066a991c21c756835c9c45c356f5ac9436d0cbb9879262b4ea9b", "62f3e429a3bad220c23bcb201d04881f7168a47a62f4e68afaf7a67834eff197"))	(17.62, 58.81, 64.76, 52.86, 57.91, 60.02, 61.1, 48.61, 682400.0)	(0.0024376417233560087, 0.0006094104308390022, 0.0015306122448979578, 0.0020975056689342404, 0.0005231339599290703, 0.0007648039677834184, 0.0006122301031304073, 0.0009825446363768337, 8270.0)	(14735.99, ("91cbca48b4228c7c8fdade0fecedd4688bd3ea0fef4443d0d6244121a04a95a0", "59b4f8183d77f4686579cb29bc3cf9f46cf6d2e114b2e1ba6d283a62582df503", "a444ccbee2bd5e8c18f4af9ad806b3a091cbaf1051f763a456e3387d93e1e53e", "96106b81753961789a5cdf19b7d993ad7388fc6ee6ac17ecdf7c8783c7ae6984", "593d8c84b450487155cfa4431b97100dfbb8326cd850ebbab5db4a50594aa251"))	
8	stump_with_memoization,TestOp_80,("FingerMovements",:uniform),(false,"interval2D"),5	(-9.52, 45.24, 50.0, 40.48, 45.65, 44.74, 47.73, 83, -Inf, -Inf, 270.913, ca2165ae4e193e6ee4c157d940a7e38b49f6736f07e921c2beef856a2b9bda0e)	(-4.76, 47.62, 50.0, 45.24, 47.73, 47.5, 48.84, 67, -Inf, -Inf, 269.991, a34a2357fda214ef30a5373243205efe57eb603b84c833a324e7a3bc8c90a2ee)	(-14.29, 42.86, 45.24, 40.48, 43.18, 42.5, 44.19, 41, -Inf, -Inf, 262.049, 6d36b10b616b21220b2695cf4f65996ad852c7b1b6c355cd73c4abfab68ad8bc)	(-2.38, 48.81, 50.0, 47.62, 48.84, 48.78, 49.41, 79, -Inf, -Inf, 277.242, 5316f0eec2bba4fa84ac85d1fbd38aa628a3c249fd5a89468c0f5aec21fc8cfb)	(-2.38, 48.81, 50.0, 47.62, 48.84, 48.78, 49.41, 65, -Inf, -Inf, 274.508, e49830bee59d445341d3fd9ce9c40a4d8955c19e9b5b4a9a966a02b912801339)	(-14.29, 42.86, 45.24, 40.48, 43.18, 42.5, 44.19, 41, -Inf, -Inf, 267.53, 6d36b10b616b21220b2695cf4f65996ad852c7b1b6c355cd73c4abfab68ad8bc)	(14.76, 57.38, 51.43, 63.33, 58.43, 56.59, 54.67, 0.0, 339280.0)	(0.008049886621315195, 0.0020124716553287987, 0.00243764172335601, 0.0030045351473922924, 0.0027469884256941784, 0.0015481046786645788, 0.0023471130672641297, 0.0, 2677.2)	(0.0, ("356c689203fa37994a640aaf8f575d55f18654e31f4a4c018a50a4a68dc14c7e", "17724a3b64595bb911f674cf3971447d5ee7e3e8e6d47c9381063daa5bad7ab9", "f16c14f95273a488e4c27a63858e9c8032c6742cb70f202a57e6d68ef2e9d55e", "684759b69df67e6264c92f051931c72df9d10c74f8733c55fdc64a6e8bd27186", "890331743616c9661f85de61af9344b51731b2c0a89c5666c49f47108582427d"))	(11.9, 55.95, 51.43, 60.48, 56.8, 55.37, 53.87, 49.52, 679200.0)	(0.006519274376417232, 0.001629818594104308, 0.0015873015873015877, 0.005272108843537415, 0.0024624870101349317, 0.0012297128459206874, 0.001249861284627845, 0.0005289229205980553, 4760.0)	(10610.401, ("6680151db84586c08733e18da0e7ff625d641e8dacc8c7c1c14aa2007785dd1b", "4982092ec442dc3f314ec88d2a34339df2054d7e18e583c4eb85bc5964294c8a", "f54953254e121276503ca93bb328ca83c365be31cb8a0e5feb83b03b64910eac", "7e7469fba982355c349705a71ea9362d357c6336304e56760f4d882da307faef", "10dec0e7a6d30d95168d4dfc5e776a814e5254817d5e6bf61549744d590f260a"))	
9	stump_with_memoization,TestOp_80,("FingerMovements",:uniform),(false,"interval2D"),5	(-4.76, 47.62, 50.0, 45.24, 47.73, 47.5, 48.84, 85, -Inf, -Inf, 98.597, 9d0bf6c94471bda5112b91c51d46ed42148aa64064392eeede988f639ff14f3f)	(0.0, 50.0, 54.76, 45.24, 50.0, 50.0, 52.27, 69, -Inf, -Inf, 91.622, acae0bae371fbbe382c1a65d790d0f4fdccda0e1ec724101545fcbdcf7595fb3)	(-7.14, 46.43, 52.38, 40.48, 46.81, 45.95, 49.44, 25, -Inf, -Inf, 86.614, 4a2deba478cd03422bee2b3e8eb6d69745cc7b10ded2eef11e5b90471eca46da)	(2.38, 51.19, 45.24, 57.14, 51.35, 51.06, 48.1, 79, -Inf, -Inf, 94.263, e1baf5e6f4055f939f5fda9d94a4b9b603a4d22aa8b65c9bc0d87644d286db91)	(2.38, 51.19, 47.62, 54.76, 51.28, 51.11, 49.38, 67, -Inf, -Inf, 96.327, 56070186478e1f8338d502671de4c04b70f0d6482b1d2a9a33ba71adae593040)	(-7.14, 46.43, 52.38, 40.48, 46.81, 45.95, 49.44, 25, -Inf, -Inf, 86.833, 4a2deba478cd03422bee2b3e8eb6d69745cc7b10ded2eef11e5b90471eca46da)	(-4.76, 47.62, 49.52, 45.71, 47.71, 47.51, 48.58, 0.0, 332360.0)	(0.0008503401360544211, 0.00021258503401360524, 0.0006802721088435389, 0.0009637188208616786, 0.000191111856117006, 0.00023881624364492722, 0.0002836704169990283, 0.0, 1840.7999999999997)	(0.0, ("7c643b849f208e8a8a484b2366ca290fb1096e8c31172308e97af3c5623f342d", "24b91183c50a706c8fc3ea0660bd78a70a7ff20c6308d0dfc5e2358c2bd0f807", "5817d471406a17a7bc54ec644848b065b11f3b28a9b74ec65275713ecda54068", "260313d524b66c49a2c4881feaf714c96ef97e1243e556ae727af094d47f38d0", "31cc3b77d6646061f452cfe1e9e91f9b664821b6ed9cefdadce57b9c6717d3a8"))	(-8.57, 45.71, 46.67, 44.76, 45.83, 45.58, 46.21, 40.66, 660560.0)	(0.006972789115646258, 0.0017431972789115646, 0.0021541950113378693, 0.003231292517006804, 0.001643490015281665, 0.0018572237821159298, 0.0016708990651208564, 0.00034021628683408443, 2772.8)	(11701.901, ("e5c4038b7c1e5908ff5ecf22ff9d150b3a83b9f343bacfc78e9db9617b81fe8b", "6a1ac56b7cd7cbe0ceadf0f70e6a1648b18989a91e22a920de5180926ecac86e", "800e09da5b9e924f3c302095a78e7f18cda5c1c86c5177e5d78c0a9263d15d9b", "5aebcb6877cc0d57fce518c403665020c8ec050374f9f859371d1f5d13157986", "a5053e79979eb480412aba718a149ce10a78b1185a1ab135e55816d0c2cd172e"))	
10	stump_with_memoization,TestOp_80,("FingerMovements",:uniform),(false,"interval2D"),5	(-4.76, 47.62, 50.0, 45.24, 47.73, 47.5, 48.84, 87, -Inf, -Inf, 60.28, 299d50a243c2c94a2c0d60ad6d0d692ddd01aeea00f1ada77c2de2b34a309e72)	(-2.38, 48.81, 50.0, 47.62, 48.84, 48.78, 49.41, 71, -Inf, -Inf, 59.385, ba922faef132e6a4fb6206681233de8a20fa1a331474a9d8ef6cb247815e3ad1)	(0.0, 50.0, 57.14, 42.86, 50.0, 50.0, 53.33, 49, -Inf, -Inf, 59.384, 91e8e1715f00fc0275a75071033cb87aac99ae7300cf1d58b622bb79c2c538e3)	(0.0, 50.0, 47.62, 52.38, 50.0, 50.0, 48.78, 75, -Inf, -Inf, 59.775, a27a6525999d79aa95ebd1e816230eb9aee8ed8b7d6b849a07778e664a0fef4c)	(2.38, 51.19, 50.0, 52.38, 51.22, 51.16, 50.6, 61, -Inf, -Inf, 59.224, 3b806292801c6f847c957e3e39c5217361c83b2a841a57b1237f11396ca22500)	(0.0, 50.0, 57.14, 42.86, 50.0, 50.0, 53.33, 51, -Inf, -Inf, 60.68, 96327532493acdd8b771c66caf37c6f9d60268300066d90653b2836ff46368eb)	(1.9, 50.95, 38.1, 63.81, 51.46, 50.69, 43.72, 0.0, 337360.0)	(0.010034013605442186, 0.002508503401360547, 0.0022675736961451235, 0.004931972789115645, 0.004407903916620154, 0.0016505776787586804, 0.0028129869949064168, 0.0, 1050.7999999999997)	(0.0, ("01dcd50fc27eb0b10f2fc494d9eac6616e49ef738c83154950fb7ca7ee0921f8", "6b706dbeded0d55c94fc0397538059c7ec9b587e023da64407ca80bb8971ad14", "b944e4167c2431ecb5cae384696e0d9219d3c27ab74d967e45dc09f2e66df664", "12327710787f363d03d46e9f3911dbdcbe635c72ce0f1eed6a326cf4f9e01ac1", "93b4b9625e5be1e97e041643816df8d7c905649ed1a1c0cfe1ebbf33ee9982cc"))	(5.71, 52.86, 39.05, 66.67, 53.91, 52.26, 45.25, 46.33, 675520.0)	(0.0035714285714285726, 0.0008928571428571432, 0.0018707482993197285, 0.0011337868480725622, 0.0016634259577725144, 0.0005646261017155663, 0.0017133558486330264, 7.439396138771956e-5, 851.2)	(12273.742, ("d47015d25f757cbfe72e04e5f86c3d68ee8cb5b6af0112b094f429f6845237d0", "b701ffeeea0133c5dd755d1011550427ec60355fa36de3a3b76d68fba1d57571", "5825964ae047bcee3c30d19aa876ef11e9dd820d33197c68299878460eda1c14", "d48190f3c1e3d732532f55c7c49a528f759384a3ea96daea1ec49a0c6f3ecca9", "6e7f6e08f30f43a0a0853ea4750bc5807d92344e3986a09f41c9f761368d5ab3"))	
