Dataseed	use_training_form	test_operators	dataset_name	flatten_ontology	use_catch22	n_chunks	# insts (TRAIN)	# insts (TEST)	class_counts (TRAIN)	class_counts (TEST)	n_features	channel_size	T(entropy,2,0.01,0.2)train_accuracy	T(entropy,2,0.01,0.2)K	T(entropy,2,0.01,0.2)accuracy	T(entropy,2,0.01,0.2)macro_sensitivity	T(entropy,2,0.01,0.2)safe_macro_sensitivity	T(entropy,2,0.01,0.2)safe_macro_specificity	T(entropy,2,0.01,0.2)safe_macro_PPV	T(entropy,2,0.01,0.2)safe_macro_NPV	T(entropy,2,0.01,0.2)safe_macro_F1	T(entropy,2,0.01,0.2)n_nodes	T(entropy,2,0.01,0.2)t	T(entropy,2,0.01,0.2)hash	T(entropy,2,0.01,0.6)train_accuracy	T(entropy,2,0.01,0.6)K	T(entropy,2,0.01,0.6)accuracy	T(entropy,2,0.01,0.6)macro_sensitivity	T(entropy,2,0.01,0.6)safe_macro_sensitivity	T(entropy,2,0.01,0.6)safe_macro_specificity	T(entropy,2,0.01,0.6)safe_macro_PPV	T(entropy,2,0.01,0.6)safe_macro_NPV	T(entropy,2,0.01,0.6)safe_macro_F1	T(entropy,2,0.01,0.6)n_nodes	T(entropy,2,0.01,0.6)t	T(entropy,2,0.01,0.6)hash	T(entropy,4,0.01,0.2)train_accuracy	T(entropy,4,0.01,0.2)K	T(entropy,4,0.01,0.2)accuracy	T(entropy,4,0.01,0.2)macro_sensitivity	T(entropy,4,0.01,0.2)safe_macro_sensitivity	T(entropy,4,0.01,0.2)safe_macro_specificity	T(entropy,4,0.01,0.2)safe_macro_PPV	T(entropy,4,0.01,0.2)safe_macro_NPV	T(entropy,4,0.01,0.2)safe_macro_F1	T(entropy,4,0.01,0.2)n_nodes	T(entropy,4,0.01,0.2)t	T(entropy,4,0.01,0.2)hash	T(entropy,4,0.01,0.6)train_accuracy	T(entropy,4,0.01,0.6)K	T(entropy,4,0.01,0.6)accuracy	T(entropy,4,0.01,0.6)macro_sensitivity	T(entropy,4,0.01,0.6)safe_macro_sensitivity	T(entropy,4,0.01,0.6)safe_macro_specificity	T(entropy,4,0.01,0.6)safe_macro_PPV	T(entropy,4,0.01,0.6)safe_macro_NPV	T(entropy,4,0.01,0.6)safe_macro_F1	T(entropy,4,0.01,0.6)n_nodes	T(entropy,4,0.01,0.6)t	T(entropy,4,0.01,0.6)hash	
1	stump_with_memoization	TestOp_80	FingerMovements	(false,"interval")	false	30	332	84	(166, 166)	(42, 42)	[56]	[(30,)]	97.29	7.14	53.57	53.57	57.14	50.0	53.33	53.85	55.17	77	1110.923	eaabb979fca251bc25cc01746b64995e38195aa06d41289b3746377e87efb0cb	87.65	16.67	58.33	58.33	66.67	50.0	57.14	60.0	61.54	39	133.74	3e371c04e48407c3706bedb98380a72b80772fd1e11c4b87a82c506ad1b8880d	94.88	9.52	54.76	54.76	59.52	50.0	54.35	55.26	56.82	71	136.664	4e42140554af44424147e5b84d88be08ed36406e41d19cd00d329f6988bf872c	87.35	14.29	57.14	57.14	64.29	50.0	56.25	58.33	60.0	39	133.351	9a062f0587d92b6aca88168a9447f4f0e6e8497d1d308e0a96e56466ef130403	
2	stump_with_memoization	TestOp_80	FingerMovements	(false,"interval")	false	30	332	84	(166, 166)	(42, 42)	[56]	[(30,)]	97.89	7.14	53.57	53.57	40.48	66.67	54.84	52.83	46.58	89	280.203	8955aff57a51f7f42f26e02fc0d3184f9bbae14c4e7ff9524f0828974d821511	89.76	11.9	55.95	55.95	45.24	66.67	57.58	54.9	50.67	49	104.342	12d7404e7fe59122ac2be259eefb80541e5f3ca0c224a4d7fa62c1f90c337bd6	96.08	11.9	55.95	55.95	47.62	64.29	57.14	55.1	51.95	77	108.774	d8ee4498e97536d83dbf50af72156ea8b314be900993fecaece257663680dc49	90.06	11.9	55.95	55.95	45.24	66.67	57.58	54.9	50.67	51	107.52	d9a55b613355531b3ddaad478ae9495800aac457290d1ab073383b0eb316abe3	
3	stump_with_memoization	TestOp_80	FingerMovements	(false,"interval")	false	30	332	84	(166, 166)	(42, 42)	[56]	[(30,)]	98.49	28.57	64.29	64.29	59.52	69.05	65.79	63.04	62.5	79	221.163	84ec911970aab4d47abbf0baf87634dba3731b88c91f1d3bb93ba4cdb143e3d6	85.84	26.19	63.1	63.1	66.67	59.52	62.22	64.1	64.37	31	120.68	823e19f1abae9fa88a2f72f66c9204671d38cdeb71154030a36d4557cda5a543	95.18	26.19	63.1	63.1	54.76	71.43	65.71	61.22	59.74	71	130.817	ee4fb8903fc8cfb6538eeb0f60e8e90de3c674ce14d23269a9d78039282354fe	85.84	26.19	63.1	63.1	66.67	59.52	62.22	64.1	64.37	31	123.624	823e19f1abae9fa88a2f72f66c9204671d38cdeb71154030a36d4557cda5a543	
4	stump_with_memoization	TestOp_80	FingerMovements	(false,"interval")	false	30	332	84	(166, 166)	(42, 42)	[56]	[(30,)]	98.49	-4.76	47.62	47.62	47.62	47.62	47.62	47.62	47.62	69	1044.611	729c7ce25d749da9d5e9bbb13b8b8a08870f0c560a7bf8c8a4e8bd41ad5a7671	83.43	4.76	52.38	52.38	50.0	54.76	52.5	52.27	51.22	27	246.68	22a3aed565b1fe9627c215c92db634859e0cc9ad63db9df2dded1b53e91bb025	96.08	0.0	50.0	50.0	42.86	57.14	50.0	50.0	46.15	63	294.225	89d72c039d298f98740fdd339923d1706c6e62cd59d2f2ba0f1b485c2113c536	83.43	4.76	52.38	52.38	50.0	54.76	52.5	52.27	51.22	27	262.136	22a3aed565b1fe9627c215c92db634859e0cc9ad63db9df2dded1b53e91bb025	
5	stump_with_memoization	TestOp_80	FingerMovements	(false,"interval")	false	30	332	84	(166, 166)	(42, 42)	[56]	[(30,)]	98.8	4.76	52.38	52.38	47.62	57.14	52.63	52.17	50.0	75	196.643	4eb76c44628b22f189d5db085900e93f764d1c3636f3d37fdd6448a4f686a392	86.75	-4.76	47.62	47.62	54.76	40.48	47.92	47.22	51.11	37	175.764	4ed7a48a1cc4c5bfe0e075b53642fe578f63230deea9e5c4aa955f71b72afe75	96.69	4.76	52.38	52.38	50.0	54.76	52.5	52.27	51.22	67	185.408	6709f6492579bef02644a0395d792244acb8ef5da427c565a59767af7c86c515	86.75	-4.76	47.62	47.62	54.76	40.48	47.92	47.22	51.11	37	181.716	4ed7a48a1cc4c5bfe0e075b53642fe578f63230deea9e5c4aa955f71b72afe75	
6	stump_with_memoization	TestOp_80	FingerMovements	(false,"interval")	false	30	332	84	(166, 166)	(42, 42)	[56]	[(30,)]	97.89	16.67	58.33	58.33	54.76	61.9	58.97	57.78	56.79	85	199.491	b9a2bf6707dffcd72f688490b163750b3b2018d1ae858a043a14160242c4a67b	83.13	30.95	65.48	65.48	69.05	61.9	64.44	66.67	66.67	29	168.709	8e0fd541f20bd80af666f3b28a8b45563a3833ff044fdf25c86d8aa8b67d1b7d	94.88	7.14	53.57	53.57	52.38	54.76	53.66	53.49	53.01	73	177.768	36414aa491e6cf4e02b550d242f61796ef7c756ac1f2adedc9ab07706ed9449e	83.13	30.95	65.48	65.48	69.05	61.9	64.44	66.67	66.67	29	169.299	8e0fd541f20bd80af666f3b28a8b45563a3833ff044fdf25c86d8aa8b67d1b7d	
7	stump_with_memoization	TestOp_80	FingerMovements	(false,"interval")	false	30	332	84	(166, 166)	(42, 42)	[56]	[(30,)]	97.59	23.81	61.9	61.9	59.52	64.29	62.5	61.36	60.98	75	120.211	c7f6e2de267ef0fc48d3fe98b7f8b8d40461cc736efad3193f671e560e2ee5f3	81.63	23.81	61.9	61.9	59.52	64.29	62.5	61.36	60.98	27	71.382	8276133d5b3f714f0f16947eb9e4f8930a13a8d3041c050f47d33d6cfaba4c7a	95.18	28.57	64.29	64.29	59.52	69.05	65.79	63.04	62.5	67	79.572	2cde386a0f491fd4585635817826a059eac75b1941eb0bb434d1bbb524b62eb0	81.63	23.81	61.9	61.9	59.52	64.29	62.5	61.36	60.98	27	70.769	8276133d5b3f714f0f16947eb9e4f8930a13a8d3041c050f47d33d6cfaba4c7a	
8	stump_with_memoization	TestOp_80	FingerMovements	(false,"interval")	false	30	332	84	(166, 166)	(42, 42)	[56]	[(30,)]	97.89	14.29	57.14	57.14	54.76	59.52	57.5	56.82	56.1	75	314.881	0d76225e288526dbcf1baaf0b4e0b021beba05190bc7eefc5e99db9328e48f84	85.24	21.43	60.71	60.71	59.52	61.9	60.98	60.47	60.24	33	208.13	284a9af69972442dbfb0a1725b68272bac3ef4f73c22c282e724f7d696b1e67e	95.78	19.05	59.52	59.52	59.52	59.52	59.52	59.52	59.52	69	228.952	699b38968fb589f56ca75a27ebdab5643fed2e5b708cdbb5dc7b0998fc8c9238	85.24	21.43	60.71	60.71	59.52	61.9	60.98	60.47	60.24	33	203.273	284a9af69972442dbfb0a1725b68272bac3ef4f73c22c282e724f7d696b1e67e	
9	stump_with_memoization	TestOp_80	FingerMovements	(false,"interval")	false	30	332	84	(166, 166)	(42, 42)	[56]	[(30,)]	97.59	-16.67	41.67	41.67	38.1	45.24	41.03	42.22	39.51	75	123.676	aa16c07f82dbd51e76f0e7994979193af0254c7be87145c034387a2f3824cd67	78.61	-7.14	46.43	46.43	35.71	57.14	45.45	47.06	40.0	19	89.036	0cd490f426cd56bd269c44a1e436890a23ff07a385b0faf02e99245d0b614eae	95.48	-9.52	45.24	45.24	45.24	45.24	45.24	45.24	45.24	63	100.958	33d22e1785290c7ca21a6ffd6b468cfe1faa92d00afe64361aa0b3c39a72d000	78.61	-7.14	46.43	46.43	35.71	57.14	45.45	47.06	40.0	19	89.087	0cd490f426cd56bd269c44a1e436890a23ff07a385b0faf02e99245d0b614eae	
1	stump_with_memoization	TestOp_80	Libras	(false,"interval")	false	30	285	75	(19, 19, 19, 19, 19, 19, 19, 19, 19, 19, 19, 19, 19, 19, 19)	(5, 5, 5, 5, 5, 5, 5, 5, 5, 5, 5, 5, 5, 5, 5)	[4]	[(30,)]	94.74	70.0	72.0	72.0	72.0	98.0	NaN	98.05	68.98	111	25.731	178541d9513682a907fdf04d4748c87b443851731edef3c2c44ab925d820479f	90.53	71.43	73.33	73.33	73.33	98.1	78.74	98.13	71.53	81	2.551	4487f20b06b499eea94f118122292ca86c8ea6efa8b3f70848e9010393287cf2	87.37	70.0	72.0	72.0	72.0	98.0	79.37	98.04	70.63	85	2.585	9406aa327dd28fced09a96e010adc3e6cea8b1d1e3c70b914cdd98075445bf34	86.67	68.57	70.67	70.67	70.67	97.9	76.8	97.94	68.83	73	2.593	14adb8f289707df22ef849702845c4f208695abacbe077e45f4ceaddadfd1094	
2	stump_with_memoization	TestOp_80	Libras	(false,"interval")	false	30	285	75	(19, 19, 19, 19, 19, 19, 19, 19, 19, 19, 19, 19, 19, 19, 19)	(5, 5, 5, 5, 5, 5, 5, 5, 5, 5, 5, 5, 5, 5, 5)	[4]	[(30,)]	94.39	64.29	66.67	66.67	66.67	97.62	64.85	97.66	64.08	107	16.786	b273b0de1a0984671a5a8ffd122499ab28e48367d2c7da3fba9db190e8c1e21b	89.82	64.29	66.67	66.67	66.67	97.62	66.91	97.66	64.06	75	2.93	1c78e53a3ba47c05632ea9225768d8129a12211d14b206f23175ffdda17dd388	88.42	65.71	68.0	68.0	68.0	97.71	67.66	97.75	65.89	85	3.443	cc31db0098804a8186a46b90cc689430b6c5e646e5e531a11a1d9a0598aed211	84.91	64.29	66.67	66.67	66.67	97.62	67.02	97.66	64.53	65	2.97	ecb19a992b600abf71cd3530bc9a29ae42633fc0298db9d75c72dd0f9576f2d6	
3	stump_with_memoization	TestOp_80	Libras	(false,"interval")	false	30	285	75	(19, 19, 19, 19, 19, 19, 19, 19, 19, 19, 19, 19, 19, 19, 19)	(5, 5, 5, 5, 5, 5, 5, 5, 5, 5, 5, 5, 5, 5, 5)	[4]	[(30,)]	94.39	62.86	65.33	65.33	65.33	97.52	68.49	97.55	64.14	111	5.295	ed2333b2cf1112d35039a5e90e3d54bbe1b03a056feaaee0deda909245492d55	88.07	64.29	66.67	66.67	66.67	97.62	66.71	97.65	65.09	67	2.545	9126f67fc1b236835b303d7a76da05712df47fb1b6e34dbb8cb2f5e4c4e14727	86.67	60.0	62.67	62.67	62.67	97.33	66.5	97.36	61.39	81	2.593	ea828d4f8aa658b1f876605d1890041d6f5b1359663af159dfcc83588a38070a	84.21	61.43	64.0	64.0	64.0	97.43	63.9	97.46	62.54	55	2.492	7bfcd30c8d112150dde878be0548afc850fda17e9cf27ba7769db03415294caa	
4	stump_with_memoization	TestOp_80	Libras	(false,"interval")	false	30	285	75	(19, 19, 19, 19, 19, 19, 19, 19, 19, 19, 19, 19, 19, 19, 19)	(5, 5, 5, 5, 5, 5, 5, 5, 5, 5, 5, 5, 5, 5, 5)	[4]	[(30,)]	94.74	55.71	58.67	58.67	58.67	97.05	62.56	97.08	57.56	101	6.148	16e92a1660f884f03731468526d312d4bb72e8820e884c22b6337ec6f3e67dc5	92.28	57.14	60.0	60.0	60.0	97.14	62.46	97.16	59.4	73	2.207	67c9d0bf3edd97abdce8330d0e063b08bd131d2f5a27ad69e26b4d99a7c4fa0b	88.77	57.14	60.0	60.0	60.0	97.14	64.87	97.17	59.57	79	2.193	79406439125b7b81858e0e47fd304f542ff0280dfdffd0cb8c4807092c9115f5	88.42	57.14	60.0	60.0	60.0	97.14	63.53	97.16	59.53	67	2.161	496d36900133c6ed90481256a8f260392ae581d772f9f496c613bbe581ddaeb6	
5	stump_with_memoization	TestOp_80	Libras	(false,"interval")	false	30	285	75	(19, 19, 19, 19, 19, 19, 19, 19, 19, 19, 19, 19, 19, 19, 19)	(5, 5, 5, 5, 5, 5, 5, 5, 5, 5, 5, 5, 5, 5, 5)	[4]	[(30,)]	94.74	78.57	80.0	80.0	80.0	98.57	80.98	98.59	79.47	109	5.624	d1ae49ee0e21ea4872066844bf2082f1211a03881bc7c0e268189328f443a4d2	91.23	74.29	76.0	76.0	76.0	98.29	76.86	98.31	75.16	77	2.959	3f22c5b595c70c73827e4cf0b51ddcbfc896d574090f001202d1577f271dad17	89.82	72.86	74.67	74.67	74.67	98.19	77.43	98.21	74.28	81	3.116	156ae0d073f08c903a20bc984143e0a5bc9fcba97e60d62154a900f5f9d7c277	89.47	71.43	73.33	73.33	73.33	98.1	76.08	98.12	72.66	73	2.989	f1d873f8bd2eff67fe5775103d6ae510d18b4c1ea16df1196fb5b4b721f44a58	
6	stump_with_memoization	TestOp_80	Libras	(false,"interval")	false	30	285	75	(19, 19, 19, 19, 19, 19, 19, 19, 19, 19, 19, 19, 19, 19, 19)	(5, 5, 5, 5, 5, 5, 5, 5, 5, 5, 5, 5, 5, 5, 5)	[4]	[(30,)]	94.39	67.14	69.33	69.33	69.33	97.81	73.98	97.83	69.37	111	4.543	2718768d598ccf792dae3a11eebbd79ebf1a52977fbb148e2b1712f6c929dc72	90.53	67.14	69.33	69.33	69.33	97.81	74.83	97.82	70.12	75	2.564	9be6349b40218d4f880ccd74dd65699d066e551cf8db5b8124d6bef5f5a586c7	89.82	70.0	72.0	72.0	72.0	98.0	76.34	98.02	72.08	83	2.553	cd4bf619928af4f87501f7275d8f8c1b9c6820412c81d7d8d30e220e4b4f8846	88.77	65.71	68.0	68.0	68.0	97.71	74.32	97.71	69.34	67	2.513	051e713fb21bec63873da92f63298aee690f3c3fcb5a16f39ca9270dea4f0244	
7	stump_with_memoization	TestOp_80	Libras	(false,"interval")	false	30	285	75	(19, 19, 19, 19, 19, 19, 19, 19, 19, 19, 19, 19, 19, 19, 19)	(5, 5, 5, 5, 5, 5, 5, 5, 5, 5, 5, 5, 5, 5, 5)	[4]	[(30,)]	94.04	68.57	70.67	70.67	70.67	97.9	72.32	97.95	67.87	109	3.259	0315ae084b9692cf7c2e7ed64947f51d303c3cad332e95cfb205aa0331450d07	91.23	62.86	65.33	65.33	65.33	97.52	70.3	97.59	61.94	79	2.181	2c37e79c809df8eebe235e8bb6e04344853606ec44e55bc46c2bbbb6eeaa2363	87.02	64.29	66.67	66.67	66.67	97.62	75.61	97.68	64.88	85	2.313	6ab623016f83eeaa4a95dd987a839d613cd6319ccac4ab7854c9bffc98d0b78c	87.02	62.86	65.33	65.33	65.33	97.52	70.42	97.61	61.39	67	2.169	7be2469c316c9cbf4ee5414c7a262064aa8577b3ec127d2cb0b981c8a274adb1	
8	stump_with_memoization	TestOp_80	Libras	(false,"interval")	false	30	285	75	(19, 19, 19, 19, 19, 19, 19, 19, 19, 19, 19, 19, 19, 19, 19)	(5, 5, 5, 5, 5, 5, 5, 5, 5, 5, 5, 5, 5, 5, 5)	[4]	[(30,)]	95.44	62.86	65.33	65.33	65.33	97.52	66.13	97.57	62.41	109	4.426	a8f09bdd0bc561f3d69517b3fd2895d17d4ea095a1cb3643f54348d341fe2443	89.12	57.14	60.0	60.0	60.0	97.14	60.19	97.19	57.68	69	3.153	71beed4568f583c15dc43b35333342c9509635849b94436c820696f8d8ddd73f	89.47	57.14	60.0	60.0	60.0	97.14	63.09	97.19	57.62	85	3.21	20c1384c40e9af86c0d82f2db96113fa1c1126a32249b232184d1de844e17d02	87.02	57.14	60.0	60.0	60.0	97.14	60.31	97.19	57.79	63	3.147	1aed91cbc48ddd654be14f3f8e9f69daaf8dd152333400bec8636834e3998d6d	
9	stump_with_memoization	TestOp_80	Libras	(false,"interval")	false	30	285	75	(19, 19, 19, 19, 19, 19, 19, 19, 19, 19, 19, 19, 19, 19, 19)	(5, 5, 5, 5, 5, 5, 5, 5, 5, 5, 5, 5, 5, 5, 5)	[4]	[(30,)]	93.68	62.86	65.33	65.33	65.33	97.52	66.91	97.55	64.55	105	2.736	81b3469f4c6257f39a3cf809fd3bd877b05b0e6f9dc2a4bec70375a039c16bb5	85.96	52.86	56.0	56.0	56.0	96.86	56.94	96.89	54.07	67	2.543	d3a522526e6b1e097cc16240c845f200c113e12025ca02ab972cea05a47341f0	88.07	51.43	54.67	54.67	54.67	96.76	57.11	96.8	53.18	81	2.559	6687192105b31701a3fe63778d1974e710eaf9929dd9337daf7ac01a6ae68bdf	83.51	50.0	53.33	53.33	53.33	96.67	54.69	96.71	51.2	57	2.531	ac48fa4c7dc29944db3edbd8e6acde3c239131a72922d6a0d63be4278f905df8	
1	stump_with_memoization	TestOp_80	LSST	(false,"interval")	false	30	3934	991	(197, 432, 610, 100, 11, 55, 244, 37, 500, 108, 192, 1243, 123, 82)	(50, 108, 153, 25, 3, 14, 62, 10, 126, 28, 49, 311, 31, 21)	[12]	[(30,)]	93.26	39.46	49.24	36.85	36.85	95.68	37.59	95.67	36.95	1395	637.483	07a9c2c837d5315aee8e0715bbaffd921ea048114069578c5b308f5db4e5d7a4	87.82	39.75	50.15	36.17	36.17	95.68	36.72	95.73	36.25	921	196.414	11543b5dc8b4458bb9400d05d96a153a769cbf65bd9e28f5e7bbf593953bf5c5	85.43	41.46	51.16	38.49	38.49	95.82	40.04	95.84	39.01	1017	189.443	1182637e089a3b11b7d618cf2ad6ab2e7f6d08940082493bc7aaf8babc9c6544	82.49	41.23	51.46	37.68	37.68	95.79	39.18	95.86	38.17	741	190.425	4378dacec81ef693601ec0b2e5b685adad1334be9242782bcc07c13c5f0f70c3	
2	stump_with_memoization	TestOp_80	LSST	(false,"interval")	false	30	3934	991	(197, 432, 610, 100, 11, 55, 244, 37, 500, 108, 192, 1243, 123, 82)	(50, 108, 153, 25, 3, 14, 62, 10, 126, 28, 49, 311, 31, 21)	[12]	[(30,)]	93.34	37.59	47.83	32.24	32.24	95.54	32.86	95.55	32.49	1405	462.416	08c735b10f8a182afa2f731c07803dbe9f18d7ed9a4351d97af8c1a59070b8fe	87.65	39.31	49.75	32.8	32.8	95.65	32.74	95.71	32.69	909	222.317	59fd1f72a134fd793ba0972bd7302d5488eb9bc0a47bb09b73a1e3074e09670b	86.12	37.59	47.73	31.74	31.74	95.56	32.12	95.56	31.89	1001	221.45	7562584658a3c0ddd3461ee11d03446ed805f2bf4110633a9a17e6ab893d4eda	83.17	40.12	50.15	32.55	32.55	95.74	32.18	95.78	32.31	753	220.543	7f438a03d5f8e89b78353e0cf34f56da42fd06eee250a4851499445b7c07015f	
3	stump_with_memoization	TestOp_80	LSST	(false,"interval")	false	30	3934	991	(197, 432, 610, 100, 11, 55, 244, 37, 500, 108, 192, 1243, 123, 82)	(50, 108, 153, 25, 3, 14, 62, 10, 126, 28, 49, 311, 31, 21)	[12]	[(30,)]	92.76	37.73	47.33	37.66	37.66	95.59	38.19	95.55	37.51	1405	335.434	9b92a6f260ca87a388ea7fd78d67abb52865599ef597ea2f19ab54eb7514d4a6	87.34	38.91	49.04	35.29	35.29	95.65	NaN	95.67	35.71	923	164.74	2f6535a718ea225a0c0660ad9535a7adb57bb9e8941850a3ae8275efb4ed533c	85.46	37.57	47.53	35.74	35.74	95.56	NaN	95.54	35.59	1015	178.944	8e03d36889d0c64a9f8661437ae83aa331b1d4a64270633fb802aa8d972884ea	82.69	39.4	49.55	35.91	35.91	95.68	NaN	95.7	36.22	763	159.717	1cf8e2e653bc8cbf936a1c7d644eca7c91b9851ad31617275c1e3d6af62bc3d8	
4	stump_with_memoization	TestOp_80	LSST	(false,"interval")	false	30	3934	991	(197, 432, 610, 100, 11, 55, 244, 37, 500, 108, 192, 1243, 123, 82)	(50, 108, 153, 25, 3, 14, 62, 10, 126, 28, 49, 311, 31, 21)	[12]	[(30,)]	93.34	35.68	45.81	33.15	33.15	95.45	32.42	95.42	32.49	1337	348.204	0bd21f08bea26e7c523ed3ee194c327742f2b472cea4c7e6c39354160b717a85	89.25	37.21	47.73	34.46	34.46	95.52	34.22	95.55	34.03	929	248.431	769b73f7cc1867eb5c8d46070df16c52dd21a28d7b37750e7defe20816bf4f9d	86.27	35.5	46.01	31.74	31.74	95.43	31.67	95.42	31.4	983	252.154	c3d2f1139472471bf3e7a8c1d7439769903ad79fe90421e48c923fb64757caa0	84.37	36.19	46.82	31.49	31.49	95.47	31.08	95.49	31.07	761	251.013	30bcdf774878d6e57735a55f338301bed582a2b18947b2c0c3f32fd495f037e5	
5	stump_with_memoization	TestOp_80	LSST	(false,"interval")	false	30	3934	991	(197, 432, 610, 100, 11, 55, 244, 37, 500, 108, 192, 1243, 123, 82)	(50, 108, 153, 25, 3, 14, 62, 10, 126, 28, 49, 311, 31, 21)	[12]	[(30,)]	93.49	36.44	46.52	34.07	34.07	95.48	36.9	95.46	34.85	1391	342.281	ca75eefb3bd9461fae9bc1fe34f408ba35a515c0e4d4718fac0289f419bfc20e	87.8	37.91	48.34	33.83	33.83	95.57	36.12	95.6	34.4	937	224.944	cfed9cedc35f871dd9be14126976c1d3174ba194345084fdb79de1a62ec22856	86.2	35.8	46.22	32.01	32.01	95.44	35.54	95.43	33.3	1021	234.644	41239e8d8b6e24776c1c148e5e4aca4daa81e154ab408366d63ec731c37f5bad	83.22	37.24	47.83	32.75	32.75	95.53	35.3	95.56	33.67	763	221.401	44ef8a32370d4719a409433317c739f5e1c1fed4d2618f9e33a7f6cda99a12ed	
6	stump_with_memoization	TestOp_80	LSST	(false,"interval")	false	30	3934	991	(197, 432, 610, 100, 11, 55, 244, 37, 500, 108, 192, 1243, 123, 82)	(50, 108, 153, 25, 3, 14, 62, 10, 126, 28, 49, 311, 31, 21)	[12]	[(30,)]	93.85	37.37	47.53	33.3	33.3	95.53	NaN	95.52	33.06	1387	253.377	0e7aaeca61b20914daa4885d83b721568aec24c1ec88de214f8066b07d84a5e2	88.36	39.55	49.75	32.99	32.99	95.68	NaN	95.71	32.93	925	182.143	f5bc9218e5c5855901aec27a950d9bd6f29c639cea624c6af095c2f317953781	85.97	38.58	48.64	34.17	34.17	95.62	33.83	95.62	33.82	1023	192.912	7fd1351bf47de87551e99ee04873636cf2d6ea0432f22eb1f9e471a32e46f9da	83.45	38.27	48.54	33.1	33.1	95.6	32.74	95.62	32.77	759	177.127	9f12d4bc50a6fbe84cd468e55bb5d96ecc45aba7bb6131fca78e97a876663ca0	
7	stump_with_memoization	TestOp_80	LSST	(false,"interval")	false	30	3934	991	(197, 432, 610, 100, 11, 55, 244, 37, 500, 108, 192, 1243, 123, 82)	(50, 108, 153, 25, 3, 14, 62, 10, 126, 28, 49, 311, 31, 21)	[12]	[(30,)]	93.37	39.61	49.14	38.48	38.48	95.71	NaN	95.69	38.29	1369	294.353	112c2099f62bf532953b08364aaf813eb9999a46668aacee6d0d306e9366a64d	88.15	40.99	50.76	38.71	38.71	95.78	NaN	95.8	38.64	919	237.939	4f674a01b39a9e22e68e0611f5c4abbc1686a362c02627ad807ae8a297a8a00e	86.1	38.26	48.34	36.03	36.03	95.59	35.68	95.59	35.75	997	238.232	166dcc2f71305b86e033abeec77f6cfb18b4238eba4cf63d0d07836a54481c3b	83.66	40.77	50.66	37.1	37.1	95.77	36.44	95.8	36.63	753	233.954	ccea39a744dda12b4b50cddb99b7ccf99bbb5a535608a1d9aedb4bf83d6edd88	
8	stump_with_memoization	TestOp_80	LSST	(false,"interval")	false	30	3934	991	(197, 432, 610, 100, 11, 55, 244, 37, 500, 108, 192, 1243, 123, 82)	(50, 108, 153, 25, 3, 14, 62, 10, 126, 28, 49, 311, 31, 21)	[12]	[(30,)]	93.37	37.43	47.02	36.83	36.83	95.55	37.19	95.51	36.21	1361	289.619	d8a2d1cea29b6fbd9edf6ae6887c2b84ff53ee1879bf74f52d5ab2ea196051ff	88.38	40.68	50.25	35.89	35.89	95.78	36.2	95.77	35.63	947	236.133	0cf3853dc182da6427bb0256113468f1fda39d419c8037608a5662926cfd13c8	85.64	38.1	47.93	35.11	35.11	95.59	NaN	95.57	35.24	977	244.023	2daf6a71aeddebabf9baf95b5e5ad6d663841e7a0169c85cf24619b140165c6b	82.97	40.26	50.05	35.83	35.83	95.75	NaN	95.75	35.64	735	238.818	cf7cfca31d327b20ce83c05daadec2c2b7e198dee24a4f59d1cdac27e41f4f40	
9	stump_with_memoization	TestOp_80	LSST	(false,"interval")	false	30	3934	991	(197, 432, 610, 100, 11, 55, 244, 37, 500, 108, 192, 1243, 123, 82)	(50, 108, 153, 25, 3, 14, 62, 10, 126, 28, 49, 311, 31, 21)	[12]	[(30,)]	93.24	37.78	47.53	38.14	38.14	95.57	38.79	95.53	38.28	1389	238.744	cc11a03cdb3b0c6480a6e42c8a3954e0475354bc3d1c4f5fea357652289ace68	87.82	40.77	50.55	37.12	37.12	95.76	36.73	95.78	36.77	917	201.518	02a4512d3cb7be1a171d3a1b938a479163da6cab7759e30a0060845a6067994b	85.49	38.78	48.74	38.91	38.91	95.62	45.43	95.61	40.6	1007	201.735	53df481b09146fb8a93a5a051d865b22d375557321c367ccea72a73ec80645de	82.99	40.69	50.76	36.51	36.51	95.74	NaN	95.77	36.52	747	193.324	2f3a7fa4999ed79e83ceef1ffe6dc490e085ca7cbe2ef07d7934493144915313	
1	stump_with_memoization	TestOp_80	NATOPS	(false,"interval")	false	30	288	72	(48, 48, 48, 48, 48, 48)	(12, 12, 12, 12, 12, 12)	[48]	[(30,)]	98.61	81.67	84.72	84.72	84.72	96.94	85.95	96.97	84.86	27	147.934	fe47b73ce4f34a855e1357988b1dc554d6c6a268e5e348288f674bc379d89d1d	89.58	80.0	83.33	83.33	83.33	96.67	84.29	96.7	83.35	11	14.683	d23062d3b9facc4cb2f31f20cbec94b0c04287509ad22affe8613c8644a6d0b6	97.92	81.67	84.72	84.72	84.72	96.94	85.95	96.97	84.86	23	17.034	fb307b41f84771dd192d8057d11fd3f7b0e400c785701db6fd3d561e4942b76d	89.58	80.0	83.33	83.33	83.33	96.67	84.29	96.7	83.35	11	14.096	d23062d3b9facc4cb2f31f20cbec94b0c04287509ad22affe8613c8644a6d0b6	
2	stump_with_memoization	TestOp_80	NATOPS	(false,"interval")	false	30	288	72	(48, 48, 48, 48, 48, 48)	(12, 12, 12, 12, 12, 12)	[48]	[(30,)]	97.57	93.33	94.44	94.44	94.44	98.89	94.87	98.91	94.43	29	51.416	9387ed394ec15b680977c7bc7d333fe9a4475fe6fd1fd6aa4d0ff477ecabee46	93.06	90.0	91.67	91.67	91.67	98.33	91.97	98.36	91.59	15	14.467	639aea22ce550cb349649920a163087f612aeb25c2cbb65d3f45ade9e7983216	96.18	93.33	94.44	94.44	94.44	98.89	94.87	98.91	94.43	25	16.379	aa54bfcb561e0bbb46828a3093a0f84d99633e1639c038dac11eed278a41a36f	93.06	90.0	91.67	91.67	91.67	98.33	91.97	98.36	91.59	15	14.637	639aea22ce550cb349649920a163087f612aeb25c2cbb65d3f45ade9e7983216	
3	stump_with_memoization	TestOp_80	NATOPS	(false,"interval")	false	30	288	72	(48, 48, 48, 48, 48, 48)	(12, 12, 12, 12, 12, 12)	[48]	[(30,)]	98.26	90.0	91.67	91.67	91.67	98.33	91.84	98.34	91.65	27	34.593	19e6f530eb97ba16e41d6ff9fa909e25026e7604d4ae12d88351e2ac7efd4505	89.58	81.67	84.72	84.72	84.72	96.94	84.52	97.03	84.05	11	14.599	0f344c4876cc3df0d059de3f63cf2cc91bddfb79b13f3cd9ca22011aded07c64	95.83	91.67	93.06	93.06	93.06	98.61	93.48	98.63	93.01	23	17.133	d4c7f425d8ad51a5bfdf000ee94a95bb1b2dd82b2c63bf0f2f5d5190a4f5cd96	89.58	81.67	84.72	84.72	84.72	96.94	84.52	97.03	84.05	11	14.771	0f344c4876cc3df0d059de3f63cf2cc91bddfb79b13f3cd9ca22011aded07c64	
4	stump_with_memoization	TestOp_80	NATOPS	(false,"interval")	false	30	288	72	(48, 48, 48, 48, 48, 48)	(12, 12, 12, 12, 12, 12)	[48]	[(30,)]	98.61	83.33	86.11	86.11	86.11	97.22	86.81	97.29	85.79	27	17.635	4c7b901ebc3a17ff39f8504faba722d273a77a579c087183f8358aa3caefc3e4	94.1	88.33	90.28	90.28	90.28	98.06	92.32	98.16	89.96	15	14.656	a5f09647c3d510467e3924d7141752cad44be7980162e525f80a081d95bd1632	96.53	86.67	88.89	88.89	88.89	97.78	91.67	97.93	88.33	27	16.379	2f3e90521fde8ec6ac0f2021bd320ac7f93895406f1b73310218eb576c044b13	94.1	88.33	90.28	90.28	90.28	98.06	92.32	98.16	89.96	15	14.507	a5f09647c3d510467e3924d7141752cad44be7980162e525f80a081d95bd1632	
5	stump_with_memoization	TestOp_80	NATOPS	(false,"interval")	false	30	288	72	(48, 48, 48, 48, 48, 48)	(12, 12, 12, 12, 12, 12)	[48]	[(30,)]	97.92	95.0	95.83	95.83	95.83	99.17	96.05	99.18	95.83	25	21.63	a6d52cc1396ea7cca454b361a2b8cbd272be7b5efc320af7c75495bc3780e9ba	94.44	95.0	95.83	95.83	95.83	99.17	96.05	99.18	95.83	17	15.006	1777eff225cbf0a7ba54783ec754a64ecaf611d6e989ea7c4e8fd7530c20dff9	96.88	93.33	94.44	94.44	94.44	98.89	94.82	98.91	94.43	25	16.064	e4ff82d3d583e985e5d894d5b6ed16a234c8ad16b7769d73e4a28e170d1ab791	94.44	95.0	95.83	95.83	95.83	99.17	96.05	99.18	95.83	17	14.852	1777eff225cbf0a7ba54783ec754a64ecaf611d6e989ea7c4e8fd7530c20dff9	
6	stump_with_memoization	TestOp_80	NATOPS	(false,"interval")	false	30	288	72	(48, 48, 48, 48, 48, 48)	(12, 12, 12, 12, 12, 12)	[48]	[(30,)]	98.26	85.0	87.5	87.5	87.5	97.5	87.61	97.5	87.5	25	16.777	b95f875c458ef3d593968eae9af465a52ec13796bf6569f5fb35f64cea8007e2	93.4	88.33	90.28	90.28	90.28	98.06	90.64	98.1	90.03	15	14.451	10d659e4e65d713bec9125b8637db9400d4fcce9d5f733f3e168964abbf7005c	96.88	90.0	91.67	91.67	91.67	98.33	91.84	98.34	91.65	23	15.856	5f31accf9593488797cf2be0ee471fdcd83c6686a54d7eac0efdea851b26f9e9	93.4	88.33	90.28	90.28	90.28	98.06	90.64	98.1	90.03	15	14.394	10d659e4e65d713bec9125b8637db9400d4fcce9d5f733f3e168964abbf7005c	
7	stump_with_memoization	TestOp_80	NATOPS	(false,"interval")	false	30	288	72	(48, 48, 48, 48, 48, 48)	(12, 12, 12, 12, 12, 12)	[48]	[(30,)]	98.61	80.0	83.33	83.33	83.33	96.67	84.6	96.67	83.63	25	14.637	a5d316b16f44833693d0c3022ef5aeda53de36d84e39dbcb4231a0ce153a60c4	96.18	78.33	81.94	81.94	81.94	96.39	82.76	96.48	81.64	17	13.831	9fbaa3e87632c703777414e9e7a9d085fd6cc1bffb938e4d023706118682a9fc	97.22	81.67	84.72	84.72	84.72	96.94	86.08	96.97	84.88	23	14.633	76f7ff7373bfea568062d63f48bf3cb2f6048090ac4b3edbf58a0f16fd4cfaa1	96.18	78.33	81.94	81.94	81.94	96.39	82.76	96.48	81.64	17	13.834	9fbaa3e87632c703777414e9e7a9d085fd6cc1bffb938e4d023706118682a9fc	
8	stump_with_memoization	TestOp_80	NATOPS	(false,"interval")	false	30	288	72	(48, 48, 48, 48, 48, 48)	(12, 12, 12, 12, 12, 12)	[48]	[(30,)]	98.61	85.0	87.5	87.5	87.5	97.5	87.84	97.51	87.53	29	20.701	006ad438024bc4dbda3d793fcf71e6ee76cddb00a7f73a21a97b0f56a39d3fce	92.71	76.67	80.56	80.56	80.56	96.11	80.56	96.19	79.96	13	14.212	6afdbff964381229fb707d6e56b12c65eab0db13a1b742b25307d75b799a2029	97.57	86.67	88.89	88.89	88.89	97.78	89.1	97.78	88.94	25	16.517	403bb2d9ef85a21883ba5b750451ceb62fcd021738416b6d89abd4ae4563ce22	92.71	76.67	80.56	80.56	80.56	96.11	80.56	96.19	79.96	13	14.337	6afdbff964381229fb707d6e56b12c65eab0db13a1b742b25307d75b799a2029	
9	stump_with_memoization	TestOp_80	NATOPS	(false,"interval")	false	30	288	72	(48, 48, 48, 48, 48, 48)	(12, 12, 12, 12, 12, 12)	[48]	[(30,)]	98.61	88.33	90.28	90.28	90.28	98.06	91.99	98.09	90.48	23	17.869	a3a0f3426ce6d454bd5af3741dc5d14eb7b76aa020b0bb75a0687bc663024fdd	92.01	85.0	87.5	87.5	87.5	97.5	88.53	97.53	87.54	13	14.027	6af1775edba8d90c7f18eba8cdd751f3249e92a74216bcaedd446e22f5333864	97.22	86.67	88.89	88.89	88.89	97.78	91.17	97.82	89.17	23	16.552	b9ab6ba6074aee605a2a208e24d8b9947b9617aabbcbad1921cc24e999a9aeb8	92.01	85.0	87.5	87.5	87.5	97.5	88.53	97.53	87.54	13	13.967	6af1775edba8d90c7f18eba8cdd751f3249e92a74216bcaedd446e22f5333864	
1	stump_with_memoization	TestOp_80	RacketSports	(false,"interval")	false	30	241	62	(68, 63, 54, 56)	(18, 16, 14, 14)	[12]	[(30,)]	96.68	67.8	75.81	77.5	77.5	91.88	75.67	92.03	76.15	49	29.843	c0decfe8dcc4a96122965e19d83d19634b6bbef59731f2ee1509463fdf431e14	90.87	69.92	77.42	78.89	78.89	92.43	77.29	92.53	77.74	31	4.578	f3f892ef56b340f8eec4ac532b1ff69ba74100908307297be421e9a1e4b388ff	93.36	69.76	77.42	78.5	78.5	92.29	79.44	92.31	78.7	39	5.198	c5552cf2e52760b493623ede55d2ff52920513eab965561d05cc82e13b66dff7	90.04	69.76	77.42	78.5	78.5	92.29	79.44	92.31	78.7	29	4.582	f9a9a45ee7bfc7f377cc6a9f4b6e5adaaa7c524e2700cf6cfe825bdf982db88f	
2	stump_with_memoization	TestOp_80	RacketSports	(false,"interval")	false	30	241	62	(68, 63, 54, 56)	(18, 16, 14, 14)	[12]	[(30,)]	95.44	67.73	75.81	76.93	76.93	91.88	75.73	91.94	76.13	49	5.912	7757cf7b72269e5b5851035e89d5aa9ff13032f83858d30ff3e885617880347f	89.21	61.3	70.97	72.59	72.59	90.23	71.04	90.33	71.57	27	1.041	40317bac9f59b257301dbe6c538a2da0cdabf68e45453981e4cd505c10ffea28	93.36	65.51	74.19	75.2	75.2	91.29	74.08	91.49	74.21	37	1.52	917c4c3fc8b04a2512b5454a03bf442a52bbf68a2a3be5c12d74e6e48b8721e4	88.8	63.43	72.58	73.98	73.98	90.77	72.5	90.86	73.05	25	1.141	d8573dee94c6016f17a488682f99aa6c8e41ac5337b05bd327c666d10de090f1	
3	stump_with_memoization	TestOp_80	RacketSports	(false,"interval")	false	30	241	62	(68, 63, 54, 56)	(18, 16, 14, 14)	[12]	[(30,)]	96.68	65.29	74.19	74.8	74.8	91.13	77.37	91.49	74.81	45	4.531	e5de0fceb2a5c44d75a8482719aaaf5509c7b5781a70b94c959a0d7cc143ee0c	91.29	54.73	66.13	68.03	68.03	88.48	69.19	88.55	67.95	27	1.287	d662b6d5a263e5346743b675b69115381aa9bd18a4257c65ae16b6fd8e6ef67f	92.95	56.61	67.74	68.85	68.85	88.9	72.5	88.91	69.9	35	1.401	e70248eedf8bc2d91dae88a12f3a16aea0820df46a1afde7216b2244f08c9863	89.21	52.44	64.52	66.25	66.25	87.87	69.68	87.82	67.18	23	1.365	4800055eca3998f6ce979a299dbdc54846b9ad22b63bce23b16419d9a762843d	
4	stump_with_memoization	TestOp_80	RacketSports	(false,"interval")	false	30	241	62	(68, 63, 54, 56)	(18, 16, 14, 14)	[12]	[(30,)]	96.68	58.72	69.35	70.01	70.01	89.45	73.85	89.45	71.37	57	7.95	470ce7ee745dccb797f19b518b612afefa45c82b2d0a042536caf768766d2889	92.12	60.98	70.97	72.02	72.02	90.02	73.98	90.12	72.47	37	1.513	9c75ba25286620d5e39c75478878ffa67a576a9ae7d0e75451b9475efd50d9ac	92.95	65.41	74.19	75.37	75.37	91.18	76.73	91.24	75.61	45	1.976	e4e97e5d04fde080f8bd341d1d732c9f23a2622f23b5969332c60cb49527edfd	89.21	63.25	72.58	73.81	73.81	90.63	74.08	90.76	73.61	31	1.521	069a68e458c09281f130492032e4e018015e16f486c1c2ea935e0e6e4cbdd59b	
5	stump_with_memoization	TestOp_80	RacketSports	(false,"interval")	false	30	241	62	(68, 63, 54, 56)	(18, 16, 14, 14)	[12]	[(30,)]	97.1	63.22	72.58	73.59	73.59	90.63	74.51	90.64	73.96	49	9.625	f1e7b5c6982f2c37d837625f3011b7666a7a52f36393f52d479552f5d1ff20ca	90.87	54.54	66.13	67.34	67.34	88.43	67.13	88.67	66.84	29	3.066	3122d1d7b74627a95f3415f9064de0fef4106a68b6936d3144e372562ee828e8	92.95	56.7	67.74	68.9	68.9	88.98	70.0	89.07	69.15	43	4.383	006ad50b3ef57e5f3ee0afdb8a6355c8fc42a8c34e99e59b06cdb06b9390e63a	89.21	54.57	66.13	67.34	67.34	88.46	67.65	88.64	67.08	27	3.005	7f3f4da963fa5faeab04a1b5ae2bf71d9891526975b29c6c3d2b585e7a363b18	
6	stump_with_memoization	TestOp_80	RacketSports	(false,"interval")	false	30	241	62	(68, 63, 54, 56)	(18, 16, 14, 14)	[12]	[(30,)]	94.61	61.3	70.97	73.26	73.26	90.16	69.67	90.56	70.91	53	7.917	3fc2dc991edce591c9a7b7c4ed278543586502247e1c6c1753c10b7390bd72cf	91.7	65.65	74.19	76.39	76.39	91.29	73.42	91.58	74.4	35	3.34	373077ee51fd1aeacea753acc061274cde46bb76765510e0cbadedb1c1f20943	91.7	63.48	72.58	74.83	74.83	90.73	71.86	91.06	72.79	41	3.485	a9231f7badbd392feb8953cca122c35d82cfabcbc1aafa07ec4782961a85cbf6	90.04	63.53	72.58	74.83	74.83	90.77	71.45	91.15	72.43	31	3.299	29222c9b1ea59630f26f792a3126468966284cf8860e58015382945cbe0885a7	
7	stump_with_memoization	TestOp_80	RacketSports	(false,"interval")	false	30	241	62	(68, 63, 54, 56)	(18, 16, 14, 14)	[12]	[(30,)]	97.1	56.76	67.74	69.47	69.47	88.95	70.61	89.14	68.91	49	3.221	98ae9a2afb198619c43d4635d45ee37565a2f8eae54e22994c81480b458e7344	87.14	59.04	69.35	71.21	71.21	89.56	70.31	89.71	70.45	27	1.128	40b938a3f62929ae7b185f5795cfab84ce4c5e2c577e5630a973e259e4c5a5fc	92.95	52.64	64.52	66.52	66.52	87.98	64.31	88.24	64.98	41	1.913	2e7c2f1b8602a1ce45c040d355bdad19689e6276db7567a03dab2cd10a33b0f6	85.89	63.5	72.58	74.95	74.95	90.73	72.17	91.0	73.12	25	1.113	9c0b9ffdc45a18e121ff342a9237e6b24d02318e9a4f74dff57fc8d233b61180	
8	stump_with_memoization	TestOp_80	RacketSports	(false,"interval")	false	30	241	62	(68, 63, 54, 56)	(18, 16, 14, 14)	[12]	[(30,)]	97.93	69.71	77.42	78.77	78.77	92.22	79.19	92.36	78.67	43	3.682	277a138cf8fba32fac2582be7d5585703fe46294a585b25c9c0df83dfedf20d1	90.04	69.69	77.42	78.2	78.2	92.26	79.39	92.75	77.41	27	0.978	fcbf788dd7caa3d0d243e13a84450442125ea235ea88a7dc0a87b23da4a273c5	92.53	65.48	74.19	75.42	75.42	91.24	74.49	91.54	74.25	39	1.481	bc5333fd7b3f4784724c2fcd945c25bcc5217adbf09fc953dac5902ba57d4c7b	88.38	65.44	74.19	75.25	75.25	91.22	76.0	91.78	73.79	25	0.936	5a3a834eddd35fe26bcf80feff90729c98d224da20d2cb4b435976622f988b7d	
9	stump_with_memoization	TestOp_80	RacketSports	(false,"interval")	false	30	241	62	(68, 63, 54, 56)	(18, 16, 14, 14)	[12]	[(30,)]	97.51	50.42	62.9	64.19	64.19	87.46	63.48	87.67	63.52	47	2.751	3dee82b067f7baf49220a6b6187f5d9ed70c7a73b21cea1321729ef1031ee487	89.21	41.75	56.45	57.84	57.84	85.26	56.55	85.6	56.76	27	1.294	daf31a8f08ae5969a8a08bd494dfdb5e3ffdcf2243fad46f9e8cb83192750789	92.53	50.49	62.9	64.19	64.19	87.51	63.91	87.78	63.32	41	1.498	b556b4c74c4d65d93ad7f9704c8a4a05d70df4fad2eadbeada06845dfca7f6f7	87.14	46.29	59.68	61.41	61.41	86.45	60.12	86.9	59.72	23	1.39	990d55de8bb8133016e8d95449388abfec4a1c23b6db6e3ed930b3116a6ed954	
1	stump_with_memoization	TestOp_80	FingerMovements	(true,"one_world")	false	30	332	84	(166, 166)	(42, 42)	[1680]	[()]	99.1	21.43	60.71	60.71	71.43	50.0	58.82	63.64	64.52	75	133.572	4ea9d26e659ffdd300878a9e4654397258307cd32631d930a89c56a1ee3a3b8f	91.87	26.19	63.1	63.1	71.43	54.76	61.22	65.71	65.93	47	130.508	941435865f9316e81bba9dfdbf30ed60fa54169d805acf5308e82b2a5b7dc267	95.78	19.05	59.52	59.52	64.29	54.76	58.7	60.53	61.36	67	129.021	5fa337331abd4413f11e8970120c116952c58b43dc67bc7babc9b873d23171ee	92.17	23.81	61.9	61.9	69.05	54.76	60.42	63.89	64.44	49	130.984	70a37e28565c59663e5d15261055f49b376fe76cb1a39a3fc12cefaf5bd4c569	
2	stump_with_memoization	TestOp_80	FingerMovements	(true,"one_world")	false	30	332	84	(166, 166)	(42, 42)	[1680]	[()]	98.19	-4.76	47.62	47.62	35.71	59.52	46.88	48.08	40.54	73	117.957	bc96f2546b4e074b7dac5d72bd5107a995530fb57eef52854e18ed803b8a670a	80.12	9.52	54.76	54.76	47.62	61.9	55.56	54.17	51.28	21	111.112	7e3927952d41016ea8f454dfa8243622ee1acc29f5ea7f85bf62790fa0dae5ea	96.08	-4.76	47.62	47.62	30.95	64.29	46.43	48.21	37.14	67	116.755	77c9ae484e02a2b7408ca44fac6ea941cb7da7b749cb744c247c784be114dd9b	80.12	9.52	54.76	54.76	47.62	61.9	55.56	54.17	51.28	21	110.942	7e3927952d41016ea8f454dfa8243622ee1acc29f5ea7f85bf62790fa0dae5ea	
3	stump_with_memoization	TestOp_80	FingerMovements	(true,"one_world")	false	30	332	84	(166, 166)	(42, 42)	[1680]	[()]	98.49	14.29	57.14	57.14	64.29	50.0	56.25	58.33	60.0	67	116.504	79194265657682163d211cc4fba863dc08e2c456ae9fdf4f0f45417d18411279	87.05	4.76	52.38	52.38	57.14	47.62	52.17	52.63	54.55	35	114.206	35cf5c148f78751dcd8824e515cbab90912e4500b31b26e72fe4ee8c133e6f33	96.39	2.38	51.19	51.19	59.52	42.86	51.02	51.43	54.95	63	115.746	1cba122bab7ec539909d24ea601c8615e04e1a7f704c43051fcfb66fab1d7297	87.05	4.76	52.38	52.38	57.14	47.62	52.17	52.63	54.55	35	111.59	35cf5c148f78751dcd8824e515cbab90912e4500b31b26e72fe4ee8c133e6f33	
4	stump_with_memoization	TestOp_80	FingerMovements	(true,"one_world")	false	30	332	84	(166, 166)	(42, 42)	[1680]	[()]	97.89	4.76	52.38	52.38	50.0	54.76	52.5	52.27	51.22	71	137.689	606c57aa907bba9085b7da6fa3915e3be75074be9b30d579de47da4e45cb0b8f	85.54	16.67	58.33	58.33	64.29	52.38	57.45	59.46	60.67	31	136.452	eaca068ce851ce84f4149202c53b69fd3dfdf45e3d97f4cbfd295e8c4b8925d0	95.78	7.14	53.57	53.57	52.38	54.76	53.66	53.49	53.01	63	136.911	16f21fb4032c9ff4b3f92fc1ce7ba66c34a200b5fc9e8ef0ba36f47cf828ae97	85.54	16.67	58.33	58.33	64.29	52.38	57.45	59.46	60.67	31	134.606	eaca068ce851ce84f4149202c53b69fd3dfdf45e3d97f4cbfd295e8c4b8925d0	
5	stump_with_memoization	TestOp_80	FingerMovements	(true,"one_world")	false	30	332	84	(166, 166)	(42, 42)	[1680]	[()]	97.59	-14.29	42.86	42.86	40.48	45.24	42.5	43.18	41.46	77	79.23	a32aa81656e1189ddd81d2f343befc01af3e34f8c4f775e8e205a46bdb0b8037	89.76	-9.52	45.24	45.24	42.86	47.62	45.0	45.45	43.9	41	75.063	7cdf927a0edb2d861492e75949dce5453bb4677c29ff3488b65170d45c7da2c2	96.69	-16.67	41.67	41.67	40.48	42.86	41.46	41.86	40.96	65	79.105	9b27878d830efcd926a914252c46da874c6e98c3666baf78e2183bfdd2db3047	89.76	-9.52	45.24	45.24	42.86	47.62	45.0	45.45	43.9	41	74.925	7cdf927a0edb2d861492e75949dce5453bb4677c29ff3488b65170d45c7da2c2	
6	stump_with_memoization	TestOp_80	FingerMovements	(true,"one_world")	false	30	332	84	(166, 166)	(42, 42)	[1680]	[()]	97.29	4.76	52.38	52.38	52.38	52.38	52.38	52.38	52.38	79	93.336	5c8af433bef0aaf61b47ee4ea5515502ea7bea43db3f6d7bc71bcd538aebc56f	81.93	-4.76	47.62	47.62	50.0	45.24	47.73	47.5	48.84	27	89.432	0061cc6ad6cf6d78e6abd0c6a17c5043724ab70b324725cf108920748642c911	93.67	4.76	52.38	52.38	52.38	52.38	52.38	52.38	52.38	69	88.307	df3a1737435577b057edef8acd09499407d1814fb9a7abee629e55492936b004	81.93	-4.76	47.62	47.62	50.0	45.24	47.73	47.5	48.84	27	86.956	0061cc6ad6cf6d78e6abd0c6a17c5043724ab70b324725cf108920748642c911	
7	stump_with_memoization	TestOp_80	FingerMovements	(true,"one_world")	false	30	332	84	(166, 166)	(42, 42)	[1680]	[()]	98.8	19.05	59.52	59.52	57.14	61.9	60.0	59.09	58.54	71	91.928	486b3a77f8f3348602addd490dce4167c331d56472d34fbf7bcb0f169baa01bd	81.93	19.05	59.52	59.52	54.76	64.29	60.53	58.7	57.5	23	89.004	a97124b5e5d7feace847b4d67dcf308955295399d4c5a5e6777ddddc4307d7df	96.08	16.67	58.33	58.33	47.62	69.05	60.61	56.86	53.33	65	93.414	2de82a1f146288a1e35abfdf3b6f529b8eb3350272dce79ab2fa6237d24bc5be	81.93	19.05	59.52	59.52	54.76	64.29	60.53	58.7	57.5	23	89.51	a97124b5e5d7feace847b4d67dcf308955295399d4c5a5e6777ddddc4307d7df	
8	stump_with_memoization	TestOp_80	FingerMovements	(true,"one_world")	false	30	332	84	(166, 166)	(42, 42)	[1680]	[()]	97.59	-2.38	48.81	48.81	47.62	50.0	48.78	48.84	48.19	73	66.493	9d7c4e1f8203aa859d86048ff2dfab17948e5ad3bf09e6e353281af8f746f3c1	86.14	4.76	52.38	52.38	50.0	54.76	52.5	52.27	51.22	35	65.268	a41fc445276d830b134b6bfae7b844983deda50fde85e8ce5b0a7b54965ea656	95.18	0.0	50.0	50.0	45.24	54.76	50.0	50.0	47.5	69	66.413	cf63abb8eaa7bbfc1e26bbacd3e652656f3b2bea9c79213cd41aee77b417f7fb	86.14	4.76	52.38	52.38	50.0	54.76	52.5	52.27	51.22	35	65.09	a41fc445276d830b134b6bfae7b844983deda50fde85e8ce5b0a7b54965ea656	
9	stump_with_memoization	TestOp_80	FingerMovements	(true,"one_world")	false	30	332	84	(166, 166)	(42, 42)	[1680]	[()]	98.49	-9.52	45.24	45.24	47.62	42.86	45.45	45.0	46.51	73	113.318	c0d1640399f9cbe810cc17c36ff88fbf9c6f77d0c5ac103def6c6b458ec15b5e	81.33	-4.76	47.62	47.62	54.76	40.48	47.92	47.22	51.11	25	110.348	cc360d1df88590b4a3cd6b6135f0308df4cbd493a1dd8a1584e9f33bcbd41fa2	96.69	-11.9	44.05	44.05	45.24	42.86	44.19	43.9	44.71	63	117.247	cdff00f4d4aef80938a2b6334e97dbb675aa80bd8848b540971e77e8dad1ea5a	81.33	-4.76	47.62	47.62	54.76	40.48	47.92	47.22	51.11	25	116.646	cc360d1df88590b4a3cd6b6135f0308df4cbd493a1dd8a1584e9f33bcbd41fa2	
1	stump_with_memoization	TestOp_80	Libras	(true,"one_world")	false	30	285	75	(19, 19, 19, 19, 19, 19, 19, 19, 19, 19, 19, 19, 19, 19, 19)	(5, 5, 5, 5, 5, 5, 5, 5, 5, 5, 5, 5, 5, 5, 5)	[120]	[()]	93.68	62.86	65.33	65.33	65.33	97.52	70.3	97.55	64.73	111	2.408	53436cf41a8a52ddae1d8e6ae8cea4159094d1408cafe2b8b0d96d1fb2335b5a	88.42	61.43	64.0	64.0	64.0	97.43	70.31	97.48	62.81	75	2.535	202f2d636ea2de833e3fb475e2bb59ce1d5ce4764509326926da979f348f537f	89.12	60.0	62.67	62.67	62.67	97.33	69.28	97.35	63.19	85	2.411	2c558dc5885d5951d511c8fdfcd67fb092a9a18de9471ac2c83557347765ece9	87.02	54.29	57.33	57.33	57.33	96.95	66.3	96.99	57.24	69	2.61	2575ae8c32b557989be63046da8b1424baeb603787f383c3d0b724a5df3ee277	
2	stump_with_memoization	TestOp_80	Libras	(true,"one_world")	false	30	285	75	(19, 19, 19, 19, 19, 19, 19, 19, 19, 19, 19, 19, 19, 19, 19)	(5, 5, 5, 5, 5, 5, 5, 5, 5, 5, 5, 5, 5, 5, 5)	[120]	[()]	92.98	57.14	60.0	60.0	60.0	97.14	64.74	97.17	59.34	109	2.37	35c7221d2a757289ae2e49cada7866494cd36dc700ddac33cd0d49a27b871235	90.18	55.71	58.67	58.67	58.67	97.05	64.24	97.07	58.44	75	2.133	14566dbe73a58105e3ffff66ad4b055ec5d6c3bc0326dd7312e7bde1109f074a	88.42	58.57	61.33	61.33	61.33	97.24	64.19	97.25	61.3	85	2.393	7c674a053534f2cba53f57164dbcfd2fc33c2270093c889503f4ed4fce632e48	88.42	57.14	60.0	60.0	60.0	97.14	62.41	97.16	60.02	69	2.337	847d0e4cf08447c48746fc941ea21f7c4dda74b44d5dd7b0c539520aaff0d7a1	
3	stump_with_memoization	TestOp_80	Libras	(true,"one_world")	false	30	285	75	(19, 19, 19, 19, 19, 19, 19, 19, 19, 19, 19, 19, 19, 19, 19)	(5, 5, 5, 5, 5, 5, 5, 5, 5, 5, 5, 5, 5, 5, 5)	[120]	[()]	95.44	55.71	58.67	58.67	58.67	97.05	NaN	97.09	56.54	101	2.414	5d047fbd1942343e968895c83824f200d5eafcbd334be750e26bb2cbd7362028	90.88	54.29	57.33	57.33	57.33	96.95	NaN	96.97	56.02	75	2.592	7afd3b1716e8ae92d962946bb46a2cd876873f93dbf6b8705b49ac269a7dbccf	87.72	50.0	53.33	53.33	53.33	96.67	57.07	96.68	53.21	81	2.711	9c1090da403500ccc55c5435ea93a24cd1061b361f3c5d8dd85a5be125693f2b	86.32	50.0	53.33	53.33	53.33	96.67	54.36	96.69	52.14	65	2.364	2a8ed0f96f4ee832af9eaad66f42cd1ba768fe93c17ea813b5d8d704e5aeee99	
4	stump_with_memoization	TestOp_80	Libras	(true,"one_world")	false	30	285	75	(19, 19, 19, 19, 19, 19, 19, 19, 19, 19, 19, 19, 19, 19, 19)	(5, 5, 5, 5, 5, 5, 5, 5, 5, 5, 5, 5, 5, 5, 5)	[120]	[()]	94.39	58.57	61.33	61.33	61.33	97.24	66.69	97.26	61.28	109	2.505	834c2895dafc01741eb43fe9b7424771185ce463a497574ce0533f23a20d704c	89.47	55.71	58.67	58.67	58.67	97.05	66.14	97.07	58.79	81	2.452	29aa58beeb70fdf590a65b1176e66af9f355e97fde04b8a5a0f047f5a49dfa93	89.47	55.71	58.67	58.67	58.67	97.05	67.34	97.06	59.81	87	2.33	c7b6e424215e5a9e186fe6653720438ba5f2085051dac64e689d503c7750fbfc	85.96	55.71	58.67	58.67	58.67	97.05	66.23	97.06	59.38	67	2.497	d1ae7e51e80ce5d3329bd6f661b3972ba99649062ad4196f5568d7a97ac7f538	
5	stump_with_memoization	TestOp_80	Libras	(true,"one_world")	false	30	285	75	(19, 19, 19, 19, 19, 19, 19, 19, 19, 19, 19, 19, 19, 19, 19)	(5, 5, 5, 5, 5, 5, 5, 5, 5, 5, 5, 5, 5, 5, 5)	[120]	[()]	93.68	60.0	62.67	62.67	62.67	97.33	65.67	97.37	61.99	119	2.45	bf19f4e5962bef8f85f8a889e4d3757b26246e2444395e4e0e06ff772b507e3f	91.23	61.43	64.0	64.0	64.0	97.43	66.4	97.46	63.05	87	2.436	87056f98878391165aaeb96c039e8d975ead887e2091bc8c084529c2a22a57b0	86.32	60.0	62.67	62.67	62.67	97.33	65.48	97.37	61.27	89	2.279	ce0a20d0846a1455fd7efe7e6e915caa35cb7493f6068861fb54da75ae7420db	85.61	60.0	62.67	62.67	62.67	97.33	65.48	97.37	61.27	75	2.484	e79a2ce1ed817fb090a940b7db9cc71c5dfa759b0176bfd6f78cd9f616d37da2	
6	stump_with_memoization	TestOp_80	Libras	(true,"one_world")	false	30	285	75	(19, 19, 19, 19, 19, 19, 19, 19, 19, 19, 19, 19, 19, 19, 19)	(5, 5, 5, 5, 5, 5, 5, 5, 5, 5, 5, 5, 5, 5, 5)	[120]	[()]	93.68	62.86	65.33	65.33	65.33	97.52	66.75	97.56	64.31	109	2.109	5f57e36e1f71ba73e3ff821a253419930a778d19f8b4ae1f38906715010ce553	89.82	62.86	65.33	65.33	65.33	97.52	69.7	97.57	64.55	79	2.099	bc5fdbd52b1b6bf52edcd53af261f6db9239286ac1b3881b45596edc0d03efce	87.37	61.43	64.0	64.0	64.0	97.43	68.64	97.49	61.91	83	1.931	03bf791895369ba4656f19887315c4192efa71cb6583e0742d872fe07e80ccf3	84.56	58.57	61.33	61.33	61.33	97.24	66.03	97.29	59.76	65	2.102	3012235b53af000a38937c98ed3eee563ce7e2221ac5359d5671a069392a4cba	
7	stump_with_memoization	TestOp_80	Libras	(true,"one_world")	false	30	285	75	(19, 19, 19, 19, 19, 19, 19, 19, 19, 19, 19, 19, 19, 19, 19)	(5, 5, 5, 5, 5, 5, 5, 5, 5, 5, 5, 5, 5, 5, 5)	[120]	[()]	94.39	52.86	56.0	56.0	56.0	96.86	59.85	96.92	54.07	111	2.306	a5e10a93e1878d7098020179f6a8607c3c7792dbf749fea98766ad8c7f38e6b0	90.18	48.57	52.0	52.0	52.0	96.57	53.3	96.61	50.19	83	2.311	38863ef025f6168105f0a3f3b5a068ab8fded7357e2f3677b546fc8deee84b74	87.02	47.14	50.67	50.67	50.67	96.48	50.89	96.51	49.1	89	2.143	6b2031fe968f4d7b96c0ba58838e62c61f2ad564682c4df45d4a1f9ebe34283a	86.32	47.14	50.67	50.67	50.67	96.48	50.89	96.51	49.1	73	2.313	edc6fa2561c7303acc518bc082a3b9857b28c72dc479988cc6c97c191604d318	
8	stump_with_memoization	TestOp_80	Libras	(true,"one_world")	false	30	285	75	(19, 19, 19, 19, 19, 19, 19, 19, 19, 19, 19, 19, 19, 19, 19)	(5, 5, 5, 5, 5, 5, 5, 5, 5, 5, 5, 5, 5, 5, 5)	[120]	[()]	92.63	60.0	62.67	62.67	62.67	97.33	71.38	97.36	62.02	115	2.581	abdeae3c6af47fd7934ebe2f225de1a41a28d5613dfbd4995c071a80601cf90c	90.53	62.86	65.33	65.33	65.33	97.52	70.71	97.54	64.86	83	2.538	afadcffef9f1a58f64e951e6799ab90b6e2576cf20f4248222f6bfa1decae884	86.67	61.43	64.0	64.0	64.0	97.43	NaN	97.46	61.96	87	2.421	0f0dc75b68ba9b90c5a785668691e5f6a0b2a7d3ebfdffdfd315cd0f13e93f4d	86.67	62.86	65.33	65.33	65.33	97.52	NaN	97.56	62.73	75	2.58	8c03c01011f29788e27aa7053425388a0f2c64b69c64672b5e67896d76f4e1bf	
9	stump_with_memoization	TestOp_80	Libras	(true,"one_world")	false	30	285	75	(19, 19, 19, 19, 19, 19, 19, 19, 19, 19, 19, 19, 19, 19, 19)	(5, 5, 5, 5, 5, 5, 5, 5, 5, 5, 5, 5, 5, 5, 5)	[120]	[()]	91.93	52.86	56.0	56.0	56.0	96.86	62.7	96.88	56.38	107	2.073	27e364dd6d5625f679e6a025120da240f692b6f749bd39504cf0ee9901200cc3	90.53	57.14	60.0	60.0	60.0	97.14	66.8	97.16	60.71	73	2.08	3a01c2bf63d4d54bec0ef6c80dcfa8a5535734b5f8069611a1d6545911c8b128	88.07	50.0	53.33	53.33	53.33	96.67	60.51	96.69	53.06	89	1.898	4956e59d9279257aa474e8344c2b6abd484f78877500369c5790039cc5ab1d7b	87.02	51.43	54.67	54.67	54.67	96.76	61.39	96.78	55.13	63	2.065	66fe59f754b8499dd16c71b450235ded46b9ff6f8e38d441408a70ef94b8b569	
1	stump_with_memoization	TestOp_80	LSST	(true,"one_world")	false	30	3934	991	(197, 432, 610, 100, 11, 55, 244, 37, 500, 108, 192, 1243, 123, 82)	(50, 108, 153, 25, 3, 14, 62, 10, 126, 28, 49, 311, 31, 21)	[360]	[()]	93.37	23.39	35.92	25.48	25.48	94.53	28.58	94.52	26.61	1565	2902.046	ac898f9075e4bcd011f101bfb3314773cf711574396952cf4edcf2d276058f38	88.08	23.77	37.13	25.65	25.65	94.53	27.59	94.58	26.36	1125	2912.134	dc714b1a60dc5057d1e9be4eb0da9a38646e678e1330389a27adebb98110afcf	83.99	22.81	35.72	24.64	24.64	94.48	25.87	94.49	25.12	1145	2867.97	f07d46f97feeb313fe8b17ae34ca172b1fed728da76a0be5c6de00b754bba8d6	81.72	24.51	37.84	25.43	25.43	94.59	26.34	94.64	25.7	893	2919.587	3b31b8921090f96622191f9022be2f89489cb95ab3703e154de851ab276380de	
2	stump_with_memoization	TestOp_80	LSST	(true,"one_world")	false	30	3934	991	(197, 432, 610, 100, 11, 55, 244, 37, 500, 108, 192, 1243, 123, 82)	(50, 108, 153, 25, 3, 14, 62, 10, 126, 28, 49, 311, 31, 21)	[360]	[()]	92.53	23.96	36.13	23.19	23.19	94.6	24.33	94.59	23.64	1547	2967.139	92ae51608f2d23d13dfae0c111b21b642040694784e60f6a46cd3a5035f69e76	88.26	24.43	37.03	23.7	23.7	94.62	NaN	94.63	23.76	1111	2952.129	17906756fe103b5fadcb85df8bb5398adb19c40734d4a0321075cdf1a8de4764	83.93	24.38	36.63	26.15	26.15	94.61	27.57	94.6	26.71	1113	2941.864	11bd5a73fe498b52f12bbe5f5f94f5484b1628834b9eb38b0d33cadedf485b57	82.31	24.3	36.83	26.03	26.03	94.6	27.22	94.61	26.48	883	2961.002	c8880ed3caf80ed727a34c4198939e3880ad0f6660a657fb621a118091b61c02	
3	stump_with_memoization	TestOp_80	LSST	(true,"one_world")	false	30	3934	991	(197, 432, 610, 100, 11, 55, 244, 37, 500, 108, 192, 1243, 123, 82)	(50, 108, 153, 25, 3, 14, 62, 10, 126, 28, 49, 311, 31, 21)	[360]	[()]	92.55	24.93	37.03	26.6	26.6	94.65	28.12	94.65	27.04	1519	3079.999	10ab8e31fa5d57c1c478b9a4c8d99a84de1879b7eebb13434b87ca7bbd76d5ec	87.29	27.4	39.96	27.36	27.36	94.81	28.36	94.85	27.61	1069	3069.805	1c74455d5d7147203a364ce61afcc35201525bd83c1cdc7a8562a00121598282	84.11	24.73	36.83	26.48	26.48	94.62	28.3	94.62	26.8	1101	3160.612	15068d723826dcb01ccc7bb2f3e2963ee4bfed07ddc4e3b1460b3e2f16fffea7	81.7	27.31	39.66	27.3	27.3	94.79	28.33	94.82	27.37	853	3081.216	ac301f3c2b64905fea8105c262439181b8478df6401a175de70d1b863af14e55	
4	stump_with_memoization	TestOp_80	LSST	(true,"one_world")	false	30	3934	991	(197, 432, 610, 100, 11, 55, 244, 37, 500, 108, 192, 1243, 123, 82)	(50, 108, 153, 25, 3, 14, 62, 10, 126, 28, 49, 311, 31, 21)	[360]	[()]	93.01	24.89	37.44	28.91	28.91	94.62	28.64	94.63	28.52	1565	3232.565	975ceb73eb5581b8ac9fce36c5afb4d53c29a2331b67c1e34a319a5a115f34d3	88.03	26.62	39.76	29.2	29.2	94.73	32.8	94.8	30.38	1085	3291.285	3ce8b63bf1857589d1488549b8c57b2fac99999986e96d1aa359d53307debf0e	84.98	22.31	35.82	28.16	28.16	94.4	26.09	94.42	26.09	1133	3273.601	938cdcae897028aada3a1a213f61d948a6f94af6ac23cedeb350c37bf17a5ab7	82.33	24.53	38.14	28.52	28.52	94.56	29.42	94.61	28.5	865	3356.715	b9e1c91723c46bfb29fd491c17f4c4fe78b66b5daeebcbc2bd46816836b2e81a	
5	stump_with_memoization	TestOp_80	LSST	(true,"one_world")	false	30	3934	991	(197, 432, 610, 100, 11, 55, 244, 37, 500, 108, 192, 1243, 123, 82)	(50, 108, 153, 25, 3, 14, 62, 10, 126, 28, 49, 311, 31, 21)	[360]	[()]	93.04	20.62	33.1	23.37	23.37	94.32	25.23	94.3	23.95	1549	3340.822	9f33d0d3ef06233bc127544b53677ce14c208eeeddf10640c1da1d9538fa067a	88.46	22.32	35.32	23.36	23.36	94.44	25.44	94.45	24.2	1101	3239.928	27fe0566ce806ed98b186772c0db94c6afa1abd5783beeb05d73646abbc00cea	85.03	20.78	33.8	22.24	22.24	94.33	23.96	94.33	22.84	1129	3045.982	5f0b7072575085d8beac25a2a0f6dde768b810acb087ebc4f4ebfe5966be9ed7	82.87	21.68	34.91	22.68	22.68	94.39	24.31	94.4	23.24	891	3029.22	2d8af2935663f5aed56b6840874bbba709b73c4d062013d0e50588d94fb3b937	
6	stump_with_memoization	TestOp_80	LSST	(true,"one_world")	false	30	3934	991	(197, 432, 610, 100, 11, 55, 244, 37, 500, 108, 192, 1243, 123, 82)	(50, 108, 153, 25, 3, 14, 62, 10, 126, 28, 49, 311, 31, 21)	[360]	[()]	93.14	22.51	35.02	24.3	24.3	94.44	24.41	94.45	24.07	1571	3124.115	9e41b9d5d745f678a1c7a25acbfd05645fd96a631e78c1550381b3d9122867cf	88.38	24.56	37.44	24.54	24.54	94.59	24.97	94.61	24.56	1109	3087.804	d992c327667d707c78cb4795396828427457836d4f45178965f580259da6b70f	84.42	23.73	36.23	23.89	23.89	94.54	23.68	94.55	23.61	1139	3097.997	4b87398de59c3aefb0e0913d437f2ef3b4e470b43819a3a831d3a661964d90d8	82.59	24.01	37.03	22.64	22.64	94.56	22.54	94.59	22.47	893	3065.806	a6ef0aa24f48764d0458610303207bbba263b3a5d30f54c6b45202912af2a51f	
7	stump_with_memoization	TestOp_80	LSST	(true,"one_world")	false	30	3934	991	(197, 432, 610, 100, 11, 55, 244, 37, 500, 108, 192, 1243, 123, 82)	(50, 108, 153, 25, 3, 14, 62, 10, 126, 28, 49, 311, 31, 21)	[360]	[()]	93.06	23.9	36.02	25.89	25.89	94.58	31.49	94.57	27.38	1581	2769.689	55918cc97e4a9daac43ea825124a0fa155dbcd499ea25682dc534ddea83b3f8c	87.75	23.96	36.73	25.92	25.92	94.57	30.58	94.58	27.02	1137	2743.48	3519424f491a396ea731e76e5f803803082e5c23108dadd3a6d2fdf690876d44	83.76	23.19	35.82	26.38	26.38	94.51	31.6	94.51	27.72	1127	2697.135	5525fd70296eb60b8710a6f3c164cd8e2272bfc42b087f2ad88c38c96b5f035d	81.39	24.18	36.93	27.65	27.65	94.57	32.54	94.58	28.8	893	2620.426	74b87d4da7a95b2074287984affa3c28a5657ce44e0c2558948da0b8c40a15e3	
8	stump_with_memoization	TestOp_80	LSST	(true,"one_world")	false	30	3934	991	(197, 432, 610, 100, 11, 55, 244, 37, 500, 108, 192, 1243, 123, 82)	(50, 108, 153, 25, 3, 14, 62, 10, 126, 28, 49, 311, 31, 21)	[360]	[()]	93.24	26.01	37.84	25.52	25.52	94.7	25.33	94.7	25.34	1545	2788.881	f5662df0a5ce5af0255319a4f67a27832685b63dd72e09b608ec6b6966e31bc4	87.93	27.41	39.66	26.24	26.24	94.79	25.69	94.81	25.88	1105	2744.53	05de43bccd5801c86e59a10da134ade047305b251c9e8162b49e7b2a7a415fac	84.09	27.6	38.95	30.21	30.21	94.82	29.36	94.81	29.73	1143	2770.55	acb54cd9dd44324d0d2dc4274d5952907768e46596b53d88be2fefa472d07117	82.16	27.54	39.25	29.47	29.47	94.81	28.89	94.82	29.05	899	2793.775	73cf7e9f3cf6325ab34eeca35f2d31d8be31267c50a78aca9730cd3b4ef3cca4	
9	stump_with_memoization	TestOp_80	LSST	(true,"one_world")	false	30	3934	991	(197, 432, 610, 100, 11, 55, 244, 37, 500, 108, 192, 1243, 123, 82)	(50, 108, 153, 25, 3, 14, 62, 10, 126, 28, 49, 311, 31, 21)	[360]	[()]	92.81	25.51	37.24	27.23	27.23	94.69	28.53	94.67	27.11	1531	2955.538	1997dfa9d33ef054c293db46cbed2cabe971d068315692b0755c92eb8a1bfac4	87.21	26.46	38.75	27.61	27.61	94.75	30.32	94.76	28.28	1073	2914.169	c1742a0109f8973c1f7ed606764a82c7fa189451c7d7072043db61c819a4c6ed	84.11	23.44	35.72	30.13	30.13	94.53	28.65	94.52	26.88	1129	2952.709	28a632d79563fced76a55a5740097aaff4000064a3d29fa83d94dd16db52930c	82.13	25.23	37.64	26.71	26.71	94.67	29.31	94.68	26.97	889	2964.861	3e95983eba0da9890eb7a6590231d18536171003b6afe7a80ab0279d0a327742	
1	stump_with_memoization	TestOp_80	NATOPS	(true,"one_world")	false	30	288	72	(48, 48, 48, 48, 48, 48)	(12, 12, 12, 12, 12, 12)	[1440]	[()]	96.88	70.0	75.0	75.0	75.0	95.0	77.78	94.95	75.95	35	33.982	615d2a72b4a5f66553518015e8807efda196142d370de70b7329480e128d8864	93.75	71.67	76.39	76.39	76.39	95.28	79.29	95.26	77.18	23	32.698	d5bea0db7e879d242f1a5af29698bccf663ebbc51804096ab5263dad31dd1c05	96.18	70.0	75.0	75.0	75.0	95.0	77.78	94.95	75.95	33	33.108	5ba7e717c3a514271166acbaeea782dbf92e736ac33dd7a13172064873afeb71	93.75	71.67	76.39	76.39	76.39	95.28	79.29	95.26	77.18	23	32.7	d5bea0db7e879d242f1a5af29698bccf663ebbc51804096ab5263dad31dd1c05	
2	stump_with_memoization	TestOp_80	NATOPS	(true,"one_world")	false	30	288	72	(48, 48, 48, 48, 48, 48)	(12, 12, 12, 12, 12, 12)	[1440]	[()]	98.26	85.0	87.5	87.5	87.5	97.5	87.66	97.53	87.36	35	36.888	41032c1e09889db802b085eb31dfb881a76c71491d9d36dab70dc2781a5f6115	90.28	75.0	79.17	79.17	79.17	95.83	79.57	95.89	78.88	19	33.535	b6e1b376f04db9722bd8ab17eb85c34a3d73f08b1e04165ac5ba4147c189f830	96.53	78.33	81.94	81.94	81.94	96.39	81.95	96.4	81.86	37	36.128	ecdd6448c24bf65812472349a5ee0c6501102beb3c8029af8ec190f6f861d7f8	90.97	73.33	77.78	77.78	77.78	95.56	78.5	95.67	77.12	19	33.444	a6851d4460c3465fa40a8939547f2f5190a5d97f0e6174486d0e6bbdd034bd3a	
3	stump_with_memoization	TestOp_80	NATOPS	(true,"one_world")	false	30	288	72	(48, 48, 48, 48, 48, 48)	(12, 12, 12, 12, 12, 12)	[1440]	[()]	96.53	70.0	75.0	75.0	75.0	95.0	76.24	95.05	74.89	35	30.155	e8302d239d96dd5d3cbf63559608021385abb57aff28dfa331f1267184b75fb2	93.4	68.33	73.61	73.61	73.61	94.72	74.7	94.76	73.52	25	29.834	db3702f9dafd604cb2ce357994909779b00745b85ceb9b9ab74db55f2b272ead	94.44	71.67	76.39	76.39	76.39	95.28	76.15	95.35	75.86	29	30.12	51b11333e27a4364750b7149dcdbce6bcbf3f61a8808bf9201c20c53ae6cafab	92.36	70.0	75.0	75.0	75.0	95.0	74.96	95.09	74.21	23	29.733	037a2835dd85a6f625b2139f2b754ec9d54e56cdb0234df994b0ec19cf5f64cb	
4	stump_with_memoization	TestOp_80	NATOPS	(true,"one_world")	false	30	288	72	(48, 48, 48, 48, 48, 48)	(12, 12, 12, 12, 12, 12)	[1440]	[()]	97.57	76.67	80.56	80.56	80.56	96.11	81.59	96.21	80.1	39	34.005	6afb7f51ae4a26bfa4ec4f60919a4f25231dd88d48448cd0b567e93889c3805c	92.01	75.0	79.17	79.17	79.17	95.83	80.64	95.96	78.66	21	32.598	32158a2b1a9d9118a110a9090675ff845a6d837a8910824c976a034a66a41ab4	96.88	76.67	80.56	80.56	80.56	96.11	81.59	96.21	80.1	35	33.953	c3c6103ee8c91e9e1d68fd2bd78d4b29419e1442a4ca4e32eea7491e8ebdcc6d	92.01	75.0	79.17	79.17	79.17	95.83	80.64	95.96	78.66	21	32.645	32158a2b1a9d9118a110a9090675ff845a6d837a8910824c976a034a66a41ab4	
5	stump_with_memoization	TestOp_80	NATOPS	(true,"one_world")	false	30	288	72	(48, 48, 48, 48, 48, 48)	(12, 12, 12, 12, 12, 12)	[1440]	[()]	98.26	76.67	80.56	80.56	80.56	96.11	81.85	96.1	80.96	43	33.057	c33f8bb41e1f719006b3d2c97f05971765ae464117422d62cd9f6959fe3bf7da	90.62	73.33	77.78	77.78	77.78	95.56	79.24	95.59	77.85	19	30.892	6f6f0b28593eec6151c83b6660e7308e6097c5130ecdd9d359908696bae86242	97.22	75.0	79.17	79.17	79.17	95.83	81.19	95.84	79.65	41	32.222	492907367df5cebab16acd0ed20a66d992dc9d201b19c0f33323f84e233f4ca2	90.62	73.33	77.78	77.78	77.78	95.56	79.24	95.59	77.85	19	31.186	6f6f0b28593eec6151c83b6660e7308e6097c5130ecdd9d359908696bae86242	
6	stump_with_memoization	TestOp_80	NATOPS	(true,"one_world")	false	30	288	72	(48, 48, 48, 48, 48, 48)	(12, 12, 12, 12, 12, 12)	[1440]	[()]	97.22	65.0	70.83	70.83	70.83	94.17	71.24	94.2	70.61	45	34.399	1f996f4fd4a11bd0b372f9cd03e000a293756d9ee560a50115288f49c7f3f46a	92.71	65.0	70.83	70.83	70.83	94.17	71.87	94.19	70.9	25	32.925	0a0d0930874a752b2ab0d8f5cb56b1c0936f7e5b7162ebd80f3d30a40259eae4	97.22	65.0	70.83	70.83	70.83	94.17	71.22	94.2	70.62	39	34.238	20adfd7a4e33b07c4ceacb1b0e41950732c7bbd38942543b89c33a48398e2262	92.71	65.0	70.83	70.83	70.83	94.17	71.87	94.19	70.9	25	33.097	0a0d0930874a752b2ab0d8f5cb56b1c0936f7e5b7162ebd80f3d30a40259eae4	
7	stump_with_memoization	TestOp_80	NATOPS	(true,"one_world")	false	30	288	72	(48, 48, 48, 48, 48, 48)	(12, 12, 12, 12, 12, 12)	[1440]	[()]	98.26	81.67	84.72	84.72	84.72	96.94	84.74	96.99	84.39	37	35.539	541e93021627e82ae7329d7511a5fab5d160908c3fa5e27497d754db9585e432	89.93	71.67	76.39	76.39	76.39	95.28	76.86	95.45	74.93	21	33.496	08f10daf479b3c55e012128cd75d4b871cb29a125f207fb6583431bcf2d34357	96.53	75.0	79.17	79.17	79.17	95.83	78.62	95.87	78.8	37	36.329	48ffa43be8d53a682b186b3f04a851e26bf1e2a972c0fe242d8d1298195d7bdb	93.06	68.33	73.61	73.61	73.61	94.72	72.89	94.77	73.11	27	35.261	e611326935e41dc6df1e8d4d8a916378d7d2e237e27be439475fd93f58f1efc9	
8	stump_with_memoization	TestOp_80	NATOPS	(true,"one_world")	false	30	288	72	(48, 48, 48, 48, 48, 48)	(12, 12, 12, 12, 12, 12)	[1440]	[()]	97.22	71.67	76.39	76.39	76.39	95.28	77.62	95.34	76.22	45	33.94	901e1b08ca343b2fc103947c518a5ba913e51a3400663977d63f5840c0c78138	93.75	70.0	75.0	75.0	75.0	95.0	76.4	95.15	74.38	23	33.101	35140d2a3edb8171678ba4a5cd37f60c92cf95d99b9c56fd2992156dfae53a31	96.53	73.33	77.78	77.78	77.78	95.56	78.9	95.62	77.55	39	33.606	fd070ec6ebebfec1593ae895eeee27802be48f0da882f05bd025dead74f2fd18	93.75	70.0	75.0	75.0	75.0	95.0	76.4	95.15	74.38	23	32.965	35140d2a3edb8171678ba4a5cd37f60c92cf95d99b9c56fd2992156dfae53a31	
9	stump_with_memoization	TestOp_80	NATOPS	(true,"one_world")	false	30	288	72	(48, 48, 48, 48, 48, 48)	(12, 12, 12, 12, 12, 12)	[1440]	[()]	97.22	71.67	76.39	76.39	76.39	95.28	76.73	95.41	75.43	43	34.42	df7be354fe06bbaa0d037b686bbd0d5c9ba2ade3c29fa7a48a88dac7d7a37bbb	89.24	75.0	79.17	79.17	79.17	95.83	78.66	95.9	78.59	19	32.123	901a14cde1aaeb28f45c8beda98d5555d08cf01cd60a02567df59ae353e34c87	96.18	70.0	75.0	75.0	75.0	95.0	76.9	95.1	74.62	37	34.436	91220fb05b247f693f7fc5c8b23e1b509e550749a1c1b47ee98e01ee51973523	88.54	73.33	77.78	77.78	77.78	95.56	78.56	95.59	77.72	17	32.159	20499410ff0ea9b194250695aec0204c957bc5b4f5d2d948e5d56de50436cc76	
1	stump_with_memoization	TestOp_80	RacketSports	(true,"one_world")	false	30	241	62	(68, 63, 54, 56)	(18, 16, 14, 14)	[360]	[()]	97.1	45.65	59.68	59.3	59.3	86.3	59.82	86.69	58.38	49	7.922	0a422996543fd911a1997b57018be2899d8306e27db8a3a0e11b351a045c345b	87.55	50.45	62.9	63.22	63.22	87.6	61.94	88.03	61.36	27	7.035	7d91f50482d0516cbcb40652200aa2223a94000d813e3b29f12e765e9a76e5b0	93.78	50.04	62.9	63.0	63.0	87.34	65.55	87.64	62.56	35	7.876	980a54d6edc00e9676fb2aafb560a734ca562e8e6f5c4f951fc4051d5f765de8	84.65	50.31	62.9	63.22	63.22	87.51	64.17	87.99	61.58	21	7.012	1989272fa9ffdabeee5563eda004ea766c28ee14f82945f63b49172e9f519de9	
2	stump_with_memoization	TestOp_80	RacketSports	(true,"one_world")	false	30	241	62	(68, 63, 54, 56)	(18, 16, 14, 14)	[360]	[()]	97.93	52.7	64.52	66.29	66.29	88.05	64.79	88.16	65.32	51	7.632	1a6e4f7306984f071db731ab0c4210bc8173353adb19d8b1d28efbb5f90be00c	92.95	52.61	64.52	66.29	66.29	87.98	65.67	88.01	65.9	35	7.536	c64485dd0465fd531e5346c29d6dee447aa551b1661cedbc20a306502e72276f	91.7	46.03	59.68	61.33	61.33	86.3	61.54	86.3	61.38	41	7.576	058a1c824051695a7fe7bac3c7f80e10b3249d3ca16e9a759a82890c1758e3a0	90.04	54.7	66.13	67.86	67.86	88.48	67.82	88.49	67.76	29	7.53	33c31b1af44703217bcdf676d250b63feb175978dedb6b21316cbff81b3eb30b	
3	stump_with_memoization	TestOp_80	RacketSports	(true,"one_world")	false	30	241	62	(68, 63, 54, 56)	(18, 16, 14, 14)	[360]	[()]	97.1	56.85	67.74	68.23	68.23	89.16	68.68	89.2	68.16	43	7.109	a9f17df1d59657d9bcc19fd31972fa993254bdba13676694a118993ee3f88f27	93.36	52.47	64.52	65.1	65.1	88.03	65.47	88.17	64.83	33	6.636	1face8f4343ecafe92e3fcdb2963df65f33e94e1fc4ad4391f07b3cfa41ce11f	93.36	52.44	64.52	65.45	65.45	87.96	66.77	87.91	66.01	33	6.816	61106c0b82d98473ab7d7f869aa6b5bc6d5f2d6db44b8feee18d83278950386e	93.36	52.44	64.52	65.45	65.45	87.96	66.77	87.91	66.01	33	6.842	61106c0b82d98473ab7d7f869aa6b5bc6d5f2d6db44b8feee18d83278950386e	
4	stump_with_memoization	TestOp_80	RacketSports	(true,"one_world")	false	30	241	62	(68, 63, 54, 56)	(18, 16, 14, 14)	[360]	[()]	96.68	58.93	69.35	70.19	70.19	89.59	72.92	89.6	70.82	45	5.953	6f86916921f3717ead8e081341f18729f3549d0cc7f8848167da2d186eb0e5d6	88.38	63.28	72.58	73.54	73.54	90.68	76.44	90.62	74.49	27	5.698	a9fd9664321e10a5771fdb6f5c5cfdfab59fffd7d8bf2206ca0f1495292ddc76	92.95	50.45	62.9	64.63	64.63	87.44	66.89	87.48	64.91	33	5.937	826f69ed6b8724b5920d6deb86226ec797372ebb61e034e08cd5ee21c49b3f1f	86.72	61.2	70.97	72.2	72.2	90.18	72.54	90.14	72.27	23	5.7	28f6abd85e3e21f0d545c917b7e347816673e44f2ea9a50ccce4fb0c2736d5c0	
5	stump_with_memoization	TestOp_80	RacketSports	(true,"one_world")	false	30	241	62	(68, 63, 54, 56)	(18, 16, 14, 14)	[360]	[()]	97.1	52.47	64.52	65.8	65.8	87.94	68.1	88.05	66.07	47	6.466	23db13200918c987ee85730b56eaa9310d2c20f1c54756f1717bb14782b119a1	88.38	63.38	72.58	73.88	73.88	90.73	73.26	90.87	73.27	25	6.262	2e37d12ea2ed96759b441487366fc72c33e86f21fe353d97df28d3b7b121123a	93.78	61.2	70.97	72.1	72.1	90.18	73.57	90.41	71.86	39	6.439	4ba6fd398bf0851086cc0a9844a4bb34962290c8010c1c5ca74880f5f745da93	87.97	67.69	75.81	77.06	77.06	91.81	76.85	91.92	76.63	25	6.218	29dd2427e396f0a246f98d51557cde7133f24d58672fe084274cd33e9ca9d556	
6	stump_with_memoization	TestOp_80	RacketSports	(true,"one_world")	false	30	241	62	(68, 63, 54, 56)	(18, 16, 14, 14)	[360]	[()]	97.93	46.22	59.68	61.61	61.61	86.39	58.54	86.86	59.02	47	7.639	a6db599bd893a8afc0c2eb377c59f9946c5d62e8bd709eb5f6707c5c5da4a6f3	83.4	46.51	59.68	61.9	61.9	86.54	63.44	86.92	60.68	19	6.769	3fd492de15563c2657156d0f05700f90119a2e52a6f4c3171492cf6cce750108	93.78	52.67	64.52	66.34	66.34	88.02	66.33	88.43	64.73	37	7.56	9d55ff3389515bf5b5aa1e572d52af6bce70e2355cec5eb9f57a2aedb3f1980d	82.57	46.51	59.68	61.9	61.9	86.54	63.44	86.92	60.68	17	6.757	21731fa7c73df704dc63bd21fa6fda1bec390637bac0e9dca5ff781653d3ef91	
7	stump_with_memoization	TestOp_80	RacketSports	(true,"one_world")	false	30	241	62	(68, 63, 54, 56)	(18, 16, 14, 14)	[360]	[()]	97.1	59.27	69.35	71.38	71.38	89.73	68.88	89.99	69.5	51	7.092	b30dc30eb75008ae6eef008ff86c4a07bcdd28994b32d761f3e3c5f9efbac4ce	90.46	63.5	72.58	74.16	74.16	90.82	72.39	90.98	72.79	29	6.355	9580b59746703c1dbafbe7abe44c6a73602cb1b2739c4ec9efcd17ab9afb8f20	94.61	50.55	62.9	64.91	64.91	87.48	62.5	87.7	63.43	43	7.105	08c1f792d22be48808097b100d188b6f7afb57c71e35c36eee5f9e3852a38c37	89.63	61.33	70.97	72.37	72.37	90.28	70.83	90.38	71.28	27	6.281	8a6d397276e45684ecb3e4c4cc6231cee7a34860c27013582cc3b91e050626bf	
8	stump_with_memoization	TestOp_80	RacketSports	(true,"one_world")	false	30	241	62	(68, 63, 54, 56)	(18, 16, 14, 14)	[360]	[()]	97.1	63.38	72.58	74.11	74.11	90.7	73.74	90.83	73.54	43	6.781	3786b7c785768088bceae4063566b121f6e85de72f61f1c6e8ec9d2483fac266	91.7	61.2	70.97	72.37	72.37	90.16	72.02	90.24	71.89	29	6.559	59f8a60da8a56453a9b3bfe65719e965b9d34497a244a052f4aecb7cda9ff207	92.12	56.94	67.74	69.37	69.37	89.1	69.88	89.3	68.75	37	6.683	3ae6938fbfe171157d037754c90252f72ab5c140610b894d608b71aa7461d92f	90.87	61.2	70.97	72.2	72.2	90.18	71.62	90.29	71.62	27	6.496	345aaf8b7698b524a9b6c7595c5746db528af14666ad483bf67223ed222c0a9b	
9	stump_with_memoization	TestOp_80	RacketSports	(true,"one_world")	false	30	241	62	(68, 63, 54, 56)	(18, 16, 14, 14)	[360]	[()]	97.93	56.82	67.74	68.68	68.68	89.09	70.79	89.47	68.04	47	6.997	ac3892e99605c6fbf3116e454d838f4a00b78ca9bd71ea2f36c94d10955a6a0f	84.65	39.43	54.84	56.7	56.7	84.59	54.47	85.26	53.65	21	6.265	bfda9b94608d313ad4ee3c5cf8d44ace43ef04e1cc70b1a3b4f623b1d1f39c5c	92.53	56.79	67.74	68.68	68.68	89.07	67.8	89.34	67.75	43	6.864	d31e8658030fd05a366c79b71e206b763b9f95f8c82a603e22d01e0e970fb417	82.99	39.43	54.84	56.7	56.7	84.59	53.69	85.22	53.58	19	6.102	093f06e462b6aa0e8f69eec4c2f58e9be4d59640779ddb186c45a58ba46e6e5c	
