Dataseed	fbtype	exec_max_sample_rate	exec_ignore_low_sr_samples	use_training_form	exec_n_ver_n_task_use_aug_dataset_dir_preprocess	nbands	dataset_kwargs	use_full_mfcc	test_operators	ontology	# insts (TRAIN)	# insts (TEST)	n_features	channel_size	T(entropy,2,0.01,0.4)train_accuracy	T(entropy,2,0.01,0.4)K	T(entropy,2,0.01,0.4)accuracy	T(entropy,2,0.01,0.4)macro_sensitivity	T(entropy,2,0.01,0.4)safe_macro_sensitivity	T(entropy,2,0.01,0.4)safe_macro_specificity	T(entropy,2,0.01,0.4)safe_macro_PPV	T(entropy,2,0.01,0.4)safe_macro_NPV	T(entropy,2,0.01,0.4)safe_macro_F1	T(entropy,2,0.01,0.4)n_nodes	T(entropy,2,0.01,0.4)t	T(entropy,2,0.01,0.4)hash	T(entropy,2,0.01,0.5)train_accuracy	T(entropy,2,0.01,0.5)K	T(entropy,2,0.01,0.5)accuracy	T(entropy,2,0.01,0.5)macro_sensitivity	T(entropy,2,0.01,0.5)safe_macro_sensitivity	T(entropy,2,0.01,0.5)safe_macro_specificity	T(entropy,2,0.01,0.5)safe_macro_PPV	T(entropy,2,0.01,0.5)safe_macro_NPV	T(entropy,2,0.01,0.5)safe_macro_F1	T(entropy,2,0.01,0.5)n_nodes	T(entropy,2,0.01,0.5)t	T(entropy,2,0.01,0.5)hash	T(entropy,2,0.01,0.6)train_accuracy	T(entropy,2,0.01,0.6)K	T(entropy,2,0.01,0.6)accuracy	T(entropy,2,0.01,0.6)macro_sensitivity	T(entropy,2,0.01,0.6)safe_macro_sensitivity	T(entropy,2,0.01,0.6)safe_macro_specificity	T(entropy,2,0.01,0.6)safe_macro_PPV	T(entropy,2,0.01,0.6)safe_macro_NPV	T(entropy,2,0.01,0.6)safe_macro_F1	T(entropy,2,0.01,0.6)n_nodes	T(entropy,2,0.01,0.6)t	T(entropy,2,0.01,0.6)hash	T(entropy,4,0.01,0.4)train_accuracy	T(entropy,4,0.01,0.4)K	T(entropy,4,0.01,0.4)accuracy	T(entropy,4,0.01,0.4)macro_sensitivity	T(entropy,4,0.01,0.4)safe_macro_sensitivity	T(entropy,4,0.01,0.4)safe_macro_specificity	T(entropy,4,0.01,0.4)safe_macro_PPV	T(entropy,4,0.01,0.4)safe_macro_NPV	T(entropy,4,0.01,0.4)safe_macro_F1	T(entropy,4,0.01,0.4)n_nodes	T(entropy,4,0.01,0.4)t	T(entropy,4,0.01,0.4)hash	T(entropy,4,0.01,0.5)train_accuracy	T(entropy,4,0.01,0.5)K	T(entropy,4,0.01,0.5)accuracy	T(entropy,4,0.01,0.5)macro_sensitivity	T(entropy,4,0.01,0.5)safe_macro_sensitivity	T(entropy,4,0.01,0.5)safe_macro_specificity	T(entropy,4,0.01,0.5)safe_macro_PPV	T(entropy,4,0.01,0.5)safe_macro_NPV	T(entropy,4,0.01,0.5)safe_macro_F1	T(entropy,4,0.01,0.5)n_nodes	T(entropy,4,0.01,0.5)t	T(entropy,4,0.01,0.5)hash	T(entropy,4,0.01,0.6)train_accuracy	T(entropy,4,0.01,0.6)K	T(entropy,4,0.01,0.6)accuracy	T(entropy,4,0.01,0.6)macro_sensitivity	T(entropy,4,0.01,0.6)safe_macro_sensitivity	T(entropy,4,0.01,0.6)safe_macro_specificity	T(entropy,4,0.01,0.6)safe_macro_PPV	T(entropy,4,0.01,0.6)safe_macro_NPV	T(entropy,4,0.01,0.6)safe_macro_F1	T(entropy,4,0.01,0.6)n_nodes	T(entropy,4,0.01,0.6)t	T(entropy,4,0.01,0.6)hash	RF(0.7,51,half,all)train_accuracy	RF(0.7,51,half,all)K	RF(0.7,51,half,all)accuracy	RF(0.7,51,half,all)macro_sensitivity	RF(0.7,51,half,all)safe_macro_sensitivity	RF(0.7,51,half,all)safe_macro_specificity	RF(0.7,51,half,all)safe_macro_PPV	RF(0.7,51,half,all)safe_macro_NPV	RF(0.7,51,half,all)safe_macro_F1	RF(0.7,51,half,all)oob_error	RF(0.7,51,half,all)n_nodes	RF(0.7,51,half,all)σ² train_accuracy	RF(0.7,51,half,all)σ² K	RF(0.7,51,half,all)σ² accuracy	RF(0.7,51,half,all)σ² macro_sensitivity	RF(0.7,51,half,all)σ² safe_macro_sensitivity	RF(0.7,51,half,all)σ² safe_macro_specificity	RF(0.7,51,half,all)σ² safe_macro_PPV	RF(0.7,51,half,all)σ² safe_macro_NPV	RF(0.7,51,half,all)σ² safe_macro_F1	RF(0.7,51,half,all)σ² oob_error	RF(0.7,51,half,all)σ² n_nodes	RF(0.7,51,half,all)t	RF(0.7,51,half,all)hash	
1	fcmel	8000	false	stump_with_memoization	("c",1,false,"KDD-norm-partitioned-v1",["NG","Normalize","RemSilence"])	30	(50,15,10)	false	TestOp_80	IA	368	92	[60]	[(8,)]	94.29	39.13	69.57	69.57	73.91	65.22	68.0	71.43	70.83	57	35.415	8a199a92eeab1bb3297c610ea648cfac4790a6a7c2d5b2cc8353b5777a6bc66a	92.12	36.96	68.48	68.48	73.91	63.04	66.67	70.73	70.1	49	16.065	dd1f87f4318200dbcc00198c3e669d95acfe6a0511eb6e2da31b6aa708241932	83.15	41.3	70.65	70.65	76.09	65.22	68.63	73.17	72.16	23	15.837	219c4241df12447cba1ff3fc14d997417995182296b2a160de80226a50086c6c	92.66	41.3	70.65	70.65	71.74	69.57	70.21	71.11	70.97	49	16.557	130f2a5a9b355ae9d4dc7862e275feea0223012519e715763eb779091ea39c35	91.03	39.13	69.57	69.57	71.74	67.39	68.75	70.45	70.21	43	16.158	0ce2feb88e5a04f204a76e926db9ea83c81e8f71a23d1d65b913acbcc7d2bc00	83.15	41.3	70.65	70.65	76.09	65.22	68.63	73.17	72.16	23	16.067	219c4241df12447cba1ff3fc14d997417995182296b2a160de80226a50086c6c	99.89	45.65	72.83	72.83	69.57	76.09	74.44	71.47	71.89	25.65	252260.0	0.0	0.38	0.09	0.09	0.17	0.12	0.11	0.1	0.11	0.01	39880.0	218.323	("c2d270164607cd462eda9cbdbef709449d5b00865a61f7c074b24dafbd3fd1c6", "9c0b335fc4b39c09e970cba63eb4798298b292ca92097de59dcbc461b26c1b5b", "e3c5adf5bb841da7db963f1665c5dcb659eb9486bbbc4456389f7d5e73044faf", "ce045794e1637fd4433a56628e3ced9371aacfccbc601e707a0b22781a252fdd", "f236c77c36c059a6fa1a002644eed999062ea36271e15b92a9343dab854324d7")	
2	fcmel	8000	false	stump_with_memoization	("c",1,false,"KDD-norm-partitioned-v1",["NG","Normalize","RemSilence"])	30	(50,15,10)	false	TestOp_80	IA	368	92	[60]	[(8,)]	95.92	47.83	73.91	73.91	71.74	76.09	75.0	72.92	73.33	65	14.218	457b56987160315470f2e6c89543f6934b71643d3208450448e60c04dd8d87f8	86.96	41.3	70.65	70.65	63.04	78.26	74.36	67.92	68.24	33	12.142	325968ff940d26fd38378ffb312a0e96c4f8b8ae4de589aba3a5747edfc816f3	78.53	39.13	69.57	69.57	65.22	73.91	71.43	68.0	68.18	13	10.402	44d17dd1bd1dc85055ba02d00be69156373fc07f1299e08660a9c4920d5f6456	95.11	47.83	73.91	73.91	73.91	73.91	73.91	73.91	73.91	59	12.483	edac19f355e918c141216b7ff9a2f68d6cc9c5343955a7304cbbe522e99dc6c6	87.23	41.3	70.65	70.65	63.04	78.26	74.36	67.92	68.24	33	11.919	5daeb4fb4a86b638db091e03eb2d96220facefa56b242b8a70c2c5e3b574de34	78.53	39.13	69.57	69.57	65.22	73.91	71.43	68.0	68.18	13	10.575	44d17dd1bd1dc85055ba02d00be69156373fc07f1299e08660a9c4920d5f6456	99.95	45.65	72.83	72.83	69.13	76.52	74.82	71.21	71.82	27.01	256700.0	0.0	0.33	0.08	0.08	0.03	0.27	0.18	0.04	0.06	0.01	158800.0	221.246	("3521e857102cb0116ea406edafbdd8bcca101b01ce8ceba5c03f27d49ccc60f6", "f45d51b58e34df8e80ec7753de631e4927a284cdf3110e251e845742a832e786", "d593a705dc3f4dbd00ab13c00e57d7df12eb829c43b811687738bcc7d3480930", "5d26a1a3fcbd69c5516546fe4685b17bad542971501da9221a04f453b01e5362", "01c11f79f5e435839e394348f6b1f274494b2b56458a8e4d3c1083d0257b2919")	
3	fcmel	8000	false	stump_with_memoization	("c",1,false,"KDD-norm-partitioned-v1",["NG","Normalize","RemSilence"])	30	(50,15,10)	false	TestOp_80	IA	368	92	[60]	[(8,)]	93.75	30.43	65.22	65.22	82.61	47.83	61.29	73.33	70.37	55	12.146	3c08151caa3ecbaf02ab96ac330e4af6d6efaa6201709a6d74a570a03a7e8f50	89.95	30.43	65.22	65.22	82.61	47.83	61.29	73.33	70.37	37	11.284	a88a51d661ddb1474a7792a320f60618afd297d842c4ede25358d0b5d6a304f9	75.82	26.09	63.04	63.04	71.74	54.35	61.11	65.79	66.0	9	8.54	f47357de737b3e82d09a04b52204e4656bf45062bdf9b9dd7efd28777371f290	90.76	30.43	65.22	65.22	80.43	50.0	61.67	71.88	69.81	37	11.377	cac6480d001beb34898c750eafc7fca88790d81a8a5b0849ca602e039558ffb8	90.22	28.26	64.13	64.13	80.43	47.83	60.66	70.97	69.16	33	11.271	2196cab94bf14accd93de6c9876eeb7485a4284667e4e7975d066cd744a16b53	75.82	26.09	63.04	63.04	71.74	54.35	61.11	65.79	66.0	9	8.592	f47357de737b3e82d09a04b52204e4656bf45062bdf9b9dd7efd28777371f290	99.62	43.04	71.52	71.52	73.48	69.57	70.74	72.42	72.06	24.35	254460.0	0.0	0.1	0.03	0.03	0.06	0.07	0.03	0.03	0.03	0.01	61280.0	237.827	("74937b8705a77a7b0ed8cd6183329734a1a5808ea5ad8d20cd714c9df9779791", "ff0d42139168428d68fb545c9b0d773c52b7666ebd1db53d7dc85352e207882e", "93fddb4744e7e71b1992dc20256f5358be7e0a3f7a2e4015fa7a5cb8230e2e2f", "a956c46649d7e7c685a1eaf7832e5d1f79a266a67392673d3871ac7655ac4538", "22bb6b453a121eefe2a90089fa48d111a5bffb16ad52950f42e7cb61d0553c54")	
4	fcmel	8000	false	stump_with_memoization	("c",1,false,"KDD-norm-partitioned-v1",["NG","Normalize","RemSilence"])	30	(50,15,10)	false	TestOp_80	IA	368	92	[60]	[(8,)]	95.65	23.91	61.96	61.96	65.22	58.7	61.22	62.79	63.16	53	10.929	bceddec13244f36ff84f41e9a1ff4180926231d619e833b0d90dbdd9976737b6	94.57	23.91	61.96	61.96	65.22	58.7	61.22	62.79	63.16	49	10.754	7b445beb8f4ab214ab0aa3cc8673ac902123fd898130da61122850b8e89423dd	77.17	8.7	54.35	54.35	52.17	56.52	54.55	54.17	53.33	15	2.113	daa3aee44cc159669f67cc914f2ccfa9ed6f9bd3fbd13ff65f3fc0934a3dd6f8	94.29	26.09	63.04	63.04	67.39	58.7	62.0	64.29	64.58	53	10.888	6c4fa6752cda7c4fa3994600b2a459226d316460d70424ce2f583182221a9db4	94.29	26.09	63.04	63.04	67.39	58.7	62.0	64.29	64.58	49	10.774	f382487adbc9b816114e1039780e7bcb5b8fead7e596df1e05252b7636d933be	77.17	8.7	54.35	54.35	52.17	56.52	54.55	54.17	53.33	15	2.123	daa3aee44cc159669f67cc914f2ccfa9ed6f9bd3fbd13ff65f3fc0934a3dd6f8	99.78	47.83	73.91	73.91	67.39	80.43	77.6	71.25	72.04	26.2	249260.0	0.0	0.17	0.04	0.04	0.21	0.12	0.07	0.06	0.07	0.08	38280.0	208.11	("333736283efd5bb6feba9e9b662b85b76ddf30b8e3f558f29bd6e5b4d64566aa", "623e21adec4aeff1eb7ecc1e8a377385a277047a41bfd72c348ca8bb449ff165", "1b1b731ec35960e4dfdce08706ddf0da6d3e1752b213257510413e24992d9010", "4ace9f60896c9a2d5e13081454ae92b14b6b7352e17110f4332fba95a459728e", "95ed0f5aa71c8d2959172b74c37224872cae08e487c690bd6747a75d7d231915")	
5	fcmel	8000	false	stump_with_memoization	("c",1,false,"KDD-norm-partitioned-v1",["NG","Normalize","RemSilence"])	30	(50,15,10)	false	TestOp_80	IA	368	92	[60]	[(8,)]	95.38	28.26	64.13	64.13	65.22	63.04	63.83	64.44	64.52	59	5.145	df437d79308ff0c5c5c67d54ecee87b3898fab505615afddf4408a60111567c1	86.68	36.96	68.48	68.48	69.57	67.39	68.09	68.89	68.82	33	4.372	6a95f399c746eb50c26f36736f45fb1cc003a916c5d671ca4f13b897d36e6bf4	83.42	36.96	68.48	68.48	67.39	69.57	68.89	68.09	68.13	25	3.407	d6f223a6ccc8d9593e2f67ce83b12b3586f7afa76aeedd84bace634b2afeea9b	94.29	23.91	61.96	61.96	65.22	58.7	61.22	62.79	63.16	57	4.837	4e537f86364213153a8b07854b7c192404fa65e219595ea143fd0843195e2387	86.14	39.13	69.57	69.57	69.57	69.57	69.57	69.57	69.57	31	4.39	8b1ff87a908b8916caf9f167ef095633f7d9673ae267c53aa3038a249a0e5242	83.42	36.96	68.48	68.48	67.39	69.57	68.89	68.09	68.13	25	3.413	d6f223a6ccc8d9593e2f67ce83b12b3586f7afa76aeedd84bace634b2afeea9b	99.89	47.83	73.91	73.91	75.22	72.61	73.35	74.6	74.24	25.71	254220.0	0.0	0.09	0.02	0.02	0.09	0.09	0.03	0.04	0.03	0.03	67720.0	222.628	("b8059cce67677b888592901f3a00c349714a88f1d09ef679a1851e6002a58be1", "ee1953a68d1d2dfb387c047274fc30c99b872d760dff74e037a91476f973334b", "448ce016932a383984c5f08d2d53dc10290100780eb136011477a094c5236590", "e972917ae01de944c9e3612914a91575f8b0603da5b2c54496d117d3ef864891", "37e5ee4efae00e70f55014f584fd21116bec2e3aec0d77afe35b17fc87d931e1")	
6	fcmel	8000	false	stump_with_memoization	("c",1,false,"KDD-norm-partitioned-v1",["NG","Normalize","RemSilence"])	30	(50,15,10)	false	TestOp_80	IA	368	92	[60]	[(8,)]	94.84	47.83	73.91	73.91	67.39	80.43	77.5	71.15	72.09	49	13.775	eb85bbf005337adb624dea1ed6fd6e3d0e486986d868fac5528a66b72424a68b	93.48	36.96	68.48	68.48	67.39	69.57	68.89	68.09	68.13	43	13.762	7942cd9fe25a595687d6cf6b6d4b5a6baa89c1b606142cf726725d039d1c8ff8	83.42	39.13	69.57	69.57	60.87	78.26	73.68	66.67	66.67	19	13.069	9bfd921946f26b066fd8a0771ca7c69bebbb7e8d58af243b88587a8d86edd5b8	93.48	32.61	66.3	66.3	65.22	67.39	66.67	65.96	65.93	49	13.352	233c30688e87ecbd3569f9129cd595c8bf51e3e05fe249a8713691588d2e4906	93.48	30.43	65.22	65.22	69.57	60.87	64.0	66.67	66.67	43	13.434	908aabba1bb387364d061dfbdac06c0cd3549c78b2c625a7efd9193eb4d59b2c	83.42	39.13	69.57	69.57	60.87	78.26	73.68	66.67	66.67	19	13.244	9bfd921946f26b066fd8a0771ca7c69bebbb7e8d58af243b88587a8d86edd5b8	99.89	62.61	81.3	81.3	76.52	86.09	84.72	78.58	80.37	26.09	254060.0	0.0	0.1	0.03	0.03	0.03	0.11	0.1	0.02	0.02	0.04	37080.0	224.337	("a6db34becea88339b16fbf475611c927865c09e43dfd4e8b9b6b9dfaa0893f54", "9a7e2b4fe58593cf44e28415467328ac4e38297b16fd7e51ea61cdfd4ec146db", "7d03977a702bf27cd6f07b2821be60b4865b9a014ac8692882b669e9bfbf6ca5", "dbfd47a900da692e5903db096f2e9978a147e7e8f4aff7087d4da3a4cb49dd84", "600a15c2d0388e823da934e08ba8ab07af10c55e91e5d626662a7c2f4b8ed541")	
7	fcmel	8000	false	stump_with_memoization	("c",1,false,"KDD-norm-partitioned-v1",["NG","Normalize","RemSilence"])	30	(50,15,10)	false	TestOp_80	IA	368	92	[60]	[(8,)]	94.57	23.91	61.96	61.96	60.87	63.04	62.22	61.7	61.54	49	9.131	d74c3e40e550f063b60e228c40c0546f46295788501ea57a32ef4066e9fe391d	94.02	23.91	61.96	61.96	60.87	63.04	62.22	61.7	61.54	47	9.509	ad9e8bd08ee55e9c216afb1aec104c7d776d2357f934cf8042ade5169a3faa7e	79.89	34.78	67.39	67.39	67.39	67.39	67.39	67.39	67.39	15	5.465	2f347141c6a46c429f0ceb47a6f78674e04e5e79b46cf1c1131bf131a347decb	93.48	23.91	61.96	61.96	58.7	65.22	62.79	61.22	60.67	45	8.867	42f946a8d0799e71db97ab209432083e74630191f160f97fca20979de5b74c5b	93.48	26.09	63.04	63.04	60.87	65.22	63.64	62.5	62.22	43	9.009	c28fe4ee5188dd2af85a4b8099afb34ac74f4334e7d759b61668fd82cb9d87d5	79.89	34.78	67.39	67.39	67.39	67.39	67.39	67.39	67.39	15	5.488	2f347141c6a46c429f0ceb47a6f78674e04e5e79b46cf1c1131bf131a347decb	99.95	49.57	74.78	74.78	68.26	81.3	78.74	71.89	73.06	23.21	247140.0	0.0	0.27	0.07	0.07	0.04	0.3	0.2	0.02	0.04	0.04	145880.0	209.186	("1d07f09071a08dc316a2b566232039b9263e795f2a1ca737df95238bd4c398f2", "6cea2646de0c8dbe9303c07a6bd31eb9a593942e0a73643b79a31de435729300", "4aa6596a9110c5ea49d4a52b2d7d5beba4dea389c7893a9fb67b93e80e890c10", "721693106de70b08408f6c6892b2b6eb0225af332c3df80a07f7690397829a89", "4fda2cdbd0403f0c29af8ed0726a65653686a06a0824a2c0c69307507d5fb5ac")	
8	fcmel	8000	false	stump_with_memoization	("c",1,false,"KDD-norm-partitioned-v1",["NG","Normalize","RemSilence"])	30	(50,15,10)	false	TestOp_80	IA	368	92	[60]	[(8,)]	97.01	39.13	69.57	69.57	63.04	76.09	72.5	67.31	67.44	65	18.088	27eef768df79f246fa0d4e08691718ca13bd528e83e89b54b5da270c37861464	97.01	39.13	69.57	69.57	63.04	76.09	72.5	67.31	67.44	65	18.164	27eef768df79f246fa0d4e08691718ca13bd528e83e89b54b5da270c37861464	73.64	28.26	64.13	64.13	58.7	69.57	65.85	62.75	62.07	7	7.067	698693a1b136b7a5eea5b0e7ddc411dd9dd5d576fab65a10173e5a9f5b343571	96.74	39.13	69.57	69.57	60.87	78.26	73.68	66.67	66.67	65	18.249	ce00c9a46f252a8fdd277a90693e4a276e2099bd8e1873ab59552c8e28258fb5	96.74	39.13	69.57	69.57	60.87	78.26	73.68	66.67	66.67	63	18.276	17dcd5f5db50f9824487bd378c50e53d743c146e515ccf6337c123cacdd263ce	73.64	28.26	64.13	64.13	58.7	69.57	65.85	62.75	62.07	7	7.0	698693a1b136b7a5eea5b0e7ddc411dd9dd5d576fab65a10173e5a9f5b343571	99.95	62.17	81.09	81.09	76.52	85.65	84.28	78.52	80.17	23.86	255140.0	0.0	0.23	0.06	0.06	0.1	0.11	0.1	0.06	0.07	0.03	300080.0	219.239	("8734e559664b6d7d9ab4b3d88d8341d9a51bb1ad75619ba52f4bb8dccd4a749b", "4a0548094086c9ac32974835e92b9587e8da72571c48a5f317ec5df472f23ab7", "a7f9a141a63ac0b1d0972e8e9a69f7efde9d1f32d4e012e145790f4f13508f2f", "f632b4af1b4a42625a0205bfe660311980a3866cc09db6eeccacc97865500da8", "58d9ba098ea11d148aaaff4866aa1f868238202e5b86aac3ffdaedfeb94ba407")	
9	fcmel	8000	false	stump_with_memoization	("c",1,false,"KDD-norm-partitioned-v1",["NG","Normalize","RemSilence"])	30	(50,15,10)	false	TestOp_80	IA	368	92	[60]	[(8,)]	92.12	65.22	82.61	82.61	82.61	82.61	82.61	82.61	82.61	39	9.607	58daab18bfbf1fef5d578574363214c9558ca544d4599af6e580fa22a794cf0c	91.58	67.39	83.7	83.7	84.78	82.61	82.98	84.44	83.87	37	9.74	f1b0520e65175466f787ee121c3c9b533a30e2810928a489ed404944397938e8	77.99	52.17	76.09	76.09	80.43	71.74	74.0	78.57	77.08	15	2.157	cd3aee9ad23a0d24a5de9d3d8f94a824488469b24d6dc68064ae0f2edc001cb6	91.03	65.22	82.61	82.61	80.43	84.78	84.09	81.25	82.22	39	9.848	3b6e4d730f98e67cfd1f1c81a12e445067aba43c0fdd7254febd861feeb19b1b	91.03	67.39	83.7	83.7	84.78	82.61	82.98	84.44	83.87	37	9.73	bf4b6ec76b1da10c44d9f09cf186670706eb458e44f84e01b97654c03c7d734d	77.99	52.17	76.09	76.09	80.43	71.74	74.0	78.57	77.08	15	2.159	cd3aee9ad23a0d24a5de9d3d8f94a824488469b24d6dc68064ae0f2edc001cb6	99.84	54.35	77.17	77.17	71.3	83.04	80.91	74.34	75.75	26.96	254660.0	0.0	0.47	0.12	0.12	0.15	0.22	0.23	0.09	0.13	0.01	25280.0	212.709	("91b439be5189954f2773bfc08b51360da9277c095f98929606399f1705e96723", "c2aef52ae7ff28aa5b669465caccd653dfdc5e31416804966f36a286bb473db6", "daccfb47836d8dc322ba16f28bd8ada773b151993ce9147bf2d9d20269945088", "0db559f059c3d7bd4d8baa4936f31d5d0399871537f750293bceebf1d758fb0f", "8f9650594ec6e71367709ff09531bcb82b4218fe64f61185e5cf829ca6fdfe42")	
10	fcmel	8000	false	stump_with_memoization	("c",1,false,"KDD-norm-partitioned-v1",["NG","Normalize","RemSilence"])	30	(50,15,10)	false	TestOp_80	IA	368	92	[60]	[(8,)]	93.21	32.61	66.3	66.3	67.39	65.22	65.96	66.67	66.67	57	10.145	0845df8fc8903208f119dffd605fe6f51b241812844b594af7a21a62e7a0aa3a	87.77	28.26	64.13	64.13	67.39	60.87	63.27	65.12	65.26	35	7.138	68e7d37018e865ba285d75d4852c28a282114d1216114033da75ac2c5c7d5cca	76.63	30.43	65.22	65.22	73.91	56.52	62.96	68.42	68.0	13	2.215	a6cbc0b3942cecb1ca387469ed217b32ec75bcce2c72a4193a4ef8c03d1038d2	92.93	28.26	64.13	64.13	65.22	63.04	63.83	64.44	64.52	49	9.973	e5010c097090749ddaef6995f11ba66bd09e292835c40ec7fe3adeaf4f2925ca	87.77	28.26	64.13	64.13	67.39	60.87	63.27	65.12	65.26	33	7.093	1bd3a839b8c9d748956b8aba4d961b20b47bfdcf08ce3f20eea30e117339a434	76.63	30.43	65.22	65.22	73.91	56.52	62.96	68.42	68.0	13	2.204	a6cbc0b3942cecb1ca387469ed217b32ec75bcce2c72a4193a4ef8c03d1038d2	99.89	65.22	82.61	82.61	86.09	79.13	80.75	85.05	83.25	27.01	257780.0	0.0	0.38	0.09	0.09	0.04	0.44	0.24	0.03	0.06	0.03	52920.0	218.772	("132ff1bd8abe3f550b547c5082d781009e78e6bf2ed07b9c2505b61132b5456a", "12b7fc0f2e21cac98d9dfd98ad9d50d1cc4e99efac4b7435e222b4eed41df6fd", "6332fa4c162686ca6ae05361494942a8722b2ad5569deeddfa4f237c3cea3276", "cea9692f8e5245d6567bcb78a9c9f0f38c8b0234c78a3ab7e04613841e80cf60", "e6a69e3b0d2c25e7ae745574ad73734dbdf0adadc7615e480d0b2317f7aef624")	
1	fcmel	8000	false	stump_with_memoization	("c",2,true,"KDD-norm-partitioned-v1",["NG","Normalize","RemSilence"])	30	(50,15,10)	false	TestOp_80	IA	110	28	[60]	[(8,)]	94.55	78.57	89.29	89.29	100.0	78.57	82.35	100.0	90.32	13	3.133	be983c38c79d2de3153ed59bf10d468851fbc3676097a065ba03d07e40fd3932	89.09	64.29	82.14	82.14	100.0	64.29	73.68	100.0	84.85	11	1.457	4b79a0c46225ce1cfa9da7538e0ba92670144234bd484dad7b6d850c9219bd5d	85.45	50.0	75.0	75.0	85.71	64.29	70.59	81.82	77.42	5	1.039	84f29c48b110f0eb6dc86e75dc34c9c4224eed5f8e431fffafdb51a20077b7f8	94.55	78.57	89.29	89.29	100.0	78.57	82.35	100.0	90.32	11	1.614	7234e127c45a0f7244699804800fa2b04f523d74064e1067007a5526bbdab46b	89.09	64.29	82.14	82.14	100.0	64.29	73.68	100.0	84.85	9	1.598	fbfac5c7329d01e7a35e4d02ce73c30ac06ecbb1ac9e14067d2d398f1fac6398	85.45	50.0	75.0	75.0	85.71	64.29	70.59	81.82	77.42	5	1.032	84f29c48b110f0eb6dc86e75dc34c9c4224eed5f8e431fffafdb51a20077b7f8	99.82	74.29	87.14	87.14	81.43	92.86	91.84	83.98	86.07	14.0	67340.0	0.0	1.17	0.29	0.29	1.17	0.0	0.01	0.69	0.42	0.03	16880.0	34.17	("a0e2ee9b994322745f793f236dcaecdc0eea4b143c1b18dcf87d3ffca8bec999", "17dd05288c8965b91d3e5b37ec3ea24a38137a6752eda7807f3ddcd424ad747d", "5cee436a07290f42c3ac94d5e6f8ca49acb724b97485564b49fa90e2da613efb", "9b076d6a46b07aa839607720e0a77a6512a7445a25c8909f72bc75e006cd708c", "be49fea1d720a1d117f9c63a8dfd25901f01ca7527f3e09967e406abf0daaa87")	
2	fcmel	8000	false	stump_with_memoization	("c",2,true,"KDD-norm-partitioned-v1",["NG","Normalize","RemSilence"])	30	(50,15,10)	false	TestOp_80	IA	110	28	[60]	[(8,)]	97.27	50.0	75.0	75.0	71.43	78.57	76.92	73.33	74.07	15	2.992	95fe31666239cce2add8ff2af6409d61ebd4f78235790651f1d251d6e4de0bad	95.45	50.0	75.0	75.0	71.43	78.57	76.92	73.33	74.07	11	2.182	8d784da8b9d305e2252a0426ee3811ec3160a43550db9de0c928004fddd1c33a	84.55	50.0	75.0	75.0	78.57	71.43	73.33	76.92	75.86	5	1.044	85b67cd63bbb4ca5596591bf6bfbb9bbf776dc4a2546ddfb0e8510208a6f3d91	97.27	50.0	75.0	75.0	71.43	78.57	76.92	73.33	74.07	13	2.328	55c239152a938cee8456443c8c19fcdec2bb8e7e84aa1b2cae9295c66820995c	95.45	50.0	75.0	75.0	71.43	78.57	76.92	73.33	74.07	11	2.199	8d784da8b9d305e2252a0426ee3811ec3160a43550db9de0c928004fddd1c33a	84.55	50.0	75.0	75.0	78.57	71.43	73.33	76.92	75.86	5	1.042	85b67cd63bbb4ca5596591bf6bfbb9bbf776dc4a2546ddfb0e8510208a6f3d91	99.09	67.14	83.57	83.57	81.43	85.71	85.05	82.29	83.17	13.82	63020.0	0.01	0.15	0.04	0.04	0.15	0.0	0.0	0.1	0.05	0.01	8320.0	30.243	("917830104bce9fc717eadcf82cf0318aefe0622b67d405e556e2756466549a10", "e23da6a439b75f097b4319f5556db26b33910cacfc9c2863d90b6eeca3e0f5b7", "f574316e690771d3a1d559d805d79114a4b47b73b832e2b2377167814b7b5e60", "11155b50bb2229cd690dfcbfd0b5661240784a8a4962b3d63c9c3239067d26da", "52249754172398cfb6c6732d9d3a453ddde477aad6a45a24830e9cb4dbd6d7e9")	
3	fcmel	8000	false	stump_with_memoization	("c",2,true,"KDD-norm-partitioned-v1",["NG","Normalize","RemSilence"])	30	(50,15,10)	false	TestOp_80	IA	110	28	[60]	[(8,)]	96.36	50.0	75.0	75.0	50.0	100.0	100.0	66.67	66.67	9	1.683	845d49ce8a0175ec98914994ef4073dc0905072c28aad8f915e9276efd3c1c9c	96.36	50.0	75.0	75.0	50.0	100.0	100.0	66.67	66.67	9	1.377	845d49ce8a0175ec98914994ef4073dc0905072c28aad8f915e9276efd3c1c9c	82.73	57.14	78.57	78.57	85.71	71.43	75.0	83.33	80.0	3	0.065	89883a1076636352ab30643553b75963d71a864cf77503971e9da41333676528	96.36	50.0	75.0	75.0	50.0	100.0	100.0	66.67	66.67	9	1.458	845d49ce8a0175ec98914994ef4073dc0905072c28aad8f915e9276efd3c1c9c	96.36	50.0	75.0	75.0	50.0	100.0	100.0	66.67	66.67	9	1.548	845d49ce8a0175ec98914994ef4073dc0905072c28aad8f915e9276efd3c1c9c	82.73	57.14	78.57	78.57	85.71	71.43	75.0	83.33	80.0	3	0.062	89883a1076636352ab30643553b75963d71a864cf77503971e9da41333676528	99.45	77.14	88.57	88.57	80.0	97.14	96.52	83.01	87.45	13.09	64140.0	0.01	0.87	0.22	0.22	0.36	0.15	0.23	0.22	0.28	0.02	18680.0	28.894	("c57663aabfafe861b06ba64ef592a2976d2d64251b1273f7c7eebec276e41290", "e901463b2b2c7b7ba8e3e8a5e3e7fab79d2a1cddf409a63e79885ecb66b12c0b", "10122c97fecc6046c6fc4d25c2c8c992b61edde66adb53705ffa799d5f0f9588", "21b55da4b99ed4bc09b60ae01e9a4350589d77329b4d7b3f46f3f25e7aee8824", "3401e5239dff75bf812aa5bafbf6869b6aa65ef4123991cc7264ea616de8da66")	
4	fcmel	8000	false	stump_with_memoization	("c",2,true,"KDD-norm-partitioned-v1",["NG","Normalize","RemSilence"])	30	(50,15,10)	false	TestOp_80	IA	110	28	[60]	[(8,)]	96.36	71.43	85.71	85.71	78.57	92.86	91.67	81.25	84.62	9	2.025	46e8e46efc50fa9a083fd92d3613e430036353dab2a91c6f40645a63af816fe8	88.18	64.29	82.14	82.14	71.43	92.86	90.91	76.47	80.0	5	1.187	a2e27621b58e7eb38b4b84887a48c281758d939a36e3d13b14269757059fa099	88.18	64.29	82.14	82.14	71.43	92.86	90.91	76.47	80.0	5	1.084	a2e27621b58e7eb38b4b84887a48c281758d939a36e3d13b14269757059fa099	96.36	71.43	85.71	85.71	78.57	92.86	91.67	81.25	84.62	9	1.665	46e8e46efc50fa9a083fd92d3613e430036353dab2a91c6f40645a63af816fe8	88.18	64.29	82.14	82.14	71.43	92.86	90.91	76.47	80.0	5	1.176	a2e27621b58e7eb38b4b84887a48c281758d939a36e3d13b14269757059fa099	88.18	64.29	82.14	82.14	71.43	92.86	90.91	76.47	80.0	5	1.152	a2e27621b58e7eb38b4b84887a48c281758d939a36e3d13b14269757059fa099	99.45	77.14	88.57	88.57	77.14	100.0	100.0	81.44	87.07	10.55	57780.0	0.01	0.1	0.03	0.03	0.1	0.0	0.0	0.04	0.04	0.04	2320.0	29.412	("84fbd941924dd4e6181a5871c6f4f432679849d2cc3408777c92db5d35823395", "877ce9223b9e3e4c808c6b504e2b7528a00cb5db335a9cc8e21e45f9a881eeed", "88e03ad51d1778e07d3cbfc2157eebb0896209e99498afb1f0940d36ceb8e091", "a66a6304a24a95c151f098160fd168590ceb45c3d55093cfd6161e447fd4fd41", "f085a43560b8ed97e30b0a9e53caab43ba4c320fd1e9190174dbef8a52666717")	
5	fcmel	8000	false	stump_with_memoization	("c",2,true,"KDD-norm-partitioned-v1",["NG","Normalize","RemSilence"])	30	(50,15,10)	false	TestOp_80	IA	110	28	[60]	[(8,)]	93.64	57.14	78.57	78.57	92.86	64.29	72.22	90.0	81.25	11	1.826	1bb1fcbb8341e49d17ce93405423aa3b4161bb6925cb371273da361523e8a777	87.27	42.86	71.43	71.43	92.86	50.0	65.0	87.5	76.47	5	0.918	fa6802ea1cc01c88f9c01e37a0d3fb7fc24c87eb601a27fab3f43752acc85615	80.0	28.57	64.29	64.29	92.86	35.71	59.09	83.33	72.22	3	0.065	605c5c6f939b0b9ddab67b559aa31dff601fe87578486da5d24dfe0ca4dcfad2	93.64	57.14	78.57	78.57	92.86	64.29	72.22	90.0	81.25	9	1.644	5fcb24227ae575f487cf11d674ff637273ba69f1817bf0a3e9d36443887f7cec	87.27	42.86	71.43	71.43	92.86	50.0	65.0	87.5	76.47	5	0.909	fa6802ea1cc01c88f9c01e37a0d3fb7fc24c87eb601a27fab3f43752acc85615	80.0	28.57	64.29	64.29	92.86	35.71	59.09	83.33	72.22	3	0.064	605c5c6f939b0b9ddab67b559aa31dff601fe87578486da5d24dfe0ca4dcfad2	99.09	64.29	82.14	82.14	92.86	71.43	76.58	90.88	83.91	10.0	60260.0	0.0	0.26	0.06	0.06	0.0	0.26	0.1	0.0	0.04	0.02	25480.0	26.713	("d7b410c3a15db52f183bcf905f065160919681419b033c81ce62e1d5c9e5cca3", "072cf67289e145596f67074e971d8cbe07f03d43cc425fe82a0326949ce6d002", "9001e9cf195fe3b8576d7ef2880712ab2b07399b2762ed27d27cbe993600957c", "567b28ef0f4d7b7d477e800a81eee350be367c79c24dc8405dfa1565606617b2", "3d5501b412845b6767a6bc2b4a35cf57d5f2e551d58a00281f80f994b988aa90")	
6	fcmel	8000	false	stump_with_memoization	("c",2,true,"KDD-norm-partitioned-v1",["NG","Normalize","RemSilence"])	30	(50,15,10)	false	TestOp_80	IA	110	28	[60]	[(8,)]	93.64	71.43	85.71	85.71	85.71	85.71	85.71	85.71	85.71	11	2.214	f3f66d0551f0090917db30f02a89cfb451314ad6c061accc685a42626041a9cf	91.82	71.43	85.71	85.71	85.71	85.71	85.71	85.71	85.71	9	1.891	ea78ea15ed485b48dcb5c079adfe658bc15e7a62d82d1b2c5a998a93abd79058	83.64	64.29	82.14	82.14	100.0	64.29	73.68	100.0	84.85	5	1.079	6ca6a93ba6eb5419bf5976b2d815ec342908aa8a3f5dc03743581446a97a6245	91.82	71.43	85.71	85.71	85.71	85.71	85.71	85.71	85.71	9	1.864	45971b603e72b4132f41fa235d9d4effdc2d1df940af90a34b62e56d2264dab2	91.82	71.43	85.71	85.71	85.71	85.71	85.71	85.71	85.71	9	1.878	45971b603e72b4132f41fa235d9d4effdc2d1df940af90a34b62e56d2264dab2	83.64	64.29	82.14	82.14	100.0	64.29	73.68	100.0	84.85	5	1.235	6ca6a93ba6eb5419bf5976b2d815ec342908aa8a3f5dc03743581446a97a6245	99.27	75.71	87.86	87.86	92.86	82.86	84.77	92.46	88.44	14.0	65380.0	0.01	0.15	0.04	0.04	0.26	0.41	0.23	0.23	0.03	0.05	12720.0	29.849	("a9bea8e12692cc0e4c4c75a0de7ce775df20cbf22a3df3feb9e5d0443e5a00c6", "51b0f5f0ce88faf8898f9b8be695d9ba35072844a6e422b3f7005bb00d0720fd", "948bfcee274f951730d29c52bdfdb1dab22ef818b91bc32945eccaf0aed8744d", "6b9a01936dadf8528c0350660958f615f2a32b49adac569273f65a613344ceb1", "5a1fd95d4b0a0f86b6b8fb99f0a51b623e538e692d09b7ee743fbc7b7b110f40")	
7	fcmel	8000	false	stump_with_memoization	("c",2,true,"KDD-norm-partitioned-v1",["NG","Normalize","RemSilence"])	30	(50,15,10)	false	TestOp_80	IA	110	28	[60]	[(8,)]	95.45	78.57	89.29	89.29	85.71	92.86	92.31	86.67	88.89	13	1.471	1dd439b82ddedb9a8b77df2d12d31e0d969feef2893db87ee84c5ab6cff972dc	89.09	78.57	89.29	89.29	85.71	92.86	92.31	86.67	88.89	7	1.104	50963e857edac5426ac86103b87ab9937bb58ce09b8a4fc88603d0acb2942b9a	89.09	78.57	89.29	89.29	85.71	92.86	92.31	86.67	88.89	7	1.061	50963e857edac5426ac86103b87ab9937bb58ce09b8a4fc88603d0acb2942b9a	95.45	85.71	92.86	92.86	92.86	92.86	92.86	92.86	92.86	11	1.389	2f7ad15b699d60da10b2fb22697f980234b954e6ec8414fc12ca3c0c7cf1a307	89.09	78.57	89.29	89.29	85.71	92.86	92.31	86.67	88.89	7	1.108	50963e857edac5426ac86103b87ab9937bb58ce09b8a4fc88603d0acb2942b9a	89.09	78.57	89.29	89.29	85.71	92.86	92.31	86.67	88.89	7	1.072	50963e857edac5426ac86103b87ab9937bb58ce09b8a4fc88603d0acb2942b9a	99.64	88.57	94.29	94.29	95.71	92.86	93.05	95.71	94.33	14.91	67540.0	0.0	0.15	0.04	0.04	0.15	0.0	0.0	0.15	0.04	0.01	8280.0	32.593	("e2243c87bf632011d74eefe667fd21a216380f5d0ee7c3bec2a0f7ec50fb4832", "6da3ea84e4cc449e7b9ca26317f91184adcf950406fe0833ae3c810d11ae1255", "232a7e56f6b1bed2149592444432f4893ee0d9a510cf545866d3f71b916b2b94", "251f6cf108399e1f9461f08196ce577b261473a6c650ef04525e3cb63d04dc8b", "66f9d210b82e8f2cf7a626e77739a168a8eefc6e03914ad3d9b5cf2313ea11af")	
8	fcmel	8000	false	stump_with_memoization	("c",2,true,"KDD-norm-partitioned-v1",["NG","Normalize","RemSilence"])	30	(50,15,10)	false	TestOp_80	IA	110	28	[60]	[(8,)]	99.09	42.86	71.43	71.43	57.14	85.71	80.0	66.67	66.67	13	2.474	7ac8e7fa92758429c1f02f2eeae8a7098ba00da7a879aba5ccab242ff4e5e010	95.45	57.14	78.57	78.57	71.43	85.71	83.33	75.0	76.92	11	2.215	b8b3ba396ae5e5ce4d9594ded3b8596900133b5b5526bdd4db3857ca69afb0e1	88.18	64.29	82.14	82.14	71.43	92.86	90.91	76.47	80.0	7	1.772	2e918e7922b92b84316a3ff0e69bd86a11f270c6a0466f77545437924b67f929	99.09	42.86	71.43	71.43	57.14	85.71	80.0	66.67	66.67	13	2.221	7ac8e7fa92758429c1f02f2eeae8a7098ba00da7a879aba5ccab242ff4e5e010	95.45	57.14	78.57	78.57	71.43	85.71	83.33	75.0	76.92	11	2.258	b8b3ba396ae5e5ce4d9594ded3b8596900133b5b5526bdd4db3857ca69afb0e1	88.18	64.29	82.14	82.14	71.43	92.86	90.91	76.47	80.0	7	1.696	2e918e7922b92b84316a3ff0e69bd86a11f270c6a0466f77545437924b67f929	100.0	77.14	88.57	88.57	95.71	81.43	83.83	95.48	89.27	11.82	63580.0	0.0	0.36	0.09	0.09	0.41	0.15	0.07	0.43	0.1	0.02	63720.0	31.129	("dba4337b14c70de37d4bc388718915481d666fb74e42cef653a567d652d702f0", "8dadc357c2eb4687b7b88a4338c0bf3e18567425a1308b8397dfb7b18e22fc53", "4facc9f34c0b34a0142d8468a94275c0feb98e8288c2809fc88f9ce70513254e", "87683da1567f7e3ae8b5f4cf45f265d370a0883b323017f12757d96ee531aefd", "e9f368396eb068968eb1d9bfe5b7c333838edaa8e24ccd4b4a26c168da00c204")	
9	fcmel	8000	false	stump_with_memoization	("c",2,true,"KDD-norm-partitioned-v1",["NG","Normalize","RemSilence"])	30	(50,15,10)	false	TestOp_80	IA	110	28	[60]	[(8,)]	92.73	64.29	82.14	82.14	85.71	78.57	80.0	84.62	82.76	7	1.231	174ea7a881d2258c2b8bc122779000c5aeb7104e24cacb5873b3f0c626e15cd5	92.73	64.29	82.14	82.14	85.71	78.57	80.0	84.62	82.76	7	1.147	174ea7a881d2258c2b8bc122779000c5aeb7104e24cacb5873b3f0c626e15cd5	89.09	57.14	78.57	78.57	78.57	78.57	78.57	78.57	78.57	5	0.985	2e817f9496fc25c2cbe5fa76e015d80890cdac4a834c343e827fb5a2cc2a045b	92.73	64.29	82.14	82.14	85.71	78.57	80.0	84.62	82.76	7	1.093	174ea7a881d2258c2b8bc122779000c5aeb7104e24cacb5873b3f0c626e15cd5	92.73	64.29	82.14	82.14	85.71	78.57	80.0	84.62	82.76	7	1.133	174ea7a881d2258c2b8bc122779000c5aeb7104e24cacb5873b3f0c626e15cd5	89.09	57.14	78.57	78.57	78.57	78.57	78.57	78.57	78.57	5	0.968	2e817f9496fc25c2cbe5fa76e015d80890cdac4a834c343e827fb5a2cc2a045b	99.64	78.57	89.29	89.29	92.86	85.71	86.67	92.31	89.66	10.55	65100.0	0.0	0.0	0.0	0.0	0.0	0.0	0.0	0.0	0.0	0.02	22600.0	28.954	("d79ce8a7c8c8c2368b012c36ec29f31841cc9a5406aef9159b1e233ef309a804", "821808549eb4d51a0f472e99fa7025dd0a9e24fe65729cff94d74b8a372ad85c", "f29b8d07672e7dbe05923f485ba0775c88937acd5a99fec7cbed4c7628e61da4", "d3192cc86e3dd74e0ddad3004a29f55867f6fe72393850714bd3d5a5928e3adb", "7cb3af85baa081db35dcded9d83e0fe74bea58f2ba89ccdc8521f028800c4e11")	
10	fcmel	8000	false	stump_with_memoization	("c",2,true,"KDD-norm-partitioned-v1",["NG","Normalize","RemSilence"])	30	(50,15,10)	false	TestOp_80	IA	110	28	[60]	[(8,)]	92.73	57.14	78.57	78.57	92.86	64.29	72.22	90.0	81.25	9	1.716	94f78235d6c6c71a572d0bb0df02a61e7e81b3e8ec1172712dfcc5c3fc68f727	90.0	50.0	75.0	75.0	85.71	64.29	70.59	81.82	77.42	7	1.708	d4587f4cb887bba407aa19adb42408264f8f5244996782bf8c166c9b97b42b39	81.82	50.0	75.0	75.0	85.71	64.29	70.59	81.82	77.42	5	1.113	744b899dabb1853b246338aad8f1822266f6ba1473401218076a5f1ee449fbf0	91.82	64.29	82.14	82.14	100.0	64.29	73.68	100.0	84.85	9	1.69	9d9f70af654490c2ad6d4d23a4832ba1827b775af76fb70a28470b6e3e4c3467	90.0	50.0	75.0	75.0	85.71	64.29	70.59	81.82	77.42	7	1.629	d4587f4cb887bba407aa19adb42408264f8f5244996782bf8c166c9b97b42b39	81.82	50.0	75.0	75.0	85.71	64.29	70.59	81.82	77.42	5	1.134	744b899dabb1853b246338aad8f1822266f6ba1473401218076a5f1ee449fbf0	99.64	84.29	92.14	92.14	94.29	90.0	90.48	94.07	92.32	14.91	72060.0	0.01	0.36	0.09	0.09	0.1	0.15	0.12	0.11	0.08	0.02	59880.0	31.231	("455eecb6f6a75ac272230acba766abb24547ce0a7080b9256ce4afeb36dfc25d", "1358b781d6f1919dbe8c762ce455c967accf20530408768ead2f7b78f23497fd", "ed0ac8d729b53038b60234b8e019eafa0e95a7c592443fe3f02ff4f1ac484254", "487133d592a4be74cb6dff38e489ddb68514f3415e42bf8afc7e497ff820d50f", "f3a17b3ea498976346823df691ba44fbd2ff5ab81d8c461ff9163bdd5c1eba10")	
1	fcmel	8000	false	stump_with_memoization	("c",3,true,"KDD-norm-partitioned-v1",["NG","Normalize","RemSilence"])	30	(50,15,10)	false	TestOp_80	IA	110	28	[60]	[(7,)]	95.45	71.43	85.71	85.71	85.71	85.71	85.71	85.71	85.71	7	3.038	64b41b980ea5d72c17948e9860cdb0f522f7c0dc33d52cfd17458a770fe8c480	95.45	71.43	85.71	85.71	85.71	85.71	85.71	85.71	85.71	7	1.661	64b41b980ea5d72c17948e9860cdb0f522f7c0dc33d52cfd17458a770fe8c480	95.45	71.43	85.71	85.71	85.71	85.71	85.71	85.71	85.71	7	1.571	64b41b980ea5d72c17948e9860cdb0f522f7c0dc33d52cfd17458a770fe8c480	95.45	71.43	85.71	85.71	85.71	85.71	85.71	85.71	85.71	7	1.639	64b41b980ea5d72c17948e9860cdb0f522f7c0dc33d52cfd17458a770fe8c480	95.45	71.43	85.71	85.71	85.71	85.71	85.71	85.71	85.71	7	1.626	64b41b980ea5d72c17948e9860cdb0f522f7c0dc33d52cfd17458a770fe8c480	95.45	71.43	85.71	85.71	85.71	85.71	85.71	85.71	85.71	7	1.639	64b41b980ea5d72c17948e9860cdb0f522f7c0dc33d52cfd17458a770fe8c480	99.82	85.71	92.86	92.86	91.43	94.29	94.37	91.7	92.8	9.64	62380.0	0.0	0.51	0.13	0.13	0.1	0.36	0.32	0.08	0.12	0.04	50720.0	28.814	("cfe586708f811444d0faca6319c56f2df25d18b2fc68d49735b4cebaaa84030f", "48b31a45fc2f88b7026b3a638b1860adff21dcf977d9ff879471064925715aef", "194c1161175815f142ccbbbb9fb01c11d86d459613905f89bc297c16e11eecd6", "cfd66014832b7e94bb13b5c58988c8e3eb411297a30375ad6cf3aa8e17f5f315", "f250ccd949555438519024d9f1008cc7aa4b34944530a206700369a86aba2447")	
2	fcmel	8000	false	stump_with_memoization	("c",3,true,"KDD-norm-partitioned-v1",["NG","Normalize","RemSilence"])	30	(50,15,10)	false	TestOp_80	IA	110	28	[60]	[(7,)]	99.09	71.43	85.71	85.71	78.57	92.86	91.67	81.25	84.62	9	2.155	326a6caca516aaec6cc5ea831370de0de5f050b7773278039cc19c1183a9b777	95.45	71.43	85.71	85.71	78.57	92.86	91.67	81.25	84.62	7	1.418	e3ad6fa4956f7be9fd336af73dbf912766973771e4a98423a21ab3605eef0e35	95.45	71.43	85.71	85.71	78.57	92.86	91.67	81.25	84.62	7	1.489	e3ad6fa4956f7be9fd336af73dbf912766973771e4a98423a21ab3605eef0e35	99.09	71.43	85.71	85.71	78.57	92.86	91.67	81.25	84.62	9	1.655	326a6caca516aaec6cc5ea831370de0de5f050b7773278039cc19c1183a9b777	95.45	71.43	85.71	85.71	78.57	92.86	91.67	81.25	84.62	7	1.462	e3ad6fa4956f7be9fd336af73dbf912766973771e4a98423a21ab3605eef0e35	95.45	71.43	85.71	85.71	78.57	92.86	91.67	81.25	84.62	7	1.409	e3ad6fa4956f7be9fd336af73dbf912766973771e4a98423a21ab3605eef0e35	100.0	70.0	85.0	85.0	78.57	91.43	90.26	81.0	83.99	9.09	57740.0	0.0	0.1	0.03	0.03	0.0	0.1	0.1	0.0	0.02	0.01	19080.0	26.979	("c526c9926b7518058506685f0ad256dde9dc7fdf46411b20bb7f8a14a3d99bfa", "85e57d4da2be05f9aa82433b44441e8a6b86756f4eb0df6a41371a451ec0d81b", "79246f013164c833604f709d9336162b1e0820fafbd22552a1ed5c90496db79f", "ba487423a1092ffed6fd66ffeb3ad7ec29b9078949105b7859c5144add118d24", "37471bafa37190e78cbf0092bf3496732c1baf49e157ff6392c1c3e7e26baac1")	
3	fcmel	8000	false	stump_with_memoization	("c",3,true,"KDD-norm-partitioned-v1",["NG","Normalize","RemSilence"])	30	(50,15,10)	false	TestOp_80	IA	110	28	[60]	[(7,)]	97.27	71.43	85.71	85.71	78.57	92.86	91.67	81.25	84.62	9	2.191	5fb8b30d5458c9a4d073873b5da5c086230ca054d511a6810423b879977761ca	97.27	71.43	85.71	85.71	78.57	92.86	91.67	81.25	84.62	9	2.162	5fb8b30d5458c9a4d073873b5da5c086230ca054d511a6810423b879977761ca	86.36	50.0	75.0	75.0	85.71	64.29	70.59	81.82	77.42	5	1.257	977749af561dffa6c2245cba92c5dd5cfc5839f64c32a73e8c9dc6e4666398e7	97.27	71.43	85.71	85.71	78.57	92.86	91.67	81.25	84.62	9	2.001	5fb8b30d5458c9a4d073873b5da5c086230ca054d511a6810423b879977761ca	97.27	71.43	85.71	85.71	78.57	92.86	91.67	81.25	84.62	9	2.146	5fb8b30d5458c9a4d073873b5da5c086230ca054d511a6810423b879977761ca	86.36	50.0	75.0	75.0	85.71	64.29	70.59	81.82	77.42	5	1.119	977749af561dffa6c2245cba92c5dd5cfc5839f64c32a73e8c9dc6e4666398e7	100.0	74.29	87.14	87.14	84.29	90.0	89.45	85.14	86.77	6.36	58940.0	0.0	0.41	0.1	0.1	0.1	0.15	0.15	0.08	0.11	0.0	16880.0	26.717	("caa6a2f2b86f6e5f65a9422fec03131be3b0a063776b3067ce55034673b51057", "d8e1b06212c4d7b26a4b59818c38159b2d27f5f39b5b22cf861c42ab1dd67f54", "a2c105afe2ab427dee9d2cf54e131725150b4f41240053bd5690fb3a2639b918", "b2f191f45495aaaef4c794d952fcc9d9640c5e97022db3357d99ace4fbaef77c", "41c389738b09cb40cbffb53cfed83871f90ae9152a2371e19679ba77a292f89b")	
4	fcmel	8000	false	stump_with_memoization	("c",3,true,"KDD-norm-partitioned-v1",["NG","Normalize","RemSilence"])	30	(50,15,10)	false	TestOp_80	IA	110	28	[60]	[(7,)]	89.09	42.86	71.43	71.43	71.43	71.43	71.43	71.43	71.43	5	0.092	ce3e03b367e5783b264f72817edcd080ad2d50a6270e6da712f3d4ac4223b41f	89.09	42.86	71.43	71.43	71.43	71.43	71.43	71.43	71.43	5	0.095	ce3e03b367e5783b264f72817edcd080ad2d50a6270e6da712f3d4ac4223b41f	89.09	42.86	71.43	71.43	71.43	71.43	71.43	71.43	71.43	5	0.097	ce3e03b367e5783b264f72817edcd080ad2d50a6270e6da712f3d4ac4223b41f	89.09	42.86	71.43	71.43	71.43	71.43	71.43	71.43	71.43	5	0.095	ce3e03b367e5783b264f72817edcd080ad2d50a6270e6da712f3d4ac4223b41f	89.09	42.86	71.43	71.43	71.43	71.43	71.43	71.43	71.43	5	0.096	ce3e03b367e5783b264f72817edcd080ad2d50a6270e6da712f3d4ac4223b41f	89.09	42.86	71.43	71.43	71.43	71.43	71.43	71.43	71.43	5	0.098	ce3e03b367e5783b264f72817edcd080ad2d50a6270e6da712f3d4ac4223b41f	100.0	62.86	81.43	81.43	81.43	81.43	81.49	81.49	81.42	8.55	63260.0	0.0	0.36	0.09	0.09	0.15	0.15	0.12	0.12	0.09	0.02	5880.0	23.951	("76bea7ecc0ba29693b5ceb1ead7fe4437758ec6aa762e8d32e1492ad02ec2c28", "50a66be8c1ebdec075c5c2a3e12d61be1e824b366c68d8fe4a296a0140fb5fee", "540bbb8d95c5c408fd150a3d42adaa395dc6cccdc0b7b3ed3c81bf68a76781d8", "39c7455ccd1091e8b27d22faab3e87423f4b76a07ae938118edfdfa45f122f0a", "cd46c98e03f2a1eae94439b59c17096d33741041ae1d46298ed5e87b7d1a2407")	
5	fcmel	8000	false	stump_with_memoization	("c",3,true,"KDD-norm-partitioned-v1",["NG","Normalize","RemSilence"])	30	(50,15,10)	false	TestOp_80	IA	110	28	[60]	[(7,)]	97.27	71.43	85.71	85.71	85.71	85.71	85.71	85.71	85.71	9	1.336	1d1ab95d0ffdcb91e325d0c4a64f82ce06eaa6043eacd635d747947f2fbd25f0	97.27	71.43	85.71	85.71	85.71	85.71	85.71	85.71	85.71	9	1.368	1d1ab95d0ffdcb91e325d0c4a64f82ce06eaa6043eacd635d747947f2fbd25f0	97.27	71.43	85.71	85.71	85.71	85.71	85.71	85.71	85.71	9	1.351	1d1ab95d0ffdcb91e325d0c4a64f82ce06eaa6043eacd635d747947f2fbd25f0	97.27	71.43	85.71	85.71	85.71	85.71	85.71	85.71	85.71	9	1.249	1d1ab95d0ffdcb91e325d0c4a64f82ce06eaa6043eacd635d747947f2fbd25f0	97.27	71.43	85.71	85.71	85.71	85.71	85.71	85.71	85.71	9	1.351	1d1ab95d0ffdcb91e325d0c4a64f82ce06eaa6043eacd635d747947f2fbd25f0	97.27	71.43	85.71	85.71	85.71	85.71	85.71	85.71	85.71	9	1.282	1d1ab95d0ffdcb91e325d0c4a64f82ce06eaa6043eacd635d747947f2fbd25f0	99.82	81.43	90.71	90.71	92.86	88.57	89.14	92.53	90.94	10.0	63540.0	0.0	0.15	0.04	0.04	0.0	0.15	0.11	0.0	0.03	0.02	2480.0	24.557	("9b6fe438a6c97403ee5fb8602a89d178f479ac1e477f26e619bdf77909744137", "4b0de1fac3c977227271f3b8cdf079f4fb57ea08e2d2c108a1d0db588e827c2b", "6cd8a1a163602791f39fdd78e8f73c0e86d2abb2452181b99c7899d7abf16fe2", "cd4cdcfcd52a7f1867d1bd55193143c3578b726120917fce2a119853b5ceefdd", "4358ebca941d64bf4ebc8113771f1e7ddf7ce6b23cc61bdc0ced36897ee460b5")	
6	fcmel	8000	false	stump_with_memoization	("c",3,true,"KDD-norm-partitioned-v1",["NG","Normalize","RemSilence"])	30	(50,15,10)	false	TestOp_80	IA	110	28	[60]	[(7,)]	98.18	71.43	85.71	85.71	100.0	71.43	77.78	100.0	87.5	13	1.421	1500988eaa5bb789194b15f4d96835c0ae5b212533865d5b29b35017de128e70	94.55	64.29	82.14	82.14	92.86	71.43	76.47	90.91	83.87	9	1.322	3e7b787c6bad735c3f4e9d5694a77b6d7263a4165f970eb5da10cf749ec1727f	80.91	57.14	78.57	78.57	100.0	57.14	70.0	100.0	82.35	5	0.103	43cfb573359c5257248f0f7ee8947a83e2e2f2568b0d8915134619a17039ca03	96.36	57.14	78.57	78.57	100.0	57.14	70.0	100.0	82.35	11	1.383	86b5e288f62744be6d8c4914234937f6e0b2bb2113fda7a140c80b555485be8d	94.55	64.29	82.14	82.14	92.86	71.43	76.47	90.91	83.87	9	1.307	3e7b787c6bad735c3f4e9d5694a77b6d7263a4165f970eb5da10cf749ec1727f	80.91	57.14	78.57	78.57	100.0	57.14	70.0	100.0	82.35	5	0.103	43cfb573359c5257248f0f7ee8947a83e2e2f2568b0d8915134619a17039ca03	100.0	78.57	89.29	89.29	100.0	78.57	82.35	100.0	90.32	10.0	65100.0	0.0	0.0	0.0	0.0	0.0	0.0	0.0	0.0	0.0	0.02	14200.0	24.75	("6af0182563f41ff4212e736f5509e928994ff07060b49992635097577a4eba65", "9dc06c69e25c0e9a5f139f03cb5309d7937300fdb49d7bbd1527553519c1a3d0", "48f61eb968b19619ea9aec59637285801ad21fc44bb07e647c0f342f97fb3131", "a083b8fb4798a5132c5e468cbd5b537f023d21fe9982bfc2b4a7efff958f9078", "9c01f518f25b8d7b958f3e5c6ccbebbbe7c66ea20aa13973bcf87063bf39eb51")	
7	fcmel	8000	false	stump_with_memoization	("c",3,true,"KDD-norm-partitioned-v1",["NG","Normalize","RemSilence"])	30	(50,15,10)	false	TestOp_80	IA	110	28	[60]	[(7,)]	95.45	85.71	92.86	92.86	92.86	92.86	92.86	92.86	92.86	7	1.487	11cde5103d7883adcd624f667fa744aef708b585ef8e0c89dfca3292cdc037d9	95.45	85.71	92.86	92.86	92.86	92.86	92.86	92.86	92.86	7	1.593	11cde5103d7883adcd624f667fa744aef708b585ef8e0c89dfca3292cdc037d9	95.45	85.71	92.86	92.86	92.86	92.86	92.86	92.86	92.86	7	1.572	11cde5103d7883adcd624f667fa744aef708b585ef8e0c89dfca3292cdc037d9	95.45	85.71	92.86	92.86	92.86	92.86	92.86	92.86	92.86	7	1.564	11cde5103d7883adcd624f667fa744aef708b585ef8e0c89dfca3292cdc037d9	95.45	85.71	92.86	92.86	92.86	92.86	92.86	92.86	92.86	7	1.511	11cde5103d7883adcd624f667fa744aef708b585ef8e0c89dfca3292cdc037d9	95.45	85.71	92.86	92.86	92.86	92.86	92.86	92.86	92.86	7	1.56	11cde5103d7883adcd624f667fa744aef708b585ef8e0c89dfca3292cdc037d9	99.64	90.0	95.0	95.0	90.0	100.0	100.0	91.0	94.7	11.09	62780.0	0.0	0.15	0.04	0.04	0.15	0.0	0.0	0.1	0.05	0.01	24120.0	30.505	("7574af258b4a44636809e7bc92e880a7fac111e410453b3fd72abd11b215fae3", "2dd7b9da8e07d5d997eaf9dce90b72036a677a00b6b7384046844192c173a895", "fe4964486c3d9e562be50d7fd1d7963588e3d1929c0ab8b953dad17aa4177276", "bda48d9a34bf9c9114553cadf475a3e8a6b4dd0a51a3f1972fb1c23cdeb76f2b", "2a9ef47526f8994a9e1323c09535b7b14dfb4150e30e76bbcda6a644f2027ca3")	
8	fcmel	8000	false	stump_with_memoization	("c",3,true,"KDD-norm-partitioned-v1",["NG","Normalize","RemSilence"])	30	(50,15,10)	false	TestOp_80	IA	110	28	[60]	[(7,)]	93.64	78.57	89.29	89.29	100.0	78.57	82.35	100.0	90.32	7	0.133	f20a46aa68d94ed6cbf9c4a4755b7e46b3dd61e1d653ea00f4f39d757680ae29	93.64	78.57	89.29	89.29	100.0	78.57	82.35	100.0	90.32	7	0.133	f20a46aa68d94ed6cbf9c4a4755b7e46b3dd61e1d653ea00f4f39d757680ae29	93.64	78.57	89.29	89.29	100.0	78.57	82.35	100.0	90.32	7	0.135	f20a46aa68d94ed6cbf9c4a4755b7e46b3dd61e1d653ea00f4f39d757680ae29	93.64	78.57	89.29	89.29	100.0	78.57	82.35	100.0	90.32	7	0.209	f20a46aa68d94ed6cbf9c4a4755b7e46b3dd61e1d653ea00f4f39d757680ae29	93.64	78.57	89.29	89.29	100.0	78.57	82.35	100.0	90.32	7	0.125	f20a46aa68d94ed6cbf9c4a4755b7e46b3dd61e1d653ea00f4f39d757680ae29	93.64	78.57	89.29	89.29	100.0	78.57	82.35	100.0	90.32	7	0.129	f20a46aa68d94ed6cbf9c4a4755b7e46b3dd61e1d653ea00f4f39d757680ae29	100.0	81.43	90.71	90.71	95.71	85.71	87.88	95.57	91.33	9.45	61540.0	0.0	0.92	0.23	0.23	0.15	1.28	0.79	0.17	0.17	0.01	1280.0	22.469	("aa6a612451024467b9f3c85c72876cc23dcd769ac37ff76ed678f8b7d9b6f708", "942c1978543f9bd0752d2798bb3444c25ff40c3414b70acbaea109ea5291db1e", "720e860def4c4d1aaa848d9681acaf68bee9396673ea2e62e9ae8534ee96af4d", "121febcd3ce6a0db6ad3bf403ef4ba9da2f64b62db09684bbe2efe6f1b02a483", "76967fecbbe2b6cbf474b913079fcc8d26549a46c08c1e152140e0c221a6150d")	
9	fcmel	8000	false	stump_with_memoization	("c",3,true,"KDD-norm-partitioned-v1",["NG","Normalize","RemSilence"])	30	(50,15,10)	false	TestOp_80	IA	110	28	[60]	[(7,)]	94.55	57.14	78.57	78.57	85.71	71.43	75.0	83.33	80.0	9	2.463	97a3bfee3d753759e08f4d945bdf1724b32f7029b5ada96ec4abb4db42a81465	88.18	35.71	67.86	67.86	85.71	50.0	63.16	77.78	72.73	7	1.777	e61ac7603545638d2fe04f981fa7e8b8deba374173aa7b2a25418820d624f2e2	81.82	21.43	60.71	60.71	85.71	35.71	57.14	71.43	68.57	5	1.275	65df6dc3a796926cf0329db5e895d232c7518abc7fdd44a69fdf646a6c9b0e2e	94.55	57.14	78.57	78.57	85.71	71.43	75.0	83.33	80.0	9	2.361	97a3bfee3d753759e08f4d945bdf1724b32f7029b5ada96ec4abb4db42a81465	88.18	35.71	67.86	67.86	85.71	50.0	63.16	77.78	72.73	7	1.886	e61ac7603545638d2fe04f981fa7e8b8deba374173aa7b2a25418820d624f2e2	81.82	21.43	60.71	60.71	85.71	35.71	57.14	71.43	68.57	5	1.123	65df6dc3a796926cf0329db5e895d232c7518abc7fdd44a69fdf646a6c9b0e2e	99.82	85.71	92.86	92.86	87.14	98.57	98.46	88.5	92.42	13.27	68740.0	0.0	0.26	0.06	0.06	0.1	0.1	0.12	0.07	0.07	0.01	33680.0	26.4	("f0eabfba105eb1d0709013511dbf53dc947c3153b772a3b545283771572f42ad", "9ed7f1000cbe2672cdb4ed6cb5444896641c04af961119f5eb63710ad4092fad", "80e79f7a8cd1f681f584bed20c6c73688909540a3a6351923ac9e17fe45ae8ee", "263c71fc65d87192a766c54036d1b2da9abb0b2d3ca17f4f7642ac747a941431", "97a84562dab5c963fd1d4d3367b1baad48a51d129ead7ce6b0c98380857c3753")	
10	fcmel	8000	false	stump_with_memoization	("c",3,true,"KDD-norm-partitioned-v1",["NG","Normalize","RemSilence"])	30	(50,15,10)	false	TestOp_80	IA	110	28	[60]	[(7,)]	95.45	92.86	96.43	96.43	100.0	92.86	93.33	100.0	96.55	7	1.561	48b21bd6c08fc03c2b709ee8434ece86d1b328903faf6baca7472cd9ba0ea4e6	95.45	92.86	96.43	96.43	100.0	92.86	93.33	100.0	96.55	7	1.639	48b21bd6c08fc03c2b709ee8434ece86d1b328903faf6baca7472cd9ba0ea4e6	95.45	92.86	96.43	96.43	100.0	92.86	93.33	100.0	96.55	7	1.64	48b21bd6c08fc03c2b709ee8434ece86d1b328903faf6baca7472cd9ba0ea4e6	95.45	92.86	96.43	96.43	100.0	92.86	93.33	100.0	96.55	7	1.624	48b21bd6c08fc03c2b709ee8434ece86d1b328903faf6baca7472cd9ba0ea4e6	95.45	92.86	96.43	96.43	100.0	92.86	93.33	100.0	96.55	7	1.568	48b21bd6c08fc03c2b709ee8434ece86d1b328903faf6baca7472cd9ba0ea4e6	95.45	92.86	96.43	96.43	100.0	92.86	93.33	100.0	96.55	7	1.618	48b21bd6c08fc03c2b709ee8434ece86d1b328903faf6baca7472cd9ba0ea4e6	100.0	100.0	100.0	100.0	100.0	100.0	100.0	100.0	100.0	13.09	67580.0	0.0	0.0	0.0	0.0	0.0	0.0	0.0	0.0	0.0	0.03	19120.0	28.095	("ce20309f774583cfab130b9d1cb0c77d0e5b69eecaaedb78db2337e436ae59c4", "a63991aedb6387ed1def00a98054ccf656d707c98f691b5376e0c99cc2e2ea7d", "84e7e34b481e47d5eed81dfa86b4f600b6bfae2778749ed1cb058ad1915631eb", "89b3c0b9291a45ff335908f5ccc9c7a65c9aed209bc768db425ce07db2ad244b", "6525141e68f93b091394e34b08f6ffd0dc3ecd4b1f70eefcde6e9f92e5b44be2")	
1	fcmel	8000	false	stump_with_memoization	("c",1,false,"KDD-norm-partitioned-v1",["NG","Normalize","RemSilence"])	30	(50,30,20)	false	TestOp_80	IA	368	92	[60]	[(3,)]	96.74	30.43	65.22	65.22	69.57	60.87	64.0	66.67	66.67	69	11.596	3ab9da6a6df37df890dd6b0144b94747df478b92eef73c9879a3211fc17124d1	92.39	23.91	61.96	61.96	58.7	65.22	62.79	61.22	60.67	57	9.884	bcafe9c4c4b77689f6a2b2ff6058b941062e5682174164652d21093a1272f46d	77.99	26.09	63.04	63.04	63.04	63.04	63.04	63.04	63.04	13	6.68	5635b9cd6bf7f18f69ef21134fa6e033657d0ae8a3993c6affd35cd8646e8a87	94.84	28.26	64.13	64.13	63.04	65.22	64.44	63.83	63.74	59	10.002	4f132e3e1c977d43e7abdd0e8a808003cca868b19f2cd9f0b10c6b6bfe481746	91.3	26.09	63.04	63.04	56.52	69.57	65.0	61.54	60.47	51	9.675	60b192e2effcf0d6a9a631d3d27095107b1cbfb04397c64962bbb47e89c17fb9	77.99	26.09	63.04	63.04	63.04	63.04	63.04	63.04	63.04	13	6.723	5635b9cd6bf7f18f69ef21134fa6e033657d0ae8a3993c6affd35cd8646e8a87	99.57	36.52	68.26	68.26	61.74	74.78	71.16	66.12	66.07	27.93	284900.0	0.0	0.55	0.14	0.14	0.11	0.3	0.26	0.08	0.13	0.03	120200.0	120.293	("8143ae40710356864e9f59342852d4d9b422926536c3abb2a3f2c153482c470a", "dffa63a4e670bc3279ef91a99db319730f8fd7eebe895f2df4eb9a3abd20dc11", "7a0059bd7f8161ebbac9f6c0d677fbfc8aa421a0de472e3624f72f58bdb79520", "93b72aac94407c4738e9d3593a5700e18e94896d424df738262a9209e48d6395", "9da07774c1ada4661356fdec3c8eb473b0d236e5ff14226fe78d0a62c1d666f4")	
2	fcmel	8000	false	stump_with_memoization	("c",1,false,"KDD-norm-partitioned-v1",["NG","Normalize","RemSilence"])	30	(50,30,20)	false	TestOp_80	IA	368	92	[60]	[(3,)]	97.55	17.39	58.7	58.7	58.7	58.7	58.7	58.7	58.7	79	10.538	4b515c968cb6e58bd21be0b254098806b5f66d405ba93d98c464bf9332c79aca	92.39	21.74	60.87	60.87	65.22	56.52	60.0	61.9	62.5	51	9.134	cf6a0742ab2d63e308fe9a93c558e7ed20cba5962bb9f3732102ddd0c1220a36	75.0	26.09	63.04	63.04	63.04	63.04	63.04	63.04	63.04	11	5.225	38f474f95c952500227cba592a814d447bbf3d6047158f09a5c1e45dbf1a147a	95.38	21.74	60.87	60.87	65.22	56.52	60.0	61.9	62.5	67	9.664	2bede734e076d4e181fd28d4f3b4b72c273006288e4315d55c9a3465521487b0	91.85	21.74	60.87	60.87	67.39	54.35	59.62	62.5	63.27	51	9.026	aada77df968c2063916cdbfe543a80b3f66a463c260a1f0038628fb87dd91fcb	75.0	26.09	63.04	63.04	63.04	63.04	63.04	63.04	63.04	11	5.184	38f474f95c952500227cba592a814d447bbf3d6047158f09a5c1e45dbf1a147a	99.78	46.52	73.26	73.26	73.91	72.61	73.1	73.57	73.45	28.32	289940.0	0.0	0.25	0.06	0.06	0.07	0.25	0.12	0.04	0.05	0.02	171880.0	121.356	("715eb5789a3af4519a91c6cb53053b8fda1520198d178e9bebdff20d89eca689", "61ed59c1395d5379e3758b36e79f01c438d28be3c61a0c6b6d718615670c139f", "80b96c09a2365b04ecf4347198ead852e22866e003669af23740c501608723a0", "818e1b5161b7a841f289ce0bf76230da467035867c475b1e4cf147fa8470fc0d", "5799f8c0582edc493d0ead68b5b23798738d65a0366c1a21d12d2ea1b91bb3fa")	
3	fcmel	8000	false	stump_with_memoization	("c",1,false,"KDD-norm-partitioned-v1",["NG","Normalize","RemSilence"])	30	(50,30,20)	false	TestOp_80	IA	368	92	[60]	[(3,)]	94.84	30.43	65.22	65.22	71.74	58.7	63.46	67.5	67.35	71	6.107	9f32a065e5824a75a709ab63bb811a0f3e2f42579541cbb540717f9c9ae357fe	90.22	26.09	63.04	63.04	69.57	56.52	61.54	65.0	65.31	55	5.739	91e359e8d704a2a5a8f56556140b848c10d9d9c169b8f0ca34b07d5c00cd9397	77.17	26.09	63.04	63.04	73.91	52.17	60.71	66.67	66.67	15	5.208	3b4b701e276a8e48793852b01529dc07faeb9d8007f1f311c6eededcc00bafad	92.93	23.91	61.96	61.96	67.39	56.52	60.78	63.41	63.92	61	5.849	bb5a280b4ec31d83d767044013cf6a0be147a72e6baa28da045179087d9af560	89.4	23.91	61.96	61.96	69.57	54.35	60.38	64.1	64.65	47	5.939	eafade88efd19e066ffe91c7ce0b7a8449fbb7c5e7ac578093fc3b37b0372feb	77.17	26.09	63.04	63.04	73.91	52.17	60.71	66.67	66.67	15	4.999	3b4b701e276a8e48793852b01529dc07faeb9d8007f1f311c6eededcc00bafad	99.67	43.91	71.96	71.96	73.91	70.0	71.15	72.89	72.48	25.6	290660.0	0.0	0.01	0.0	0.0	0.05	0.03	0.01	0.01	0.01	0.04	204680.0	134.532	("1633a0a91855d09852c59f713fc17f3afd1b33aa61fac903403f986ecad6a6c2", "7cd1b4b70fdb619dc57d80ba82ed95cc1f67eabe4398dad0131836444d792408", "6efdc4fd4430ff3320f2fd89f5aed68454013983dbbb99f83de081ddb894b99b", "1e8e8c6fd3b0c28b4c38464c4f4dd07802862d8dac90dd5eb64cc5fe017e954b", "958de76dc54e6b8f8e3876e9b0b5d4c9e9ccebe6fdd508d15d2eaef4b13d45f4")	
4	fcmel	8000	false	stump_with_memoization	("c",1,false,"KDD-norm-partitioned-v1",["NG","Normalize","RemSilence"])	30	(50,30,20)	false	TestOp_80	IA	368	92	[60]	[(3,)]	95.11	39.13	69.57	69.57	67.39	71.74	70.45	68.75	68.89	59	5.703	2b96f096c709a2bcfe1efcc81fe3fc9fe88055a9e34b613f6e4d5b1431e30729	89.4	39.13	69.57	69.57	69.57	69.57	69.57	69.57	69.57	37	4.436	5dcd026fa61aba2d38dea80c69243c792e84f47d8b2dbfed35c2be11b6ab8c00	76.09	30.43	65.22	65.22	65.22	65.22	65.22	65.22	65.22	13	1.453	c3393093304437455f07fab2862507a4474236eaf44f4cb8d9cd3317aeec2b96	92.39	39.13	69.57	69.57	71.74	67.39	68.75	70.45	70.21	51	5.627	a581478400ae8580d739feadd808957f46a961cdee831f81876f14c46169c0ec	88.59	36.96	68.48	68.48	71.74	65.22	67.35	69.77	69.47	33	4.372	ff2d05d60d496b9fdf27f1d5facb6fecbf3324a6938b5a174a3db4e3a97f1abf	76.09	26.09	63.04	63.04	65.22	60.87	62.5	63.64	63.83	13	1.634	cfc7bde1f695b0e86c33ff9f4154c69d926f2f1547ecbecb151036368363711f	99.73	40.43	70.22	70.22	63.04	77.39	73.78	67.7	67.91	25.98	283260.0	0.0	0.23	0.06	0.06	0.12	0.23	0.16	0.04	0.06	0.01	82480.0	118.123	("8acf6bba3b9bb6000d20de35653732a0b8671f5997425e4afe0041ba4d9a9209", "1857f38394340c138b5a7986bf52b2c5c32801630f6bd8c6ffb4b8f77fcce516", "4f9613f86ffa72771c66100256b03eaac7c8982542867f5cae4f688e51c04a6d", "2379f15e396e051124f247dea3dcefc49f382f7aa6040892ac1b9303f94362a7", "a8217b75bca16b231112a86d790d0099cc8ccabefb12bddad5ab5ef5a1326fb0")	
5	fcmel	8000	false	stump_with_memoization	("c",1,false,"KDD-norm-partitioned-v1",["NG","Normalize","RemSilence"])	30	(50,30,20)	false	TestOp_80	IA	368	92	[60]	[(3,)]	93.48	28.26	64.13	64.13	63.04	65.22	64.44	63.83	63.74	61	5.739	f26bcee9673a75a378a0fab4d01f6b953364156ee8c7d798dcf730e5c2c95308	89.67	34.78	67.39	67.39	69.57	65.22	66.67	68.18	68.09	47	5.971	ff6307ca0e03f8dcc4cb8c5f8bfbbe549e755c22575f47362717945c4e3951a2	82.61	26.09	63.04	63.04	54.35	71.74	65.79	61.11	59.52	25	5.791	68996a54ac7b63cddf2a78adcc54b5ec8d37aeddbb42b4ca108420e6f81e1994	91.58	30.43	65.22	65.22	71.74	58.7	63.46	67.5	67.35	55	5.728	d2673d1b697c982e57c6c78ea3ca0b1bec36927163e3f3fa1f1efc9855c0de63	89.13	34.78	67.39	67.39	69.57	65.22	66.67	68.18	68.09	43	5.835	4e90c587db338354fe77ecdd929d4e0c0dc93f2b0b804db9ccee32a9098fb7fc	82.88	26.09	63.04	63.04	54.35	71.74	65.79	61.11	59.52	27	5.55	ed82fa78e65365f049d2390c201aa788d777cc0aaf90665e8f9db20f9a9b3c9b	99.62	46.52	73.26	73.26	76.96	69.57	71.71	75.3	74.16	27.88	290020.0	0.0	0.91	0.23	0.23	0.44	0.35	0.21	0.29	0.25	0.03	85120.0	119.877	("41c361320cf9bfa10f30d4965cf5625895921ed997ce4ef99c0be45ffb861f82", "7070372997c2163d2925ed029ddc2af12db0302ab25524d12e6f42741005a7fa", "29478460bb6dc64c04ac106f6e55cf34986275f3c0dfc0756859393e090447a1", "2a3b998f06fec661691138e9dafd4a3edb20e6fb2fd0405ef4079c965f35f8f6", "8407c3ac6b1c31abf4cca3b29c6c288f3d10ec5ca33e26bedd4c189b8efd9c51")	
6	fcmel	8000	false	stump_with_memoization	("c",1,false,"KDD-norm-partitioned-v1",["NG","Normalize","RemSilence"])	30	(50,30,20)	false	TestOp_80	IA	368	92	[60]	[(3,)]	95.65	34.78	67.39	67.39	67.39	67.39	67.39	67.39	67.39	69	8.337	607cb831d27b9cb8e186d17a8b4cda31a19f34cfddc90281ce87ed5520834272	87.23	36.96	68.48	68.48	65.22	71.74	69.77	67.35	67.42	37	8.397	8f5b835cbdf5731c7fadff75a4231304fb6807ad96288b6f665a7afe13b8f1dd	79.89	34.78	67.39	67.39	73.91	60.87	65.38	70.0	69.39	19	7.322	843d152d37f1186d1229ee2a09db6573d4f8d25a580c019e8de3c85a284c802b	93.75	32.61	66.3	66.3	65.22	67.39	66.67	65.96	65.93	63	8.235	78f1b0ff3c69dae98cb139f5ccf56bd5c478902cf741ce639b0f3147f784b850	87.23	34.78	67.39	67.39	63.04	71.74	69.05	66.0	65.91	41	8.565	82600652a5994cdee9a31c3a829bc076baf718793b1cac275ac3e7c4c0218790	79.89	34.78	67.39	67.39	73.91	60.87	65.38	70.0	69.39	19	7.297	843d152d37f1186d1229ee2a09db6573d4f8d25a580c019e8de3c85a284c802b	99.78	56.52	78.26	78.26	76.96	79.57	79.04	77.54	77.98	27.72	290380.0	0.0	0.17	0.04	0.04	0.04	0.06	0.05	0.04	0.04	0.03	210520.0	131.324	("6286340006417cc40e35545a88689528758ca964682396d5acfc9df2e927baec", "91761dc0e439ff88d9154398ed08087d3c5cdec22a7bde6bfa7e9e592f2ea150", "009e289bc9afd0c94887b4281c911f7099348cbb3d47edf03c52bddde72dbeb9", "0f0cb8ea3cb7c682fc9188a643089953a3962f26adb1dd251985297a921ea98a", "228e18b6a2242352a014afcaa8b2c47f935f780305100d0edcf34120dc564d89")	
7	fcmel	8000	false	stump_with_memoization	("c",1,false,"KDD-norm-partitioned-v1",["NG","Normalize","RemSilence"])	30	(50,30,20)	false	TestOp_80	IA	368	92	[60]	[(3,)]	96.47	39.13	69.57	69.57	78.26	60.87	66.67	73.68	72.0	69	5.472	2cdf49b6155d811136075cd4e9bcec0885a6bc0ab19da70ff62c3dba589d8ca6	88.86	43.48	71.74	71.74	76.09	67.39	70.0	73.81	72.92	39	4.028	00e4a85d4d3392adcdcf5e0a85dcdc3319a55ddabb054b995bf8efcf3dbf7984	78.8	36.96	68.48	68.48	76.09	60.87	66.04	71.79	70.71	17	2.574	0ac23bf45e6f0f29532438e7520d12ef1e98f38ee681c9239cc9fd77157dd16f	94.29	32.61	66.3	66.3	76.09	56.52	63.64	70.27	69.31	61	5.606	162c6e94188f2aac764ed2b9c8c8dd4b11ea3fab75a065a3ee150a89eb101ca6	87.77	41.3	70.65	70.65	76.09	65.22	68.63	73.17	72.16	35	4.074	10af256060946e7188410996c7d96ce06016bcf140295213ac9068653c31ce29	78.8	36.96	68.48	68.48	76.09	60.87	66.04	71.79	70.71	17	2.6	0ac23bf45e6f0f29532438e7520d12ef1e98f38ee681c9239cc9fd77157dd16f	99.84	53.48	76.74	76.74	73.04	80.43	78.93	74.95	75.83	27.17	285980.0	0.0	0.63	0.16	0.16	0.23	0.21	0.21	0.15	0.18	0.03	70720.0	117.714	("157771325767d5f64c34d50382dbe004d5b10580d92a2e52a0f50c99ccae2d0d", "84c3b4e15618629cc3ae7cf852466dacd07a66213a24afc0845a5ba495bd0bfb", "98619df5e7ed41cd4b71a703eb13738a7c1190b96ee6f8580b0d219e712415d8", "87c2aa870dc4ba2c313cda34167310f9b677120dcc77c8173537b6485eda11c8", "be0768e06aaec2c6b3c1d875040f74cb36c56c1f7754d661f5f38b98ac527f2f")	
8	fcmel	8000	false	stump_with_memoization	("c",1,false,"KDD-norm-partitioned-v1",["NG","Normalize","RemSilence"])	30	(50,30,20)	false	TestOp_80	IA	368	92	[60]	[(3,)]	94.84	52.17	76.09	76.09	78.26	73.91	75.0	77.27	76.6	65	5.004	61fb749e1fd3c904ece1b7edeb7038ff4fc57aee48ff579b728124e005029da1	89.13	50.0	75.0	75.0	76.09	73.91	74.47	75.56	75.27	39	4.819	8b769cb328337053e6603a6f52725a4ae956ca5332353895adb31fe40b98e625	77.45	39.13	69.57	69.57	67.39	71.74	70.45	68.75	68.89	13	4.541	d9841215294828d0891b750fe8c1a0166d63b6e11a6efbce939976d53285662f	93.21	50.0	75.0	75.0	78.26	71.74	73.47	76.74	75.79	55	5.058	1c015c19594499a61d4885a43dbdb68f545b7b83a81ceacb433044def190a818	88.04	52.17	76.09	76.09	76.09	76.09	76.09	76.09	76.09	37	4.816	f7bcb49cb7238f156b540acb11b5cfc763379834c8e0de81dbf5185b76fdfeb6	77.45	39.13	69.57	69.57	67.39	71.74	70.45	68.75	68.89	13	4.584	d9841215294828d0891b750fe8c1a0166d63b6e11a6efbce939976d53285662f	99.73	61.3	80.65	80.65	74.35	86.96	85.1	77.24	79.34	26.09	291980.0	0.0	0.22	0.06	0.06	0.08	0.07	0.08	0.05	0.07	0.02	121720.0	124.366	("26bc47bc21f20e7a454178324019b9fec9e1f0e088b46f2b75cf331d5cca6b38", "e4d64fddb2847f8d738582feb31b06be743ab31ec45c753842f8bf1b58dbd0f7", "d14265d66a2a0d75d54d87111f9e7f3dc48b0b785553f7ac67d07e6ce2ae2456", "f49ba6a283d572df84a15c4dd90ae0a3ed30e4270b7aea2015794fbc75de1cbe", "e24fa8b9a6d57b8af29313809b123efaea4411a009e118be6fa1272270605a7f")	
9	fcmel	8000	false	stump_with_memoization	("c",1,false,"KDD-norm-partitioned-v1",["NG","Normalize","RemSilence"])	30	(50,30,20)	false	TestOp_80	IA	368	92	[60]	[(3,)]	94.29	32.61	66.3	66.3	58.7	73.91	69.23	64.15	63.53	57	4.865	a9efabb991c89d01e23868b29018df5ecadcfcf19951ce179ca5477e4e25c998	89.95	36.96	68.48	68.48	65.22	71.74	69.77	67.35	67.42	45	3.793	8aa635756215f021bfca122026f6d875f4ff1409ff96a4472feb268effbdaf68	77.45	28.26	64.13	64.13	63.04	65.22	64.44	63.83	63.74	17	2.163	43dbae395a6a14f50a8d57a51d1b37f7421c1e82957d00db5b0f8f1c05b6669a	91.85	32.61	66.3	66.3	58.7	73.91	69.23	64.15	63.53	53	5.007	e72aefc99b507ffd4054cb61d7e67cc0a03f993ffddc7420e099171b39c9f1b7	88.04	36.96	68.48	68.48	67.39	69.57	68.89	68.09	68.13	43	3.725	8eacd0ada9215fa7486c76aa148c82762289003204e91ad4b6dd914b6bdcd7ba	77.45	28.26	64.13	64.13	63.04	65.22	64.44	63.83	63.74	17	2.171	43dbae395a6a14f50a8d57a51d1b37f7421c1e82957d00db5b0f8f1c05b6669a	99.73	47.39	73.7	73.7	69.13	78.26	76.27	71.94	72.32	27.55	285580.0	0.0	0.08	0.02	0.02	0.41	0.19	0.05	0.09	0.09	0.02	36320.0	121.906	("d3510ed38243288474fec254471f9b72c428d30c0b3517da7341142305e54235", "fdaf368b7aeca788356190507a7785107611f360784bcefbf8f20630773ff7b3", "d2f9d8f9017ae4d259836492fbf65e08025b74d1d9faac2ad705aea0415d14f7", "e4387f2ab50c46430d51fa64a1c1eca131bb5bd31b6b90d7f2f729e2004a411b", "8e4bc43844fe729c62f566cef0b2db452fd8b8381d4897b599d52b8453c35629")	
10	fcmel	8000	false	stump_with_memoization	("c",1,false,"KDD-norm-partitioned-v1",["NG","Normalize","RemSilence"])	30	(50,30,20)	false	TestOp_80	IA	368	92	[60]	[(3,)]	96.2	54.35	77.17	77.17	80.43	73.91	75.51	79.07	77.89	65	5.604	d615d9310164c10ce606d156c28dcb6749f74eb5bab23a2cd0dce8e42821eec7	95.65	52.17	76.09	76.09	80.43	71.74	74.0	78.57	77.08	61	5.681	503f91d0db62efa108b1b8bfbcdb2aa73798d217d2ed9e398557846e3b4672a8	85.6	39.13	69.57	69.57	73.91	65.22	68.0	71.43	70.83	33	4.973	049976787a5fe7613480ba339bf9b78d699976bccf6a85b6e5a6ed1949c8bc2c	95.38	52.17	76.09	76.09	78.26	73.91	75.0	77.27	76.6	61	5.595	0de95e72e61beeece3e43c44b66400affc4c2dc32eb964ae7f0646cf19708f29	95.38	52.17	76.09	76.09	80.43	71.74	74.0	78.57	77.08	59	5.682	aa4985176ba6453aaa40785c38107bd70db7f99336bc432554d587a502a541b4	85.6	39.13	69.57	69.57	73.91	65.22	68.0	71.43	70.83	33	4.992	049976787a5fe7613480ba339bf9b78d699976bccf6a85b6e5a6ed1949c8bc2c	99.89	62.61	81.3	81.3	84.35	78.26	79.52	83.35	81.85	28.59	295740.0	0.0	0.34	0.09	0.09	0.1	0.09	0.08	0.11	0.08	0.05	184680.0	122.519	("309d4d35a3b7abbb437bde9e4a74d94937f359240c3bf4aacc62fd7834c23eb7", "0e2564f885e3e0775d1310f8fd84092fb812560c0ab34933b1589a722726afb9", "05843f95c5e9ca7ef22b8fe758c061f9dd8b6fcacf46a371d2be1617b984282f", "2b4807db93d346afea3aadbbfd22fcc8fec251cc8875395bc2353b4a9b3e7f31", "9c1f15bb992772bb866224237edc8bb2daba1f0cc42a90323ebddcd43c861639")	
1	fcmel	8000	false	stump_with_memoization	("c",2,true,"KDD-norm-partitioned-v1",["NG","Normalize","RemSilence"])	30	(50,30,20)	false	TestOp_80	IA	110	28	[60]	[(3,)]	97.27	57.14	78.57	78.57	78.57	78.57	78.57	78.57	78.57	11	1.126	93b358b63ac706c6b5a4fe4c9cff9f6fbd720549c54a7c0cac052abffecb6029	86.36	42.86	71.43	71.43	85.71	57.14	66.67	80.0	75.0	5	0.636	657325b7417d926edd15f0ee1ff68bd0c25f472372c43d17f9481a5eebb2c9af	86.36	42.86	71.43	71.43	85.71	57.14	66.67	80.0	75.0	5	0.521	657325b7417d926edd15f0ee1ff68bd0c25f472372c43d17f9481a5eebb2c9af	96.36	57.14	78.57	78.57	78.57	78.57	78.57	78.57	78.57	11	0.868	9bf4c5bbbfaa8415291bd6fb6a3d124897f488745db6cf9f275c2574506afabb	86.36	42.86	71.43	71.43	85.71	57.14	66.67	80.0	75.0	5	0.804	657325b7417d926edd15f0ee1ff68bd0c25f472372c43d17f9481a5eebb2c9af	86.36	42.86	71.43	71.43	85.71	57.14	66.67	80.0	75.0	5	0.526	657325b7417d926edd15f0ee1ff68bd0c25f472372c43d17f9481a5eebb2c9af	99.82	72.86	86.43	86.43	85.71	87.14	87.3	86.38	86.26	11.45	65220.0	0.0	0.36	0.09	0.09	0.51	0.36	0.22	0.33	0.11	0.0	2920.0	18.505	("c1c2ffb476a1d3ea9f6b257e0187182b7c0119f556faa9eee83127e4e06d20d8", "e3ed259c132098016aa4b26e66304a62bde1e482e203a0f0584b0a8376511116", "516462d65f130762844abe89f273c1c1444ff3640e15c52220ef82118f7fac0f", "3c3f8d8b86c1544378c1f74ed8713f157e0b97dedf4283b7e86511db8e1c8d00", "6c5cc26d08978b033fae86cfa574ec2ee18a03832d9ce4c5b8c6a1cd5604902e")	
2	fcmel	8000	false	stump_with_memoization	("c",2,true,"KDD-norm-partitioned-v1",["NG","Normalize","RemSilence"])	30	(50,30,20)	false	TestOp_80	IA	110	28	[60]	[(3,)]	94.55	50.0	75.0	75.0	71.43	78.57	76.92	73.33	74.07	9	1.13	bb26108bd4c6545df2e6491a9a6a7be9b2f0e2c379a1fe306f590a3c9f4c5fe2	94.55	50.0	75.0	75.0	71.43	78.57	76.92	73.33	74.07	9	1.0	bb26108bd4c6545df2e6491a9a6a7be9b2f0e2c379a1fe306f590a3c9f4c5fe2	82.73	50.0	75.0	75.0	85.71	64.29	70.59	81.82	77.42	5	0.504	12aa5863d665b31df76a55293ce544ab94d656d078e20f364ae362962778ac26	94.55	50.0	75.0	75.0	71.43	78.57	76.92	73.33	74.07	9	0.994	bb26108bd4c6545df2e6491a9a6a7be9b2f0e2c379a1fe306f590a3c9f4c5fe2	94.55	50.0	75.0	75.0	71.43	78.57	76.92	73.33	74.07	9	1.011	bb26108bd4c6545df2e6491a9a6a7be9b2f0e2c379a1fe306f590a3c9f4c5fe2	82.73	50.0	75.0	75.0	85.71	64.29	70.59	81.82	77.42	5	0.509	12aa5863d665b31df76a55293ce544ab94d656d078e20f364ae362962778ac26	99.45	55.71	77.86	77.86	75.71	80.0	79.12	76.76	77.35	10.55	67620.0	0.01	0.36	0.09	0.09	0.15	0.1	0.1	0.1	0.1	0.13	2120.0	16.93	("16951f27038aa91dfa8baf8f6abf8ed65190a8e5a95e4b18885ab40feeed4423", "4133780c1e83f0416e3a96f019a751c0ede01b46f863c1d40f5cc860506ae881", "be5493cbe563f1d2b6126bfd25896bc50c80dd7fa8ef423b3f94af70fb9fa5b8", "10097d7b243d1e2b39df6b49d3ffa7f6faba3a92389649cb35486f7b348aa9ed", "5ead456eedd1a9d81ea399e14c7a81de10287415d9c0c25c29a9a80d6b591bee")	
3	fcmel	8000	false	stump_with_memoization	("c",2,true,"KDD-norm-partitioned-v1",["NG","Normalize","RemSilence"])	30	(50,30,20)	false	TestOp_80	IA	110	28	[60]	[(3,)]	97.27	78.57	89.29	89.29	85.71	92.86	92.31	86.67	88.89	11	0.837	db38af7f890d262e48e13f3ae070af576a2509f46335e4b40e06ef2572675630	92.73	71.43	85.71	85.71	92.86	78.57	81.25	91.67	86.67	7	0.698	b8226a5f66280837fb434f8e312a22e24a5f82445d1a5d040e9abff5c53b301f	83.64	64.29	82.14	82.14	92.86	71.43	76.47	90.91	83.87	3	0.058	8b27fa5da099a1f370281a577f626a64486a721d2f13631797811b3a6d5a388e	95.45	78.57	89.29	89.29	85.71	92.86	92.31	86.67	88.89	9	0.84	b7d4e125a824dfa28ce1d66eeef626a2ebb4091e69a2a2ea1d1e6fc3bbb1a024	92.73	71.43	85.71	85.71	92.86	78.57	81.25	91.67	86.67	7	0.612	b8226a5f66280837fb434f8e312a22e24a5f82445d1a5d040e9abff5c53b301f	83.64	64.29	82.14	82.14	92.86	71.43	76.47	90.91	83.87	3	0.059	8b27fa5da099a1f370281a577f626a64486a721d2f13631797811b3a6d5a388e	99.45	80.0	90.0	90.0	85.71	94.29	93.85	86.83	89.57	13.45	61020.0	0.0	0.1	0.03	0.03	0.0	0.1	0.12	0.0	0.02	0.02	21520.0	13.979	("b4857459da8d0cfb5d885d933eab490a588b1b5f870f96f7d0365a0ccc8a0769", "4611343284641490dff49c150dbab40725ee022da6b965ee01ff95ee63b72020", "0babf48de10cd26f7bcba1c5479083dd07e8fb73b2e37c13346de1345be63437", "6a344aef65e8b4246ddd3b36644eecd354a32a4605309f08193e922bb2e30ef5", "ab9524fac1866ac754f52e45f453c190f446fac86c17e26f39cdd05f6c997975")	
4	fcmel	8000	false	stump_with_memoization	("c",2,true,"KDD-norm-partitioned-v1",["NG","Normalize","RemSilence"])	30	(50,30,20)	false	TestOp_80	IA	110	28	[60]	[(3,)]	97.27	57.14	78.57	78.57	78.57	78.57	78.57	78.57	78.57	11	1.183	18d459e6d0e5de6e3100125b08a2b289a3fa789dcf8ee2acb64925a1fa913f8a	97.27	57.14	78.57	78.57	78.57	78.57	78.57	78.57	78.57	11	1.14	18d459e6d0e5de6e3100125b08a2b289a3fa789dcf8ee2acb64925a1fa913f8a	87.27	57.14	78.57	78.57	92.86	64.29	72.22	90.0	81.25	5	0.498	070cd721231c1f7c5a779f689398061e73c86c806dffacd4e0c8034d3326a615	97.27	57.14	78.57	78.57	78.57	78.57	78.57	78.57	78.57	11	1.129	18d459e6d0e5de6e3100125b08a2b289a3fa789dcf8ee2acb64925a1fa913f8a	97.27	57.14	78.57	78.57	78.57	78.57	78.57	78.57	78.57	11	1.156	18d459e6d0e5de6e3100125b08a2b289a3fa789dcf8ee2acb64925a1fa913f8a	87.27	57.14	78.57	78.57	92.86	64.29	72.22	90.0	81.25	5	0.499	070cd721231c1f7c5a779f689398061e73c86c806dffacd4e0c8034d3326a615	99.82	82.86	91.43	91.43	84.29	98.57	98.46	86.3	90.76	10.0	61420.0	0.0	0.15	0.04	0.04	0.1	0.1	0.12	0.05	0.05	0.03	16920.0	15.746	("dbc61e314ec20a38ea524f8d7be2712c1eee114c5b6ce79a0112e9692b7457d0", "56c12b05b3fa9aa26242548b907d7cdfd9fcf94d39260c6c269b27b3c316d800", "9626d5177fa989927c5c14bb11563198110278f516113c4ad50e4b29fb14f463", "46e0c92bbe3563853129320b5d4000586756fb749561645c9cb3c90ee71f55f5", "59189a781fb897e562afd618fbe5e71e4bf859880ae54a3e75be0a043110e466")	
5	fcmel	8000	false	stump_with_memoization	("c",2,true,"KDD-norm-partitioned-v1",["NG","Normalize","RemSilence"])	30	(50,30,20)	false	TestOp_80	IA	110	28	[60]	[(3,)]	97.27	71.43	85.71	85.71	92.86	78.57	81.25	91.67	86.67	13	0.849	bf87b1a0c4a3a43a74d138c89b881fffc2e5d6a866f960e89bd036d8e3aea176	90.91	64.29	82.14	82.14	100.0	64.29	73.68	100.0	84.85	7	0.595	5194416bb87ea0d5796078b98f531ad59675c3f1274b95bd002bec15cf10f1aa	80.0	42.86	71.43	71.43	100.0	42.86	63.64	100.0	77.78	3	0.063	e97d7c0be3ee0a37c1485cdf56d3270da0a2f8326cb7be4c8a152b70b371ea3b	97.27	71.43	85.71	85.71	92.86	78.57	81.25	91.67	86.67	11	0.838	8e37626eb8544fbb42c38a8b37763f2e854153de36e21eef2f1de4506c92d6d2	90.91	64.29	82.14	82.14	100.0	64.29	73.68	100.0	84.85	7	0.523	5194416bb87ea0d5796078b98f531ad59675c3f1274b95bd002bec15cf10f1aa	80.0	42.86	71.43	71.43	100.0	42.86	63.64	100.0	77.78	3	0.066	e97d7c0be3ee0a37c1485cdf56d3270da0a2f8326cb7be4c8a152b70b371ea3b	99.64	80.0	90.0	90.0	92.86	87.14	88.06	92.4	90.34	12.73	61620.0	0.0	0.36	0.09	0.09	0.0	0.36	0.24	0.0	0.07	0.0	520.0	14.408	("b7f6de336212226aec5aefab8f0e0262e955dffdf7557c6f7254f8cf72939c6b", "17c85e950b748fd68e87bf61a1af95715015b710dff2937d34cc4363949f12a1", "a333f37a3c1c9c669d9b844bc5a91746ffdfa77bb85d0dfe9ad9aed3713db0c5", "fa411f3d619ca2baa5f1492214d5ec7171a4dc9ce8003b60ff948d50e9bd60a0", "fbfa23bd48403554943161c5e71574eb685726191af1aa9efc24dc5b257c0f00")	
6	fcmel	8000	false	stump_with_memoization	("c",2,true,"KDD-norm-partitioned-v1",["NG","Normalize","RemSilence"])	30	(50,30,20)	false	TestOp_80	IA	110	28	[60]	[(3,)]	97.27	78.57	89.29	89.29	92.86	85.71	86.67	92.31	89.66	13	1.112	7e190be227036fcede9694b46face10a68efdb71530281035a2af8f9339b2cec	87.27	71.43	85.71	85.71	100.0	71.43	77.78	100.0	87.5	5	0.498	ab143977777f6eb80c13982be479a6bbafea9a3ca82a37d3e3d7edd4c0ad15e8	87.27	71.43	85.71	85.71	100.0	71.43	77.78	100.0	87.5	5	0.559	ab143977777f6eb80c13982be479a6bbafea9a3ca82a37d3e3d7edd4c0ad15e8	96.36	78.57	89.29	89.29	92.86	85.71	86.67	92.31	89.66	13	1.038	9d702cda53efbf4b6d69eb1a95d2b2149e49d8f4279f8ca373653c5ca3341255	87.27	71.43	85.71	85.71	100.0	71.43	77.78	100.0	87.5	5	0.568	ab143977777f6eb80c13982be479a6bbafea9a3ca82a37d3e3d7edd4c0ad15e8	87.27	71.43	85.71	85.71	100.0	71.43	77.78	100.0	87.5	5	0.559	ab143977777f6eb80c13982be479a6bbafea9a3ca82a37d3e3d7edd4c0ad15e8	99.45	80.0	90.0	90.0	100.0	80.0	83.38	100.0	90.92	11.45	66420.0	0.0	0.1	0.03	0.03	0.0	0.1	0.05	0.0	0.02	0.0	15320.0	17.002	("78ac94e0235815ac0049825f7fe8ecee2da79b8aa2aa6f2771d2ab2b417a2704", "6113f8bb61c495b94cc40609a66c58e662194303af99162b5194522e73ede9a7", "48ea73c31312fbdf57b8f438e58f7405ad8a31035a2a09273d2ea2f0d98434f8", "22ccd8c5e50ea118ac2c59f239e44ffe432d1b32390e24e39d2626157fd7b20a", "9122590b8247e210015ed1fc8c4f658b2da5a6856967b08b365621c5103c6531")	
7	fcmel	8000	false	stump_with_memoization	("c",2,true,"KDD-norm-partitioned-v1",["NG","Normalize","RemSilence"])	30	(50,30,20)	false	TestOp_80	IA	110	28	[60]	[(3,)]	96.36	42.86	71.43	71.43	57.14	85.71	80.0	66.67	66.67	11	1.215	c546fc3f6e6698eef4da90a1d36000d3b374f899ef7a2d5fc0cf678cbb67ef3f	90.0	78.57	89.29	89.29	92.86	85.71	86.67	92.31	89.66	7	0.846	15140ea59f0cfaa5b4681e7da31fea3ac2358e32a98513cd75d9f0ff37fa3abe	85.45	78.57	89.29	89.29	92.86	85.71	86.67	92.31	89.66	5	0.547	6c9d6c59270a3b9ca1b0195e63fb9b47886824bad213256fd083f8e0e57df959	96.36	42.86	71.43	71.43	57.14	85.71	80.0	66.67	66.67	11	1.199	c546fc3f6e6698eef4da90a1d36000d3b374f899ef7a2d5fc0cf678cbb67ef3f	90.0	78.57	89.29	89.29	92.86	85.71	86.67	92.31	89.66	7	0.844	15140ea59f0cfaa5b4681e7da31fea3ac2358e32a98513cd75d9f0ff37fa3abe	85.45	78.57	89.29	89.29	92.86	85.71	86.67	92.31	89.66	5	0.547	6c9d6c59270a3b9ca1b0195e63fb9b47886824bad213256fd083f8e0e57df959	99.82	77.14	88.57	88.57	92.86	84.29	85.74	92.16	89.1	13.82	67340.0	0.0	0.36	0.09	0.09	0.0	0.36	0.23	0.0	0.07	0.01	3080.0	17.437	("7c1670e90378b1e03921ccd5462b0fe474722b948e786f9efdd2ddf025a775b4", "8ac7a69642cffb46ff807e08c23646cb78c301856987c0bdf53c9e7d4e839dfa", "7a950644138c33e29bb51eda4e42b750b29298c78acc972b8d736ae65af05682", "f46608c005d147445ca433d01f42ea03d788f08cf58f9496dff5cb0593bf9525", "7e2fdd21c8ad8202719d830146aad81188600f0f1069e52ef522919cfd4c1909")	
8	fcmel	8000	false	stump_with_memoization	("c",2,true,"KDD-norm-partitioned-v1",["NG","Normalize","RemSilence"])	30	(50,30,20)	false	TestOp_80	IA	110	28	[60]	[(3,)]	95.45	71.43	85.71	85.71	92.86	78.57	81.25	91.67	86.67	11	0.818	647f1600b2c61eb5aea48abf1f82c117fa5579ac946447ba18f303762f9ac5cd	91.82	50.0	75.0	75.0	71.43	78.57	76.92	73.33	74.07	7	0.717	5949a56ca18d5f358a1bf15dc501d4bd76e57ad778f6901f0b45902a0ee7df0f	91.82	50.0	75.0	75.0	71.43	78.57	76.92	73.33	74.07	7	0.616	5949a56ca18d5f358a1bf15dc501d4bd76e57ad778f6901f0b45902a0ee7df0f	93.64	71.43	85.71	85.71	92.86	78.57	81.25	91.67	86.67	9	0.773	30373dd8e8d11f35621595c59bcf380bf8f18f31e5e129a89d4b85dcd6f19f86	91.82	50.0	75.0	75.0	71.43	78.57	76.92	73.33	74.07	7	0.624	5949a56ca18d5f358a1bf15dc501d4bd76e57ad778f6901f0b45902a0ee7df0f	91.82	50.0	75.0	75.0	71.43	78.57	76.92	73.33	74.07	7	0.684	5949a56ca18d5f358a1bf15dc501d4bd76e57ad778f6901f0b45902a0ee7df0f	99.82	74.29	87.14	87.14	100.0	74.29	79.61	100.0	88.63	9.64	64380.0	0.0	0.15	0.04	0.04	0.0	0.15	0.06	0.0	0.02	0.01	60920.0	14.855	("dc0123cf7d0b08ff0a2b96c7985562812d26d680a2010a3b9ecbe44af8670acc", "0d9b0e45e9bbb7bc92cbd9b4a8d9e3d63a37cd9684b89ea44a552cd16f7792a5", "ba49531622456c942ba3fc727ee61f21189e4baee5d4e1e008d7bbc27979b3c0", "3aaee4f643dd86973e38cf57637dc2f1b261f5b4e9cb3ede5f369cf5fb34167b", "95325b49cadc1f5e9a5d13eb18bda64ce398929583bc9f9d09b154a0ae81ff10")	
9	fcmel	8000	false	stump_with_memoization	("c",2,true,"KDD-norm-partitioned-v1",["NG","Normalize","RemSilence"])	30	(50,30,20)	false	TestOp_80	IA	110	28	[60]	[(3,)]	99.09	92.86	96.43	96.43	100.0	92.86	93.33	100.0	96.55	13	0.989	99bd19686b20dab8917f8dea14ec78070b13ecb5716cf6110ceb9aecaa525fb8	90.0	92.86	96.43	96.43	100.0	92.86	93.33	100.0	96.55	7	0.671	b227ca46fbfdb4db26cdb1cee5652b62b78a1b4517e7a7e2f395b63e862939e2	85.45	85.71	92.86	92.86	92.86	92.86	92.86	92.86	92.86	5	0.568	e4b41f83cf0acf9fcbe04326c5a6167e24d952b21cf7412007110858583eb20c	97.27	92.86	96.43	96.43	92.86	100.0	100.0	93.33	96.3	13	0.955	70d113423ea47d508ee0374d3794384bc131216b5178054dfa64dfd91fd1ab9b	90.0	92.86	96.43	96.43	100.0	92.86	93.33	100.0	96.55	7	0.668	b227ca46fbfdb4db26cdb1cee5652b62b78a1b4517e7a7e2f395b63e862939e2	85.45	85.71	92.86	92.86	92.86	92.86	92.86	92.86	92.86	5	0.558	e4b41f83cf0acf9fcbe04326c5a6167e24d952b21cf7412007110858583eb20c	99.82	100.0	100.0	100.0	100.0	100.0	100.0	100.0	100.0	11.82	67580.0	0.0	0.0	0.0	0.0	0.0	0.0	0.0	0.0	0.0	0.0	17720.0	16.773	("b6decc466119c386db1765be3257cc2529cbd28c409fbe323ed26615542259db", "8d97838af781d522a9bf81fe15632bddbf84d81354d0d941073fc1bfc7dba18d", "32d2b7940752e9c29696b7185d88bb9bb6d498fec6d64610fa8f431d5b88ac99", "80872e4e48e98a70554311dc60f8895483ccf1bedda600897c5d697bfd3d16c9", "d2b30656a862b349090d1d83afacf964e4169699ac8aa0d601c8c6d66017ae5b")	
10	fcmel	8000	false	stump_with_memoization	("c",2,true,"KDD-norm-partitioned-v1",["NG","Normalize","RemSilence"])	30	(50,30,20)	false	TestOp_80	IA	110	28	[60]	[(3,)]	95.45	57.14	78.57	78.57	78.57	78.57	78.57	78.57	78.57	13	0.847	f286c7b8a23acbdae8ad30f5e8e876295c2f4bb2a75ffc32ee4af00b81a806d3	88.18	57.14	78.57	78.57	85.71	71.43	75.0	83.33	80.0	5	0.54	c8ac474f90e657bb178209417fbf3562b0f4303009970d1e379d14da4bf5f21c	88.18	57.14	78.57	78.57	85.71	71.43	75.0	83.33	80.0	5	0.469	c8ac474f90e657bb178209417fbf3562b0f4303009970d1e379d14da4bf5f21c	93.64	50.0	75.0	75.0	85.71	64.29	70.59	81.82	77.42	11	0.818	06d5b56bef340f95f09d510865a61892153512207e53ffdf8c888fc650106e2a	88.18	57.14	78.57	78.57	85.71	71.43	75.0	83.33	80.0	5	0.485	c8ac474f90e657bb178209417fbf3562b0f4303009970d1e379d14da4bf5f21c	88.18	57.14	78.57	78.57	85.71	71.43	75.0	83.33	80.0	5	0.522	c8ac474f90e657bb178209417fbf3562b0f4303009970d1e379d14da4bf5f21c	99.64	71.43	85.71	85.71	92.86	78.57	81.25	91.67	86.67	14.91	69980.0	0.0	1.02	0.26	0.26	0.26	0.26	0.2	0.35	0.22	0.03	29920.0	17.592	("a5ffcc8e488bb74480f2ef9142b36d8575b61a2ccf1b38bd8ed5bad51e9f2a6e", "238abe24f1a17cd7d3e63302971eba54fab256983147c2e78437a7f33bb9eb23", "7849de1778e1b255f557e459953da80785ad6b7007db0a1c419d53e2de0f107a", "3fddf90a944578f16c8f89001f7388edd2202ff53b9de5050adcb7f28340997c", "28b46baa4665621e750aaa0414277aff20f7c6b3388e207966cb6daf4cb339df")	
1	fcmel	8000	false	stump_with_memoization	("c",3,true,"KDD-norm-partitioned-v1",["NG","Normalize","RemSilence"])	30	(50,30,20)	false	TestOp_80	IA	110	28	[60]	[(3,)]	94.55	92.86	96.43	96.43	100.0	92.86	93.33	100.0	96.55	7	1.121	d3377114b972e5806a9e0631d02a5b9803c1e81d6cd6633b3dab4d9e22151969	94.55	92.86	96.43	96.43	100.0	92.86	93.33	100.0	96.55	7	0.824	d3377114b972e5806a9e0631d02a5b9803c1e81d6cd6633b3dab4d9e22151969	94.55	92.86	96.43	96.43	100.0	92.86	93.33	100.0	96.55	7	0.85	d3377114b972e5806a9e0631d02a5b9803c1e81d6cd6633b3dab4d9e22151969	94.55	92.86	96.43	96.43	100.0	92.86	93.33	100.0	96.55	7	0.779	d3377114b972e5806a9e0631d02a5b9803c1e81d6cd6633b3dab4d9e22151969	94.55	92.86	96.43	96.43	100.0	92.86	93.33	100.0	96.55	7	0.825	d3377114b972e5806a9e0631d02a5b9803c1e81d6cd6633b3dab4d9e22151969	94.55	92.86	96.43	96.43	100.0	92.86	93.33	100.0	96.55	7	0.817	d3377114b972e5806a9e0631d02a5b9803c1e81d6cd6633b3dab4d9e22151969	99.64	91.43	95.71	95.71	91.43	100.0	100.0	92.17	95.5	11.27	62460.0	0.0	0.1	0.03	0.03	0.1	0.0	0.0	0.07	0.03	0.06	17680.0	15.009	("0c1a1811a2c01d74f225641cb477376cae2bafbd64e8d73f3c6243d0a671187b", "19d5c29d8b393fc35a9b699e206bc1056444e39e95fb254bf09f349b91f3149b", "e9203cd2bf0e936e228a12626d0090bb1061dca0e446b8080ede498de4ecc43d", "321e9b896d69b77c4fdb44a14847aa4d319128c727e7d0059e594a500dcecc51", "79c6f1bb3e384ed04567ac26cd285c6bdaae920fa7ca2e14ee5529752943c4bd")	
2	fcmel	8000	false	stump_with_memoization	("c",3,true,"KDD-norm-partitioned-v1",["NG","Normalize","RemSilence"])	30	(50,30,20)	false	TestOp_80	IA	110	28	[60]	[(3,)]	99.09	85.71	92.86	92.86	92.86	92.86	92.86	92.86	92.86	9	1.027	be811ee1b1fc9f4acb48a7a417ec826858bde2bd1b979d73bee50d264c9a327f	93.64	78.57	89.29	89.29	85.71	92.86	92.31	86.67	88.89	7	0.712	b9c2852cd2b3bc267d44f7ce271a865602c41bf2e46860e4363a2ff49a5ed2f1	93.64	78.57	89.29	89.29	85.71	92.86	92.31	86.67	88.89	7	0.768	b9c2852cd2b3bc267d44f7ce271a865602c41bf2e46860e4363a2ff49a5ed2f1	99.09	85.71	92.86	92.86	92.86	92.86	92.86	92.86	92.86	9	0.897	be811ee1b1fc9f4acb48a7a417ec826858bde2bd1b979d73bee50d264c9a327f	93.64	78.57	89.29	89.29	85.71	92.86	92.31	86.67	88.89	7	0.726	b9c2852cd2b3bc267d44f7ce271a865602c41bf2e46860e4363a2ff49a5ed2f1	93.64	78.57	89.29	89.29	85.71	92.86	92.31	86.67	88.89	7	0.763	b9c2852cd2b3bc267d44f7ce271a865602c41bf2e46860e4363a2ff49a5ed2f1	100.0	77.14	88.57	88.57	85.71	91.43	90.99	86.48	88.25	8.73	60540.0	0.0	0.1	0.03	0.03	0.0	0.1	0.09	0.0	0.02	0.04	7680.0	14.414	("7f4f5f8d95f8e37c3c27f07b8c31da15c55aeecca284f7a579dc3844c5f49253", "062b922bd2d6fbd28002c558b45b7b185cca99b49fb545b56edbc1e351c3370d", "c0993832d6c85f1aac9ae8446285f749c5a91fc6fd941641a8f33527121e16cc", "d88a6ebf0bd09c65e48291985e82f28da63a163e7acb1b317fc4ea30681725cc", "5991985fdc7933a745ffc9b985c2443d2e1c9d5d2d2408cc5f0909a910aa49a1")	
3	fcmel	8000	false	stump_with_memoization	("c",3,true,"KDD-norm-partitioned-v1",["NG","Normalize","RemSilence"])	30	(50,30,20)	false	TestOp_80	IA	110	28	[60]	[(3,)]	99.09	64.29	82.14	82.14	85.71	78.57	80.0	84.62	82.76	9	0.966	fcecf18d886136c9a04266f7b163260e964a4d8aa936d4535a410838a5a0e1a4	94.55	57.14	78.57	78.57	78.57	78.57	78.57	78.57	78.57	7	0.848	d260629c9085230f2d7b1d5b65cbc29a4bd38888c8820de124be1170c93f2f8f	94.55	57.14	78.57	78.57	78.57	78.57	78.57	78.57	78.57	7	0.833	d260629c9085230f2d7b1d5b65cbc29a4bd38888c8820de124be1170c93f2f8f	99.09	64.29	82.14	82.14	85.71	78.57	80.0	84.62	82.76	9	0.976	fcecf18d886136c9a04266f7b163260e964a4d8aa936d4535a410838a5a0e1a4	94.55	57.14	78.57	78.57	78.57	78.57	78.57	78.57	78.57	7	0.816	d260629c9085230f2d7b1d5b65cbc29a4bd38888c8820de124be1170c93f2f8f	94.55	57.14	78.57	78.57	78.57	78.57	78.57	78.57	78.57	7	0.763	d260629c9085230f2d7b1d5b65cbc29a4bd38888c8820de124be1170c93f2f8f	99.64	77.14	88.57	88.57	91.43	85.71	86.48	90.99	88.87	8.0	61100.0	0.0	0.1	0.03	0.03	0.1	0.0	0.0	0.09	0.03	0.03	10000.0	14.672	("ff5ddb4c712ca574716d7e159bc526816420f27a8addb3ecd185aaef5ca3a658", "b43b102ed5c667e30764a11f195386e1a2dc8a631c9496c5ac59b740d5d27177", "c8942a4a26bfe831e5af44ab2a80d2fb370eca23dbc2a439f013538c91971719", "7bb04b875c20511f300d19693adf62549bcb5cecc0bd3aa91100be0d11ce5880", "b879527b0834ecbacc251af8231fe796eaf507c4df16b8054a57ddbeac901e5a")	
4	fcmel	8000	false	stump_with_memoization	("c",3,true,"KDD-norm-partitioned-v1",["NG","Normalize","RemSilence"])	30	(50,30,20)	false	TestOp_80	IA	110	28	[60]	[(3,)]	95.45	71.43	85.71	85.71	78.57	92.86	91.67	81.25	84.62	7	0.838	a4228c2d0455826e74b31dd175b301a578e764004db391f1b6a6fed32cc5a4ce	95.45	71.43	85.71	85.71	78.57	92.86	91.67	81.25	84.62	7	0.906	a4228c2d0455826e74b31dd175b301a578e764004db391f1b6a6fed32cc5a4ce	95.45	71.43	85.71	85.71	78.57	92.86	91.67	81.25	84.62	7	0.868	a4228c2d0455826e74b31dd175b301a578e764004db391f1b6a6fed32cc5a4ce	95.45	71.43	85.71	85.71	78.57	92.86	91.67	81.25	84.62	7	0.873	a4228c2d0455826e74b31dd175b301a578e764004db391f1b6a6fed32cc5a4ce	95.45	71.43	85.71	85.71	78.57	92.86	91.67	81.25	84.62	7	0.866	a4228c2d0455826e74b31dd175b301a578e764004db391f1b6a6fed32cc5a4ce	95.45	71.43	85.71	85.71	78.57	92.86	91.67	81.25	84.62	7	0.87	a4228c2d0455826e74b31dd175b301a578e764004db391f1b6a6fed32cc5a4ce	99.82	82.86	91.43	91.43	91.43	91.43	91.57	91.81	91.37	8.55	62460.0	0.0	0.15	0.04	0.04	0.36	0.1	0.05	0.31	0.05	0.04	3880.0	14.108	("d469ac73a9bc62a8ad7afb68376c44c814931207af49217fabd93c8ab40db9b9", "55028e5cb73aa4f46184960bd333db14ad1619cac4503100fe949fd3827748b3", "31ee1ea10257e2b1746a5d7581292d7016be025987b7071d4cb7de6cf0acbc18", "f61b461db3bfaf9326fffdf8ea221bcc80d23700438ab19e909c8d2f243d6e66", "79e8c757a57a261ac7634cc1466f8ca9debeea0ab6f29c076f41dd3af9a0a6ef")	
5	fcmel	8000	false	stump_with_memoization	("c",3,true,"KDD-norm-partitioned-v1",["NG","Normalize","RemSilence"])	30	(50,30,20)	false	TestOp_80	IA	110	28	[60]	[(3,)]	97.27	78.57	89.29	89.29	92.86	85.71	86.67	92.31	89.66	9	0.989	d6ba89cd02e1242662fceb328f89299f3aee7df618fbafbe748e02bd2d5d4fc7	92.73	78.57	89.29	89.29	92.86	85.71	86.67	92.31	89.66	7	0.864	520a6653b6b7c38565e2bad97e1f5a31dc11d8c312d117c28c7c2ecc98e90ba9	92.73	78.57	89.29	89.29	92.86	85.71	86.67	92.31	89.66	7	0.839	520a6653b6b7c38565e2bad97e1f5a31dc11d8c312d117c28c7c2ecc98e90ba9	97.27	78.57	89.29	89.29	92.86	85.71	86.67	92.31	89.66	9	1.026	d6ba89cd02e1242662fceb328f89299f3aee7df618fbafbe748e02bd2d5d4fc7	92.73	78.57	89.29	89.29	92.86	85.71	86.67	92.31	89.66	7	0.789	520a6653b6b7c38565e2bad97e1f5a31dc11d8c312d117c28c7c2ecc98e90ba9	92.73	78.57	89.29	89.29	92.86	85.71	86.67	92.31	89.66	7	0.852	520a6653b6b7c38565e2bad97e1f5a31dc11d8c312d117c28c7c2ecc98e90ba9	100.0	82.86	91.43	91.43	91.43	91.43	91.51	91.51	91.42	8.55	66300.0	0.0	0.15	0.04	0.04	0.1	0.1	0.07	0.07	0.04	0.02	40600.0	13.025	("b837fba3be9cf6adf1f025c7be0ddfe1368ad2ba83af8e0d5a3d44318d6d29d9", "cded0ff5e352932ea36416269a52ddce4648bfd61d864087c3e6985502eca16c", "3471876486a29ef07722db324642c0cb030e260d943c31ed6824af7bef110d4b", "533bac24c94fb6e1db5beb652e2f7366331374aa8ee2169be93efc80f7cc7fc3", "e77cebc51e152ea7594131ab3e2802c2dd62a1dfd56cb350657dd5843e9f1997")	
6	fcmel	8000	false	stump_with_memoization	("c",3,true,"KDD-norm-partitioned-v1",["NG","Normalize","RemSilence"])	30	(50,30,20)	false	TestOp_80	IA	110	28	[60]	[(3,)]	98.18	57.14	78.57	78.57	92.86	64.29	72.22	90.0	81.25	11	0.956	4a0db14ac87d24e00bc4e492535da01a1ff1f72cad850c75024931ae4a787fa2	93.64	64.29	82.14	82.14	85.71	78.57	80.0	84.62	82.76	7	0.734	e28b58530bca021cc0fbdb9a73c60cbe92129e011356abcb14f7b06a38352c40	93.64	64.29	82.14	82.14	85.71	78.57	80.0	84.62	82.76	7	0.806	e28b58530bca021cc0fbdb9a73c60cbe92129e011356abcb14f7b06a38352c40	98.18	57.14	78.57	78.57	92.86	64.29	72.22	90.0	81.25	9	0.974	b54aebbd6b84003974904b9e2ba68f4fef366e9593882ec82b946e020daa2dfe	93.64	64.29	82.14	82.14	85.71	78.57	80.0	84.62	82.76	7	0.747	e28b58530bca021cc0fbdb9a73c60cbe92129e011356abcb14f7b06a38352c40	93.64	64.29	82.14	82.14	85.71	78.57	80.0	84.62	82.76	7	0.811	e28b58530bca021cc0fbdb9a73c60cbe92129e011356abcb14f7b06a38352c40	99.82	78.57	89.29	89.29	100.0	78.57	82.35	100.0	90.32	10.18	63820.0	0.0	0.0	0.0	0.0	0.0	0.0	0.0	0.0	0.0	0.03	26720.0	13.27	("1984254c5b2b5e8c5ed34043331bfb1075453704baf554b4eb3ab51d943de585", "5f25a9054924a0207c916db53b5ba0a0c41e5fb88fba047ec383dd67293033b4", "52f3f13284ef106a376e129d69a1f98794aec3d6668615e354fa6d8c23f24699", "d69b6f36d04d52f282b0ee45d4eb9a6b3b1c347011ce9efab88c224aa311a7a5", "c24875f46fe7bbc630d64b5d1a4c91bcbaba6b20d8536e4ccf134d86207df333")	
7	fcmel	8000	false	stump_with_memoization	("c",3,true,"KDD-norm-partitioned-v1",["NG","Normalize","RemSilence"])	30	(50,30,20)	false	TestOp_80	IA	110	28	[60]	[(3,)]	96.36	78.57	89.29	89.29	85.71	92.86	92.31	86.67	88.89	11	1.012	47eb90811808eccd880100430be774d68d613577ac7d9b132a85d4437b25edc4	92.73	78.57	89.29	89.29	78.57	100.0	100.0	82.35	88.0	7	0.753	ea7ed863f38b259b6d44a783297e44ebf6d0f16352f637daeafeaf904f52fd85	92.73	78.57	89.29	89.29	78.57	100.0	100.0	82.35	88.0	7	0.818	ea7ed863f38b259b6d44a783297e44ebf6d0f16352f637daeafeaf904f52fd85	96.36	78.57	89.29	89.29	85.71	92.86	92.31	86.67	88.89	9	0.953	20264073a267c0700562f5c14b57760a7f017193807e6665016f9ad2f16684e0	92.73	78.57	89.29	89.29	78.57	100.0	100.0	82.35	88.0	7	0.836	ea7ed863f38b259b6d44a783297e44ebf6d0f16352f637daeafeaf904f52fd85	92.73	78.57	89.29	89.29	78.57	100.0	100.0	82.35	88.0	7	0.753	ea7ed863f38b259b6d44a783297e44ebf6d0f16352f637daeafeaf904f52fd85	99.64	85.71	92.86	92.86	85.71	100.0	100.0	87.64	92.24	12.18	66180.0	0.0	0.26	0.06	0.06	0.26	0.0	0.0	0.15	0.09	0.09	42720.0	15.464	("08a0e3da962b74400a85c0b701471145130905cf33970b12415d111071d062e1", "9e855a6e8eb6d86e877bb288455b153edaceed76feb4624a8a692e2618f3d3f7", "db278dee5a1c93aba6e21088a6293f18b8872ec9a292ae797a7af5b6bf0c5b19", "67ca055d42ccc5d0cf3f15995143cc2198db13d6688186cdd16fa9357095d526", "b40d3888a570d123901cbc843f2856a140b4124822f5d8bb068c057845d91e27")	
8	fcmel	8000	false	stump_with_memoization	("c",3,true,"KDD-norm-partitioned-v1",["NG","Normalize","RemSilence"])	30	(50,30,20)	false	TestOp_80	IA	110	28	[60]	[(3,)]	100.0	92.86	96.43	96.43	92.86	100.0	100.0	93.33	96.3	9	1.112	23eff6f2b94339ba38a46b0be07f98537f7e373cdfeefb79e8ef01835f1ed21c	94.55	85.71	92.86	92.86	85.71	100.0	100.0	87.5	92.31	7	0.834	e38cd01cca1abc9f1db977188cf3907b2cf6e5e87653e3aaa5c0f8e22d20eb92	94.55	85.71	92.86	92.86	85.71	100.0	100.0	87.5	92.31	7	0.877	e38cd01cca1abc9f1db977188cf3907b2cf6e5e87653e3aaa5c0f8e22d20eb92	100.0	92.86	96.43	96.43	92.86	100.0	100.0	93.33	96.3	9	1.059	23eff6f2b94339ba38a46b0be07f98537f7e373cdfeefb79e8ef01835f1ed21c	94.55	85.71	92.86	92.86	85.71	100.0	100.0	87.5	92.31	7	0.881	e38cd01cca1abc9f1db977188cf3907b2cf6e5e87653e3aaa5c0f8e22d20eb92	94.55	85.71	92.86	92.86	85.71	100.0	100.0	87.5	92.31	7	0.882	e38cd01cca1abc9f1db977188cf3907b2cf6e5e87653e3aaa5c0f8e22d20eb92	100.0	87.14	93.57	93.57	95.71	91.43	92.42	95.67	93.83	7.82	61420.0	0.0	0.87	0.22	0.22	0.15	0.87	0.66	0.16	0.18	0.01	20520.0	12.574	("44e0a2f24e960ac90c9075c8408b8ac559fe11881d1c06b9859fca442c06da2f", "50fafe7e78da1d14d7b08ae144f84fc5f627cd38ff5a60b87b6711118de162a4", "65dc9e7404263c8ee7f93c5a7ecdf56bbaf4b6c73e8184ad0e537a983ed32b71", "2394a1fbe87b962393aaedab81cf4c16ef67c58bba1f222f914e2bd0f40211f6", "d690077d03317e75ef58670c8f50fc8409e09fc270511b5c391d299d0ae3a7fd")	
9	fcmel	8000	false	stump_with_memoization	("c",3,true,"KDD-norm-partitioned-v1",["NG","Normalize","RemSilence"])	30	(50,30,20)	false	TestOp_80	IA	110	28	[60]	[(3,)]	93.64	78.57	89.29	89.29	78.57	100.0	100.0	82.35	88.0	7	0.753	f546f487ef98d1214c909593b564ca906b9a3e19480ecae7e1be8f5ae384ce45	93.64	78.57	89.29	89.29	78.57	100.0	100.0	82.35	88.0	7	0.851	f546f487ef98d1214c909593b564ca906b9a3e19480ecae7e1be8f5ae384ce45	93.64	78.57	89.29	89.29	78.57	100.0	100.0	82.35	88.0	7	0.807	f546f487ef98d1214c909593b564ca906b9a3e19480ecae7e1be8f5ae384ce45	93.64	78.57	89.29	89.29	78.57	100.0	100.0	82.35	88.0	7	0.773	f546f487ef98d1214c909593b564ca906b9a3e19480ecae7e1be8f5ae384ce45	93.64	78.57	89.29	89.29	78.57	100.0	100.0	82.35	88.0	7	0.823	f546f487ef98d1214c909593b564ca906b9a3e19480ecae7e1be8f5ae384ce45	93.64	78.57	89.29	89.29	78.57	100.0	100.0	82.35	88.0	7	0.811	f546f487ef98d1214c909593b564ca906b9a3e19480ecae7e1be8f5ae384ce45	100.0	92.86	96.43	96.43	92.86	100.0	100.0	93.5	96.24	12.91	67260.0	0.0	0.26	0.06	0.06	0.26	0.0	0.0	0.2	0.07	0.01	12280.0	14.255	("1f36658fdc04de77a8cac33a104795486c11d476749e1d3810bb69a26beb0a29", "0e3a3a7d17f07849029ab4e51e05da945486f5fbbf8fff0103581b05e39fbfcc", "30eac1a6c58431111db2d1a6e13ac77c8377bd36007ed7da6d28289bc02f86e9", "2f95a0c21fad56a954380636c2117118b29efc033a5c6dff4cc7538edcfde55b", "3cb4e5eeb0227dd8b870b713b863cabd4446bd24948d67611ce854b8e527fb80")	
10	fcmel	8000	false	stump_with_memoization	("c",3,true,"KDD-norm-partitioned-v1",["NG","Normalize","RemSilence"])	30	(50,30,20)	false	TestOp_80	IA	110	28	[60]	[(3,)]	97.27	78.57	89.29	89.29	78.57	100.0	100.0	82.35	88.0	9	0.979	43b3a97e896b3de43904e4bb0b93caa623be1231f9dea09e474218276513d4cd	91.82	71.43	85.71	85.71	71.43	100.0	100.0	77.78	83.33	7	0.902	8a33081db6dd17921b3c9e4f1172508bd015768ca38e6d8be8baea34e523e8ea	91.82	71.43	85.71	85.71	71.43	100.0	100.0	77.78	83.33	7	0.872	8a33081db6dd17921b3c9e4f1172508bd015768ca38e6d8be8baea34e523e8ea	97.27	78.57	89.29	89.29	78.57	100.0	100.0	82.35	88.0	9	1.054	43b3a97e896b3de43904e4bb0b93caa623be1231f9dea09e474218276513d4cd	91.82	71.43	85.71	85.71	71.43	100.0	100.0	77.78	83.33	7	0.885	8a33081db6dd17921b3c9e4f1172508bd015768ca38e6d8be8baea34e523e8ea	91.82	71.43	85.71	85.71	71.43	100.0	100.0	77.78	83.33	7	0.803	8a33081db6dd17921b3c9e4f1172508bd015768ca38e6d8be8baea34e523e8ea	100.0	97.14	98.57	98.57	97.14	100.0	100.0	97.33	98.52	11.27	68020.0	0.0	0.15	0.04	0.04	0.15	0.0	0.0	0.13	0.04	0.01	10520.0	17.058	("ade5c4b6a7465397f84812545aa0083c6e1a653b8ea8ff79085570332d76b601", "39ce21600ff4d77036c5073e9e3f0e42321618d4f330562645bce9ef3b67afa4", "f31ed5b800c83cbbe5ef51cf1100a133a813830010e60dae9272e0bfeaa8ec9a", "0045643bf02eb0d174bf6d1d34e795f85c1a63d192a68eeb63184bd908601e04", "47ad7882ba664e2d50fb3ec92b727fa850704378f1259f87527580a34ff1c13f")	
